,AAPL,AMZN,GOOGL,MSFT,NVDA
2022-01-03,177.93972778320312,170.4044952392578,143.802978515625,322.46234130859375,30.06113624572754
2022-01-04,175.68138122558594,167.52200317382812,143.2158203125,316.93310546875,29.231792449951172
2022-01-05,171.0082550048828,164.35699462890625,136.64561462402344,304.7666931152344,27.549142837524414
2022-01-06,168.15357971191406,163.25399780273438,136.6183624267578,302.35845947265625,28.12200164794922
2022-01-07,168.3197784423828,162.5540008544922,135.89381408691406,302.5126037597656,27.192852020263672
2022-01-10,168.3393096923828,161.48599243164062,137.5327911376953,302.734130859375,27.345548629760742
2022-01-11,171.16476440429688,165.36199951171875,138.590576171875,303.4180908203125,27.761716842651367
2022-01-12,171.6046600341797,165.20700073242188,140.27114868164062,306.58721923828125,27.943355560302734
2022-01-13,168.3393096923828,161.21400451660156,137.45098876953125,293.61175537109375,26.522192001342773
2022-01-14,169.1996612548828,162.13800048828125,138.33717346191406,298.8135681152344,26.888460159301758
2022-01-18,166.0027618408203,158.91749572753906,134.88319396972656,291.5406799316406,25.85152244567871
2022-01-19,162.5126190185547,156.2989959716797,134.00892639160156,292.1956481933594,25.017181396484375
2022-01-20,160.83106994628906,151.66749572753906,132.21473693847656,290.5292053222656,24.102005004882812
2022-01-21,158.77806091308594,142.64300537109375,129.28298950195312,285.1636657714844,23.32754898071289
2022-01-24,158.00567626953125,144.54400634765625,129.73175048828125,285.4911193847656,23.325550079345703
2022-01-25,156.2068634033203,139.98599243164062,125.89447784423828,277.9004211425781,22.279632568359375
2022-01-26,156.11888122558594,138.87249755859375,128.1736602783203,285.81866455078125,22.726747512817383
2022-01-27,155.65936279296875,139.6374969482422,127.947509765625,288.83380126953125,21.900388717651367
2022-01-28,166.52093505859375,143.97799682617188,132.2578887939453,296.94476318359375,22.794607162475586
2022-01-31,170.8714141845703,149.57350158691406,134.1943817138672,299.5649108886719,24.43733787536621
2022-02-01,170.7052001953125,151.19349670410156,136.5157012939453,297.42645263671875,24.589035034179688
2022-02-02,171.90769958496094,150.6125030517578,146.78680419921875,301.9538879394531,25.191837310791016
2022-02-03,169.0334014892578,138.8455047607422,141.9170379638672,290.1920471191406,23.900402069091797
2022-02-04,168.7495880126953,157.63949584960938,142.11839294433594,294.70989990234375,24.270668029785156
2022-02-07,168.0349884033203,157.9355010986328,138.05995178222656,289.90301513671875,24.67885398864746
2022-02-08,171.13807678222656,161.4134979248047,138.2563018798828,293.38055419921875,25.058101654052734
2022-02-09,172.5574188232422,161.1894989013672,140.43133544921875,299.7864990234375,26.651927947998047
2022-02-10,168.48526000976562,159.0034942626953,137.48370361328125,291.28057861328125,25.772676467895508
2022-02-11,165.0787811279297,153.2935028076172,133.18174743652344,284.2100524902344,23.90140151977539
2022-02-14,165.313720703125,155.16700744628906,134.41506958007812,284.1714172363281,24.21877098083496
2022-02-15,169.14108276367188,156.510498046875,135.48870849609375,289.4407043457031,26.442344665527344
2022-02-16,168.9062042236328,158.10049438476562,136.6089324951172,289.1028137207031,26.458311080932617
2022-02-17,165.313720703125,154.65249633789062,131.45252990722656,280.63720703125,24.458295822143555
2022-02-18,163.76707458496094,152.60150146484375,129.3340606689453,277.9344482421875,23.595014572143555
2022-02-22,160.84999084472656,150.19749450683594,128.7493896484375,277.7318115234375,23.343515396118164
2022-02-23,156.6897430419922,144.82699584960938,126.54212188720703,270.5404968261719,22.342510223388672
2022-02-24,159.30335998535156,151.35800170898438,131.60330200195312,284.36328125,23.7008056640625
2022-02-25,161.36880493164062,153.7884979248047,133.3572998046875,286.98883056640625,24.10898780822754
2022-02-28,161.63311767578125,153.56300354003906,133.9499053955078,288.41741943359375,24.336536407470703
2022-03-01,159.75367736816406,151.14199829101562,132.96255493164062,284.7107849121094,23.430339813232422
2022-03-02,163.04269409179688,152.05250549316406,133.46839904785156,289.7689208984375,24.175983428955078
2022-03-03,162.71966552734375,147.89849853515625,132.80191040039062,285.64715576171875,23.6709041595459
2022-03-04,159.72425842285156,145.64100646972656,130.82522583007812,279.7974853515625,22.894319534301758
2022-03-07,155.9359893798828,137.4530029296875,125.3425521850586,269.2276306152344,21.313196182250977
2022-03-08,154.1153106689453,136.01449584960938,126.06259155273438,266.27386474609375,21.47490119934082
2022-03-09,159.50894165039062,139.2790069580078,132.32632446289062,278.4846496582031,22.972177505493164
2022-03-10,155.17245483398438,146.8175048828125,131.34393310546875,275.67572021484375,22.616823196411133
2022-03-11,151.46250915527344,145.52450561523438,128.805908203125,270.3473205566406,22.05983543395996
2022-03-14,147.4392547607422,141.85299682617188,124.91854095458984,266.84332275390625,21.291234970092773
2022-03-15,151.81488037109375,147.3665008544922,128.13893127441406,277.18157958984375,22.93125343322754
2022-03-16,156.2198944091797,153.10400390625,132.18797302246094,284.17022705078125,24.45148468017578
2022-03-17,157.22813415527344,157.23899841308594,132.74188232421875,284.971435546875,24.72099494934082
2022-03-18,160.51715087890625,161.25050354003906,135.00965881347656,290.0006103515625,26.404924392700195
2022-03-21,161.8876495361328,161.4915008544922,134.98587036132812,288.7746276855469,26.6854190826416
2022-03-22,165.25498962402344,164.88900756835938,138.7214813232422,293.50457763671875,26.475793838500977
2022-03-23,166.61561584472656,163.4080047607422,137.1420135498047,289.0932312011719,25.58741569519043
2022-03-24,170.3940887451172,163.64950561523438,140.41152954101562,293.5431213378906,28.098844528198242
2022-03-25,171.03038024902344,164.77349853515625,140.51168823242188,293.1376953125,27.641674041748047
2022-03-28,171.89181518554688,168.99049377441406,140.2959747314453,299.91400146484375,28.16771697998047
2022-03-29,175.18084716796875,169.31500244140625,141.33734130859375,304.4605712890625,28.603925704956055
2022-03-30,174.01596069335938,166.30099487304688,140.77500915527344,302.96429443359375,27.639678955078125
2022-03-31,170.92269897460938,162.99749755859375,137.9275360107422,297.6070556640625,27.236413955688477
2022-04-01,170.62905883789062,163.55999755859375,139.0016632080078,298.678466796875,26.663455963134766
2022-04-04,174.67184448242188,168.34649658203125,141.79949951171875,304.0357360839844,27.31028175354004
2022-04-05,171.36317443847656,164.05499267578125,139.4385528564453,300.0877685546875,25.883872985839844
2022-04-06,168.201416015625,158.75599670410156,135.42868041992188,289.1028137207031,24.362646102905273
2022-04-07,168.5048370361328,157.7845001220703,134.77459716796875,290.90789794921875,24.16400909423828
2022-04-08,166.49818420410156,154.4604949951172,132.19491577148438,286.6606140136719,23.076982498168945
2022-04-11,162.2498016357422,151.1219940185547,127.76751708984375,275.357177734375,21.877172470092773
2022-04-12,164.11947631835938,150.78750610351562,126.66758728027344,272.268310546875,21.464920043945312
2022-04-13,166.8015594482422,155.54100036621094,128.8292236328125,277.63531494140625,22.16265106201172
2022-04-14,161.79949951171875,151.7064971923828,125.691162109375,270.1156311035156,21.219369888305664
2022-04-18,161.58416748046875,152.78500366210938,126.62991333007812,270.78173828125,21.743412017822266
2022-04-19,163.86495971679688,158.11549377441406,128.9432830810547,275.39581298828125,22.157655715942383
2022-04-20,163.69851684570312,153.9980010986328,126.99042510986328,276.4189758300781,21.442962646484375
2022-04-21,162.9056396484375,148.29600524902344,123.79137420654297,271.0616760253906,20.14632225036621
2022-04-22,158.37342834472656,144.35000610351562,118.6548080444336,264.5170593261719,19.479536056518555
2022-04-25,159.44039916992188,146.07400512695312,122.06513214111328,270.97479248046875,19.865829467773438
2022-04-26,153.48880004882812,139.39100646972656,117.67739868164062,260.8392639160156,18.753856658935547
2022-04-27,153.26368713378906,138.16700744628906,113.35760498046875,273.3880310058594,18.381534576416016
2022-04-28,160.1843719482422,144.59649658203125,117.55094146728516,279.57550048828125,19.746047973632812
2022-04-29,154.32083129882812,124.28150177001953,113.17411804199219,267.8858642578125,18.513294219970703
2022-05-02,154.6243438720703,124.5,115.62733459472656,274.5946044921875,19.49750518798828
2022-05-03,156.11216735839844,124.25350189208984,116.37218475341797,271.9979248046875,19.566377639770508
2022-05-04,162.51409912109375,125.92849731445312,121.25880432128906,279.91339111328125,20.297048568725586
2022-05-05,153.45944213867188,116.40699768066406,115.55047607421875,267.7218017578125,18.809755325317383
2022-05-06,154.1848907470703,114.77249908447266,114.79769897460938,265.1927185058594,18.64105987548828
2022-05-09,149.0675811767578,108.78900146484375,111.58871459960938,255.39508056640625,16.919200897216797
2022-05-10,151.4693603515625,108.85900115966797,113.457275390625,260.1442565917969,17.56302261352539
2022-05-11,143.61697387695312,105.37200164794922,112.67127990722656,251.50498962402344,16.599775314331055
2022-05-12,139.75457763671875,106.93049621582031,111.91899108886719,246.48550415039062,16.145605087280273
2022-05-13,144.2150115966797,113.05500030517578,115.09920501708984,252.05516052246094,17.67382049560547
2022-05-16,142.67587280273438,110.81050109863281,113.5068588256836,252.42196655273438,17.23262596130371
2022-05-17,146.30308532714844,115.36849975585938,115.51824188232422,257.55731201171875,18.14396858215332
2022-05-18,138.04881286621094,107.11250305175781,110.98222351074219,245.830810546875,16.907217025756836
2022-05-19,134.6470947265625,107.31900024414062,109.4791488647461,244.92135620117188,17.09288215637207
2022-05-20,134.88235473632812,107.59100341796875,108.0152587890625,244.36016845703125,16.663660049438477
2022-05-23,140.2937469482422,107.55699920654297,110.57411193847656,252.18753051757812,16.867290496826172
2022-05-24,137.59786987304688,104.0999984741211,105.10135650634766,251.19093322753906,16.124637603759766
2022-05-25,137.75473022460938,106.7750015258789,104.93769073486328,253.99684143066406,16.944150924682617
2022-05-26,140.95053100585938,111.07749938964844,106.90889739990234,257.26708984375,17.818559646606445
2022-05-27,146.69522094726562,115.14649963378906,111.39581298828125,264.36871337890625,18.776817321777344
2022-05-31,145.9109649658203,120.20950317382812,112.8294677734375,263.043212890625,18.63806915283203
2022-06-01,145.7835235595703,121.68399810791016,112.95838928222656,263.5754089355469,18.286706924438477
2022-06-02,148.2343292236328,125.51100158691406,116.6583251953125,265.6652526855469,19.556392669677734
2022-06-03,142.51907348632812,122.3499984741211,113.60208129882812,261.2532653808594,18.685977935791016
2022-06-06,143.26409912109375,124.79000091552734,115.86289978027344,260.0245666503906,18.751859664916992
2022-06-07,145.7835235595703,123.0,116.18920135498047,263.65277099609375,18.891605377197266
2022-06-08,145.04830932617188,121.18000030517578,116.23333740234375,261.63067626953125,18.618043899536133
2022-06-09,139.8330078125,116.1500015258789,113.89417266845703,256.1930847167969,18.019006729125977
2022-06-10,134.431396484375,109.6500015258789,110.25028228759766,244.77621459960938,16.946731567382812
2022-06-13,129.2847137451172,103.66999816894531,105.52037048339844,234.39456176757812,15.621864318847656
2022-06-14,130.14743041992188,102.30999755859375,105.84072875976562,236.55213928222656,15.810563087463379
2022-06-15,132.76486206054688,107.66999816894531,108.86473083496094,243.58616638183594,16.500452041625977
2022-06-16,127.50053405761719,103.66000366210938,105.16432189941406,237.01658630371094,15.57593822479248
2022-06-17,128.97105407714844,106.22000122070312,106.26522827148438,239.60958862304688,15.854490280151367
2022-06-21,133.19619750976562,108.68000030517578,110.62964630126953,245.5018768310547,16.53938865661621
2022-06-22,132.68643188476562,108.94999694824219,110.57361602783203,244.91168212890625,16.333724975585938
2022-06-23,135.5489959716797,112.44000244140625,111.3219223022461,250.45562744140625,16.198942184448242
2022-06-24,138.8722686767578,116.45999908447266,117.00792694091797,259.0086669921875,17.098487854003906
2022-06-27,138.8722686767578,113.22000122070312,114.88398742675781,256.2898254394531,16.84190559387207
2022-06-28,134.7353057861328,107.4000015258789,111.08934783935547,248.15289306640625,15.956329345703125
2022-06-29,136.49009704589844,108.91999816894531,110.78585052490234,251.81021118164062,15.517035484313965
2022-06-30,134.0294952392578,106.20999908447266,108.0698013305664,248.4915313720703,15.134648323059082
2022-07-01,136.1959991455078,109.55999755859375,107.84615325927734,251.15225219726562,14.499671936035156
2022-07-05,138.7742156982422,113.5,112.3345718383789,254.31614685058594,14.939964294433594
2022-07-06,140.1074981689453,114.33000183105469,113.6328353881836,257.5669860839844,15.105696678161621
2022-07-07,143.46998596191406,116.33000183105469,117.80929565429688,259.68585205078125,15.832527160644531
2022-07-08,144.14637756347656,115.54000091552734,118.37512969970703,258.969970703125,15.812560081481934
2022-07-11,142.01910400390625,111.75,114.728271484375,255.9222412109375,15.127662658691406
2022-07-12,142.98960876464844,109.22000122070312,113.0858383178711,245.4341278076172,15.05777359008789
2022-07-13,142.62692260742188,110.4000015258789,110.4406967163086,244.51495361328125,15.139640808105469
2022-07-14,145.54824829101562,110.62999725341797,109.4627914428711,245.830810546875,15.347305297851562
2022-07-15,147.2147979736328,113.55000305175781,110.86122131347656,248.3851318359375,15.736681938171387
2022-07-18,144.1758270263672,113.76000213623047,108.13624572753906,245.99530029296875,16.075136184692383
2022-07-19,148.0284423828125,118.20999908447266,112.8770751953125,251.10386657714844,16.964704513549805
2022-07-20,150.0282745361328,122.7699966430664,112.96633911132812,253.75489807128906,17.778396606445312
2022-07-21,152.2928466796875,124.62999725341797,113.40271759033203,256.24151611328125,18.021005630493164
2022-07-22,151.0576629638672,122.41999816894531,107.01551818847656,251.90695190429688,17.291183471679688
2022-07-25,149.94009399414062,121.13999938964844,106.62872314453125,250.42660522460938,16.996658325195312
2022-07-26,148.61666870117188,114.80999755859375,104.15911865234375,243.72158813476562,16.506444931030273
2022-07-27,153.70449829101562,120.97000122070312,112.13321685791016,260.01483154296875,17.76142692565918
2022-07-28,154.25347900390625,122.27999877929688,113.28370666503906,267.435791015625,17.955108642578125
2022-07-29,159.31198120117188,134.9499969482422,115.36650848388672,271.62518310546875,18.13382339477539
2022-08-01,158.33164978027344,135.38999938964844,113.91846466064453,268.98394775390625,18.411378860473633
2022-08-02,156.8611297607422,134.16000366210938,114.1862564086914,265.8974304199219,18.49624252319336
2022-08-03,162.86073303222656,139.52000427246094,117.11206817626953,273.2991027832031,18.862653732299805
2022-08-04,162.5469970703125,142.57000732421875,117.22117614746094,274.4407653808594,19.18413734436035
2022-08-05,162.3212432861328,140.8000030517578,116.50707244873047,273.724853515625,18.958499908447266
2022-08-08,161.84999084472656,139.41000366210938,116.33847045898438,271.2189025878906,17.764421463012695
2022-08-09,161.8991241455078,137.8300018310547,115.6739501953125,273.13458251953125,17.058555603027344
2022-08-10,166.13995361328125,142.69000244140625,118.71879577636719,279.7718811035156,18.067934036254883
2022-08-11,165.40370178222656,140.63999938964844,117.86585235595703,277.7013854980469,17.913179397583008
2022-08-12,168.9475860595703,143.5500030517578,120.68255615234375,282.4326171875,18.678945541381836
2022-08-15,170.0176239013672,143.17999267578125,121.07928466796875,283.9419860839844,19.001426696777344
2022-08-16,169.8605194091797,144.77999877929688,120.702392578125,283.2066345214844,18.848674774169922
2022-08-17,171.35267639160156,142.10000610351562,118.57001495361328,282.4600524902344,18.3055477142334
2022-08-18,170.96002197265625,142.3000030517578,119.1849365234375,281.34503173828125,18.74284553527832
2022-08-19,168.37818908691406,138.22999572753906,116.24919891357422,277.447265625,17.820329666137695
2022-08-22,164.50054931640625,133.22000122070312,113.30354309082031,269.30279541015625,17.006637573242188
2022-08-23,164.16677856445312,133.6199951171875,112.9266586303711,268.0325927734375,17.153404235839844
2022-08-24,164.46128845214844,133.8000030517578,112.758056640625,267.4023742675781,17.194337844848633
2022-08-25,166.91549682617188,137.27999877929688,115.69379425048828,270.36932373046875,17.88422393798828
2022-08-26,160.62289428710938,130.75,109.43550109863281,259.9365539550781,16.23387908935547
2022-08-29,158.42393493652344,129.7899932861328,108.52306365966797,257.1634826660156,15.775618553161621
2022-08-30,155.99920654296875,128.72999572753906,108.04700469970703,254.97227478027344,15.443151473999023
2022-08-31,154.3401336669922,126.7699966430664,107.33289337158203,253.5178680419922,15.069754600524902
2022-09-01,155.06661987304688,127.81999969482422,108.84042358398438,252.48040771484375,13.9146146774292
2022-09-02,152.9559783935547,127.51000213623047,106.96592712402344,248.2723846435547,13.625079154968262
2022-09-06,151.6994171142578,126.11000061035156,105.93445587158203,245.54788208007812,13.443371772766113
2022-09-07,153.1032257080078,129.47999572753906,108.55280303955078,250.24066162109375,13.696038246154785
2022-09-08,151.63070678710938,129.82000732421875,107.4915771484375,250.65756225585938,13.971678733825684
2022-09-09,154.48739624023438,133.27000427246094,109.74298095703125,256.4169616699219,14.368157386779785
2022-09-12,160.4363555908203,136.4499969482422,109.95125579833984,258.5404052734375,14.486004829406738
2022-09-13,151.02207946777344,126.81999969482422,103.4648666381836,244.326171875,13.113801956176758
2022-09-14,152.46511840820312,128.5500030517578,104.13929748535156,244.54920959472656,13.110809326171875
2022-09-15,149.5789794921875,126.27999877929688,102.0664291381836,237.917236328125,12.912067413330078
2022-09-16,147.9395751953125,123.52999877929688,101.95732879638672,237.29666137695312,13.180716514587402
2022-09-19,151.65032958984375,124.66000366210938,102.2251205444336,237.08338928222656,13.364472389221191
2022-09-20,154.02598571777344,122.19000244140625,100.3109359741211,235.0763397216797,13.158743858337402
2022-09-21,150.9042510986328,118.54000091552734,98.46617889404297,231.68280029296875,13.243631362915039
2022-09-22,149.9422149658203,117.30999755859375,99.31912994384766,233.65101623535156,12.544549942016602
2022-09-23,147.6744842529297,113.77999877929688,97.93060302734375,230.68411254882812,12.499608993530273
2022-09-26,148.00828552246094,115.1500015258789,97.36527252197266,230.22837829589844,12.211986541748047
2022-09-27,148.9801483154297,114.41000366210938,96.70077514648438,229.22003173828125,12.396744728088379
2022-09-28,147.09535217285156,118.01000213623047,99.22987365722656,233.73831176757812,12.719319343566895
2022-09-29,139.87014770507812,114.80000305175781,96.62142944335938,230.27688598632812,12.203995704650879
2022-09-30,135.6685333251953,113.0,94.86593627929688,225.8167724609375,12.123104095458984
2022-10-03,139.84068298339844,115.87999725341797,97.83142852783203,233.4183349609375,12.495614051818848
2022-10-04,143.423828125,121.08999633789062,100.80683135986328,241.31076049804688,13.149755477905273
2022-10-05,143.71832275390625,120.94999694824219,100.59855651855469,241.6210479736328,13.191699981689453
2022-10-06,142.76611328125,120.30000305175781,100.58863067626953,239.28433227539062,13.11280632019043
2022-10-07,137.52391052246094,114.55999755859375,97.87110137939453,227.11605834960938,12.060185432434082
2022-10-10,137.84786987304688,113.66999816894531,97.05781555175781,222.27781677246094,11.654717445373535
2022-10-11,136.43426513671875,112.20999908447266,96.38339233398438,218.55458068847656,11.570826530456543
2022-10-12,135.8059539794922,112.9000015258789,96.76028442382812,218.8842315673828,11.484938621520996
2022-10-13,140.37081909179688,112.52999877929688,98.24798583984375,227.11605834960938,11.9443359375
2022-10-14,135.84523010253906,106.9000015258789,95.76847076416016,221.60879516601562,11.212297439575195
2022-10-17,139.8014373779297,113.79000091552734,99.15052795410156,230.30596923828125,11.872428894042969
2022-10-18,141.1168975830078,116.36000061035156,99.94395446777344,231.24649047851562,11.951326370239258
2022-10-19,141.22486877441406,115.06999969482422,98.81330871582031,229.28787231445312,12.035218238830566
2022-10-20,140.76345825195312,115.25,99.15052795410156,228.96791076660156,12.178031921386719
2022-10-21,144.57240295410156,119.31999969482422,100.30101776123047,234.75636291503906,12.449674606323242
2022-10-24,146.7124786376953,119.81999969482422,101.67961120605469,239.73037719726562,12.582501411437988
2022-10-25,149.54949951171875,120.5999984741211,103.62355041503906,243.03665161132812,13.243631362915039
2022-10-26,146.6143035888672,115.66000366210938,94.15182495117188,224.2848358154297,12.879110336303711
2022-10-27,142.1476287841797,110.95999908447266,91.46405792236328,219.8538055419922,13.158743858337402
2022-10-28,152.88726806640625,103.41000366210938,95.50068664550781,228.69642639160156,13.81588363647461
2022-10-31,150.53123474121094,102.44000244140625,93.73527526855469,225.07020568847656,13.479324340820312
2022-11-01,147.89047241210938,96.79000091552734,89.72840118408203,221.23065185546875,13.525266647338867
2022-11-02,142.37342834472656,92.12000274658203,86.25709533691406,213.4060516357422,13.201687812805176
2022-11-03,136.33609008789062,89.30000305175781,82.74610900878906,207.73397827148438,13.403422355651855
2022-11-04,136.0706024169922,90.9800033569336,85.87027740478516,214.65684509277344,14.137459754943848
2022-11-07,136.60159301757812,90.52999877929688,87.7646255493164,220.93978881835938,14.282270431518555
2022-11-08,137.17189025878906,89.9800033569336,88.17127990722656,221.90933227539062,14.582878112792969
2022-11-09,132.61917114257812,86.13999938964844,86.60420989990234,217.68191528320312,13.75795841217041
2022-11-10,144.4188995361328,96.62999725341797,93.16996002197266,235.5902099609375,15.72937297821045
2022-11-11,147.20169067382812,100.79000091552734,95.61971282958984,239.5946044921875,16.30561637878418
2022-11-14,145.80535888671875,98.48999786376953,94.9155044555664,234.2036895751953,16.273662567138672
2022-11-15,147.5360107421875,98.94000244140625,97.6330795288086,234.6109161376953,16.64417839050293
2022-11-16,146.30685424804688,97.12000274658203,98.0396957397461,235.03871154785156,15.889165878295898
2022-11-17,148.2046356201172,94.8499984741211,97.55372619628906,234.9901123046875,15.656468391418457
2022-11-18,148.76515197753906,94.13999938964844,96.63134002685547,234.54287719726562,15.38882064819336
2022-11-21,145.5398712158203,92.45999908447266,94.81634521484375,235.34991455078125,15.296940803527832
2022-11-22,147.6736602783203,93.19999694824219,96.25445556640625,238.24742126464844,16.016992568969727
2022-11-23,148.54881286621094,94.12999725341797,97.65290069580078,240.72682189941406,16.497365951538086
2022-11-25,145.63821411132812,93.41000366210938,96.66110229492188,240.6393280029297,16.248693466186523
2022-11-28,141.81312561035156,93.94999694824219,95.26264953613281,235.06790161132812,15.806272506713867
2022-11-29,138.8140106201172,92.41999816894531,94.40970611572266,233.677490234375,15.618517875671387
2022-11-30,145.5595245361328,96.54000091552734,100.16215515136719,248.07752990722656,16.905155181884766
2022-12-01,145.8349151611328,95.5,100.16215515136719,247.6400146484375,17.116939544677734
2022-12-02,145.34320068359375,94.12999725341797,99.61666107177734,247.96087646484375,16.858213424682617
2022-12-05,144.18287658691406,91.01000213623047,98.66454315185547,243.27430725097656,16.592491149902344
2022-12-06,140.52499389648438,88.25,96.1850357055664,238.3348846435547,15.970148086547852
2022-12-07,138.58786010742188,88.45999908447266,94.16175842285156,237.6056671142578,16.103008270263672
2022-12-08,140.26931762695312,90.3499984741211,92.94183349609375,240.5518035888672,17.150901794433594
2022-12-09,139.7875213623047,89.08999633789062,92.06905364990234,238.6265869140625,16.983078002929688
2022-12-12,142.07862854003906,90.55000305175781,92.54511260986328,245.5203399658203,17.516515731811523
2022-12-13,143.04229736328125,92.48999786376953,94.8460922241211,249.80828857421875,18.05295181274414
2022-12-14,140.8199920654297,91.58000183105469,94.29067993164062,250.09999084472656,17.655370712280273
2022-12-15,134.22193908691406,88.44999694824219,90.11520385742188,242.11721801757812,16.934125900268555
2022-12-16,132.26515197753906,87.86000061035156,89.52012634277344,237.9168243408203,16.553531646728516
2022-12-19,130.160888671875,84.91999816894531,87.71502685546875,233.794189453125,16.236865997314453
2022-12-20,130.092041015625,85.19000244140625,88.29029083251953,235.1068115234375,16.068044662475586
2022-12-21,133.18946838378906,86.7699966430664,88.84569549560547,237.66400146484375,16.483606338500977
2022-12-22,130.02320861816406,83.79000091552734,87.04061126708984,231.59674072265625,15.322832107543945
2022-12-23,129.65939331054688,85.25,88.49856567382812,232.1217803955078,15.189970970153809
2022-12-27,127.85993194580078,83.04000091552734,86.67363739013672,230.40077209472656,14.106115341186523
2022-12-28,123.9365234375,81.81999969482422,85.31486511230469,228.0380401611328,14.02120304107666
2022-12-29,127.44693756103516,84.18000030517578,87.7249526977539,234.3386688232422,14.587606430053711
2022-12-30,127.76161193847656,84.0,87.50675964355469,233.18165588378906,14.59859561920166
2023-01-03,122.98270416259766,85.81999969482422,88.38945770263672,232.94827270507812,14.299909591674805
2023-01-04,124.25119018554688,85.13999938964844,87.35798645019531,222.75836181640625,14.733453750610352
2023-01-05,122.93355560302734,83.12000274658203,85.49337768554688,216.1562957763672,14.249961853027344
2023-01-06,127.456787109375,86.08000183105469,86.6240463256836,218.70376586914062,14.843337059020996
2023-01-09,127.9779281616211,87.36000061035156,87.2984619140625,220.83316040039062,15.611527442932129
2023-01-10,128.54823303222656,89.87000274658203,87.69519805908203,222.5153045654297,15.892230033874512
2023-01-11,131.26217651367188,95.08999633789062,90.7697982788086,229.24371337890625,15.984132766723633
2023-01-12,131.1835479736328,95.2699966430664,90.38297271728516,231.9078369140625,16.49359130859375
2023-01-13,132.510986328125,98.12000274658203,91.36487579345703,232.6079559326172,16.881187438964844
2023-01-17,133.6713409423828,96.05000305175781,90.54166412353516,233.6969451904297,17.683340072631836
2023-01-18,132.9534912109375,95.45999908447266,90.37307739257812,229.28262329101562,17.35868263244629
2023-01-19,133.01246643066406,93.68000030517578,92.2872543334961,225.51002502441406,16.74732780456543
2023-01-20,135.56907653808594,97.25,97.21650695800781,233.57058715820312,17.820194244384766
2023-01-23,138.75503540039062,97.5199966430664,98.97199249267578,235.86520385742188,19.172771453857422
2023-01-24,140.15130615234375,96.31999969482422,96.89912414550781,235.3401641845703,19.244691848754883
2023-01-25,139.49253845214844,97.18000030517578,94.43946075439453,233.9497528076172,19.30263328552246
2023-01-26,141.5574493408203,99.22000122070312,96.7206039428711,241.13519287109375,19.78112030029297
2023-01-27,143.49459838867188,102.23999786376953,98.5554428100586,241.29075622558594,20.343534469604492
2023-01-30,140.6134796142578,100.55000305175781,96.1453628540039,235.99159240722656,19.141801834106445
2023-01-31,141.88194274902344,103.12999725341797,98.02977752685547,240.950439453125,19.516407012939453
2023-02-01,143.00296020507812,105.1500015258789,99.60674285888672,245.75369262695312,20.920921325683594
2023-02-02,148.30294799804688,112.91000366210938,106.85681915283203,257.2757263183594,21.686115264892578
2023-02-03,151.9215545654297,103.38999938964844,103.92108917236328,251.19873046875,21.077756881713867
2023-02-06,149.19778442382812,102.18000030517578,102.05650329589844,249.6623992919922,21.0667724609375
2023-02-07,152.06906127929688,102.11000061035156,106.75764465332031,260.15374755859375,22.149625778198242
2023-02-08,149.38461303710938,100.05000305175781,98.5554428100586,259.3467102050781,22.181589126586914
2023-02-09,148.3521270751953,98.23999786376953,94.2311782836914,256.3228759765625,22.313453674316406
2023-02-10,148.71652221679688,97.61000061035156,93.7947769165039,255.81723022460938,21.24258041381836
2023-02-13,151.5133819580078,99.54000091552734,93.83445739746094,263.8097229003906,21.765033721923828
2023-02-14,150.8732452392578,99.69999694824219,93.90389251708984,264.6361389160156,22.946788787841797
2023-02-15,152.97093200683594,101.16000366210938,96.1453628540039,262.52093505859375,22.74000358581543
2023-02-16,151.37550354003906,98.1500015258789,94.72708129882812,255.53192138671875,21.978805541992188
2023-02-17,150.23316955566406,97.19999694824219,93.57659149169922,251.54518127441406,21.365455627441406
2023-02-21,146.2249755859375,94.58000183105469,91.03756713867188,246.291259765625,20.633224487304688
2023-02-22,146.64840698242188,95.79000091552734,90.89871215820312,245.16053771972656,20.73212242126465
2023-02-23,147.1309814453125,95.81999969482422,90.14495086669922,248.33827209472656,23.639055252075195
2023-02-24,144.48184204101562,93.5,88.39936828613281,242.92837524414062,23.26145362854004
2023-02-27,145.6734619140625,93.76000213623047,89.13331604003906,243.84463500976562,23.476226806640625
2023-02-28,145.1712188720703,94.2300033569336,89.3217544555664,243.12332153320312,23.1915283203125
2023-03-01,143.10308837890625,92.16999816894531,89.61930847167969,240.05282592773438,22.674074172973633
2023-03-02,143.69398498535156,92.12999725341797,91.245849609375,244.77066040039062,23.289424896240234
2023-03-03,148.7362060546875,94.9000015258789,92.88232421875,248.84510803222656,23.864816665649414
2023-03-06,151.4936981201172,93.75,94.35018920898438,250.3852081298828,23.529170989990234
2023-03-07,149.297607421875,93.55000305175781,93.09061431884766,247.7339324951172,23.26740264892578
2023-03-08,150.5482940673828,93.91999816894531,93.47740173339844,247.2952423095703,24.159610748291016
2023-03-09,148.30287170410156,92.25,91.563232421875,245.95013427734375,23.41526985168457
2023-03-10,146.24465942382812,90.7300033569336,89.88707733154297,242.3142852783203,22.94468879699707
2023-03-13,148.18475341796875,92.43000030517578,90.36315155029297,247.5097198486328,22.945688247680664
2023-03-14,150.2725067138672,94.87999725341797,93.19971466064453,254.20631408691406,24.041715621948242
2023-03-15,150.6664276123047,96.19999694824219,95.3221664428711,258.73883056640625,24.206571578979492
2023-03-16,153.48301696777344,100.04000091552734,99.49764251708984,269.2272644042969,25.51841163635254
2023-03-17,152.6459197998047,98.94999694824219,100.78700256347656,272.37567138671875,25.70224952697754
2023-03-20,155.0094757080078,97.70999908447266,100.3902816772461,265.3574523925781,25.877092361450195
2023-03-21,156.86090087890625,100.61000061035156,104.05994415283203,266.86834716796875,26.175825119018555
2023-03-22,155.4329376220703,98.69999694824219,102.52265930175781,265.41595458984375,26.444589614868164
2023-03-23,156.51625061035156,98.70999908447266,104.73436737060547,270.650390625,27.166948318481445
2023-03-24,157.81619262695312,98.12999725341797,104.57569122314453,273.4869384765625,26.755311965942383
2023-03-27,155.8760986328125,98.04000091552734,101.62010955810547,269.4027404785156,26.507537841796875
2023-03-28,155.25567626953125,97.23999786376953,100.20182037353516,268.2817687988281,26.386640548706055
2023-03-29,158.3282928466797,100.25,100.55887603759766,273.42840576171875,26.960132598876953
2023-03-30,159.8941650390625,102.0,100.06297302246094,276.8790588378906,27.358783721923828
2023-03-31,162.39556884765625,103.29000091552734,102.87970733642578,281.021728515625,27.752429962158203
2023-04-03,163.64627075195312,102.41000366210938,103.50452423095703,279.978759765625,27.94026756286621
2023-04-04,163.11448669433594,103.94999694824219,103.86158752441406,279.9300537109375,27.42871856689453
2023-04-05,161.27285766601562,101.0999984741211,103.61363220214844,277.1617431640625,26.857227325439453
2023-04-06,162.15921020507812,102.05999755859375,107.53125762939453,284.238525390625,27.013086318969727
2023-04-10,159.56912231445312,102.16999816894531,105.56748962402344,282.0843200683594,27.554607391357422
2023-04-11,158.3578338623047,99.91999816894531,104.48641967773438,275.68988037109375,27.14496612548828
2023-04-12,157.6685028076172,97.83000183105469,103.78224182128906,276.3332214355469,26.471567153930664
2023-04-13,163.04551696777344,102.4000015258789,106.54936981201172,282.5228576660156,26.43959617614746
2023-04-14,162.70086669921875,102.51000213623047,107.97756958007812,278.9163513183594,26.734329223632812
2023-04-17,162.72055053710938,102.73999786376953,105.10135650634766,281.5091552734375,26.978111267089844
2023-04-18,163.94175720214844,102.30000305175781,103.64338684082031,281.0899658203125,27.642528533935547
2023-04-19,165.0841064453125,104.30000305175781,103.32601165771484,281.1679992675781,27.90629768371582
2023-04-20,164.1189727783203,103.80999755859375,104.42691802978516,278.8871154785156,27.080028533935547
2023-04-21,162.51377868652344,106.95999908447266,104.54593658447266,278.5458984375,27.095014572143555
2023-04-24,162.81903076171875,106.20999908447266,105.10135650634766,274.6566467285156,27.018081665039062
2023-04-25,161.28274536132812,102.56999969482422,102.99872589111328,268.4669494628906,26.217790603637695
2023-04-26,161.27285766601562,104.9800033569336,102.85987091064453,287.913330078125,26.932157516479492
2023-04-27,165.85226440429688,109.81999969482422,106.70806121826172,297.1344909667969,27.201919555664062
2023-04-28,167.1029815673828,105.44999694824219,106.46009826660156,299.5031433105469,27.724454879760742
2023-05-01,167.0143585205078,102.05000305175781,106.32125091552734,297.8460388183594,28.884428024291992
2023-05-02,165.9803009033203,103.62999725341797,104.4566650390625,297.6998596191406,28.185047149658203
2023-05-03,164.9068145751953,103.6500015258789,104.54593658447266,296.71533203125,27.77741241455078
2023-05-04,163.27206420898438,104.0,103.83184051513672,297.6998596191406,27.537620544433594
2023-05-05,170.93389892578125,105.66000366210938,104.7046127319336,302.8075256347656,28.654634475708008
2023-05-08,170.8649444580078,105.83000183105469,106.8865737915039,300.8580627441406,29.12521743774414
2023-05-09,169.16123962402344,106.62000274658203,106.47003173828125,299.2497253417969,28.545730590820312
2023-05-10,170.9240264892578,110.19000244140625,110.83395385742188,304.4256591796875,28.859451293945312
2023-05-11,171.11117553710938,112.18000030517578,115.61444091796875,302.2811279296875,28.55272102355957
2023-05-12,170.1841583251953,110.26000213623047,116.54674530029297,301.1700134277344,28.3149356842041
2023-05-15,169.6910858154297,111.19999694824219,115.554931640625,301.6475830078125,28.927387237548828
2023-05-16,169.6910858154297,113.4000015258789,118.53034210205078,303.8699951171875,29.18716049194336
2023-05-17,170.302490234375,115.5,119.84944152832031,306.7420654296875,30.15130615234375
2023-05-18,172.62989807128906,118.1500015258789,121.82313537597656,311.15753173828125,31.64998435974121
2023-05-19,172.73838806152344,116.25,121.75370788574219,310.9817810058594,31.236347198486328
2023-05-22,171.79159545898438,115.01000213623047,124.02494049072266,313.7560729980469,31.14842414855957
2023-05-23,169.18812561035156,114.98999786376953,121.55534362792969,307.972900390625,30.66085433959961
2023-05-24,169.46421813964844,116.75,119.9089584350586,306.59552001953125,30.510990142822266
2023-05-25,170.59835815429688,115.0,122.46780395507812,318.38653564453125,37.9464111328125
2023-05-26,173.00460815429688,120.11000061035156,123.58853149414062,325.1954345703125,38.91154861450195
2023-05-30,174.84878540039062,121.66000366210938,122.65624237060547,323.55426025390625,40.07551956176758
2023-05-31,174.79945373535156,120.58000183105469,121.86280822753906,320.79949951171875,37.800537109375
2023-06-01,177.6001739501953,122.7699966430664,122.70584106445312,324.892578125,39.73482131958008
2023-06-02,178.44830322265625,124.25,123.64804077148438,327.6474304199219,39.292205810546875
2023-06-05,177.0972137451172,125.30000305175781,124.97706604003906,328.1748962402344,39.13636016845703
2023-06-06,176.7323760986328,126.61000061035156,126.26640319824219,325.9671936035156,38.619815826416016
2023-06-07,175.361572265625,121.2300033569336,121.49583435058594,315.9052429199219,37.44572830200195
2023-06-08,178.0735626220703,124.25,121.1387939453125,317.7417907714844,38.479923248291016
2023-06-09,178.4581756591797,123.43000030517578,121.2280502319336,319.2364196777344,38.73971176147461
2023-06-12,181.24900817871094,126.56999969482422,122.6264877319336,324.179443359375,39.4511604309082
2023-06-13,180.77565002441406,126.66000366210938,122.81492614746094,326.5630798339844,40.989959716796875
2023-06-14,181.4068145751953,126.41999816894531,122.65624237060547,329.5426330566406,42.96342468261719
2023-06-15,183.43832397460938,127.11000061035156,124.0645980834961,340.0538635253906,42.619686126708984
2023-06-16,182.3634033203125,125.48999786376953,122.51737976074219,334.417236328125,42.658653259277344
2023-06-20,182.4521484375,125.77999877929688,122.0909194946289,330.2361755371094,43.77378463745117
2023-06-21,181.41665649414062,124.83000183105469,119.56182861328125,325.8499450683594,43.011375427246094
2023-06-22,184.4146728515625,130.14999389648438,122.14051055908203,331.8578186035156,42.991390228271484
2023-06-23,184.0990753173828,129.3300018310547,121.337158203125,327.2762145996094,42.17603302001953
2023-06-26,182.70860290527344,127.33000183105469,117.36994171142578,321.004638671875,40.60026931762695
2023-06-27,185.45997619628906,129.17999267578125,117.36002349853516,326.83660888671875,41.843284606933594
2023-06-28,186.633544921875,129.0399932861328,119.19486236572266,328.0870666503906,41.08488845825195
2023-06-29,186.96884155273438,127.9000015258789,118.12371063232422,327.30548095703125,40.79011154174805
2023-06-30,191.28829956054688,130.36000061035156,118.71879577636719,332.6686096191406,42.26895523071289
2023-07-03,189.79917907714844,130.22000122070312,118.91716003417969,330.17755126953125,42.3798713684082
2023-07-05,188.68475341796875,130.3800048828125,120.75198364257812,330.3338317871094,42.2839469909668
2023-07-06,189.1581573486328,128.36000061035156,119.12542724609375,333.38177490234375,42.07011413574219
2023-07-07,188.04376220703125,129.77999877929688,118.5005874633789,329.42529296875,42.46980667114258
2023-07-10,186.0023956298828,127.12999725341797,115.49541473388672,324.15997314453125,42.14705276489258
2023-07-11,185.47972106933594,128.77999877929688,116.17977905273438,324.7851257324219,42.37187957763672
2023-07-12,187.1463623046875,130.8000030517578,117.9551010131836,329.4058532714844,43.86771011352539
2023-07-13,187.9057159423828,134.3000030517578,123.51911926269531,334.7395935058594,45.94108963012695
2023-07-14,188.0536346435547,134.67999267578125,124.39189147949219,337.2599182128906,45.43348693847656
2023-07-17,191.30799865722656,133.55999755859375,123.62821960449219,337.73870849609375,46.42470932006836
2023-07-18,191.05160522460938,132.8300018310547,122.7455062866211,351.1806335449219,47.45690155029297
2023-07-19,192.4026641845703,135.36000061035156,121.02969360351562,346.87249755859375,47.040225982666016
2023-07-20,190.45989990234375,129.9600067138672,118.22289276123047,338.8522644042969,45.48444747924805
2023-07-21,189.28636169433594,130.0,119.03617095947266,335.8239440917969,44.274391174316406
2023-07-24,190.08514404296875,128.8000030517578,120.5337905883789,337.1329650878906,44.577152252197266
2023-07-25,190.943115234375,129.1300048828125,121.20821380615234,342.8673095703125,45.64331817626953
2023-07-26,191.8109588623047,128.14999389648438,128.21034240722656,329.9626159667969,45.416500091552734
2023-07-27,190.5486602783203,128.25,128.33926391601562,323.0755920410156,45.86415100097656
2023-07-28,193.12257385253906,132.2100067138672,131.49319458007812,330.54876708984375,46.713478088378906
2023-07-31,193.7340087890625,133.67999267578125,131.632080078125,328.15545654296875,46.6925048828125
2023-08-01,192.90562438964844,131.69000244140625,130.47164916992188,328.565673828125,46.47067642211914
2023-08-02,189.91749572753906,128.2100067138672,127.32763671875,319.9300537109375,44.23442077636719
2023-08-03,188.5270233154297,128.91000366210938,127.3970718383789,319.10943603515625,44.480228424072266
2023-08-04,179.47390747070312,139.57000732421875,127.05986022949219,320.2035217285156,44.64509963989258
2023-08-07,176.37733459472656,142.22000122070312,130.4518280029297,322.47967529296875,45.381526947021484
2023-08-08,177.314208984375,139.94000244140625,130.32289123535156,318.5135498046875,44.629112243652344
2023-08-09,175.72645568847656,137.85000610351562,128.59715270996094,314.7818908691406,42.5207633972168
2023-08-10,175.50949096679688,138.55999755859375,128.6269073486328,315.4656066894531,42.35489273071289
2023-08-11,175.56874084472656,138.41000366210938,128.49795532226562,313.5900573730469,40.82309341430664
2023-08-14,177.21791076660156,140.57000732421875,130.25347900390625,316.54998779296875,43.71882629394531
2023-08-15,175.23297119140625,137.6699981689453,128.71615600585938,314.42034912109375,43.90568161010742
2023-08-16,174.36398315429688,135.07000732421875,127.64500427246094,313.6567687988281,43.45203399658203
2023-08-17,171.8260955810547,133.97999572753906,128.85501098632812,310.2109069824219,43.31014633178711
2023-08-18,172.3099822998047,133.22000122070312,126.41517639160156,309.8193359375,43.265174865722656
2023-08-21,173.64312744140625,134.67999267578125,127.3177261352539,315.1056823730469,46.93031311035156
2023-08-22,175.01573181152344,134.25,128.0218963623047,315.6734619140625,45.632328033447266
2023-08-23,178.8571319580078,135.52000427246094,131.284912109375,320.117919921875,47.07920455932617
2023-08-24,174.17636108398438,131.83999633789062,128.71615600585938,313.2359313964844,47.126163482666016
2023-08-25,176.3784942626953,133.25999450683594,128.8153533935547,316.18255615234375,45.982051849365234
2023-08-28,177.93875122070312,133.13999938964844,129.9360809326172,316.88739013671875,46.79841995239258
2023-08-29,181.8196563720703,134.91000366210938,133.4669189453125,321.4981689453125,48.745887756347656
2023-08-30,185.30555725097656,135.07000732421875,134.76617431640625,321.8702392578125,49.22552490234375
2023-08-31,185.52281188964844,138.00999450683594,135.0537872314453,320.8619079589844,49.31644821166992
2023-09-01,187.0929412841797,138.1199951171875,134.5479736328125,321.7430114746094,48.471107482910156
2023-09-05,187.32992553710938,137.27000427246094,134.6570587158203,326.5300598144531,48.51008987426758
2023-09-06,180.62477111816406,135.36000061035156,133.3577880859375,325.8741455078125,47.02812194824219
2023-09-07,175.34161376953125,137.85000610351562,134.15122985839844,322.9666442871094,46.20868682861328
2023-09-08,175.95387268066406,138.22999572753906,135.26206970214844,327.2348937988281,45.540157318115234
2023-09-11,177.119140625,143.10000610351562,135.79763793945312,330.8276672363281,45.14643096923828
2023-09-12,174.09735107421875,141.22999572753906,134.2305908203125,324.78753662109375,44.83864212036133
2023-09-13,172.03347778320312,144.85000610351562,135.58935546875,328.9872131347656,45.453216552734375
2023-09-14,173.54437255859375,144.72000122070312,136.9679718017578,331.5716857910156,45.549156188964844
2023-09-15,172.82347106933594,140.38999938964844,136.27369689941406,323.2701416015625,43.869327545166016
2023-09-18,175.74647521972656,139.97999572753906,137.0770721435547,322.1345520019531,43.93527603149414
2023-09-19,176.832763671875,137.6300048828125,136.908447265625,321.7331848144531,43.489585876464844
2023-09-20,173.29750061035156,135.2899932861328,132.64370727539062,314.01898193359375,42.2094841003418
2023-09-21,171.7569580078125,129.3300018310547,129.3707733154297,312.80511474609375,40.98833465576172
2023-09-22,172.60623168945312,129.1199951171875,129.18231201171875,310.3382263183594,41.58092498779297
2023-09-25,173.880126953125,131.27000427246094,130.03524780273438,310.85699462890625,42.1924934387207
2023-09-26,169.8115997314453,125.9800033569336,127.51609802246094,305.5706787109375,41.881710052490234
2023-09-27,168.30072021484375,125.9800033569336,129.4699249267578,306.2069396972656,42.438323974609375
2023-09-28,168.55747985839844,125.9800033569336,131.2254180908203,307.03912353515625,43.05888366699219
2023-09-29,169.07095336914062,127.12000274658203,129.78732299804688,309.10467529296875,43.46860122680664
2023-10-02,171.57920837402344,129.4600067138672,133.07015991210938,315.02728271484375,44.75071334838867
2023-10-03,170.24609375,124.72000122070312,131.34442138671875,306.79437255859375,43.4865837097168
2023-10-04,171.49034118652344,127.0,134.13140869140625,312.2470703125,44.010223388671875
2023-10-05,172.72474670410156,125.95999908447266,133.9628143310547,312.638671875,44.65677261352539
2023-10-06,175.27249145507812,127.95999908447266,136.45220947265625,320.3724365234375,45.73002624511719
2023-10-09,176.7537841796875,128.25999450683594,137.28533935546875,322.8785400390625,45.241363525390625
2023-10-10,176.16123962402344,129.47999572753906,136.92831420898438,321.4786682128906,45.76599884033203
2023-10-11,177.55361938476562,131.8300018310547,139.39788818359375,325.4238586425781,46.77329635620117
2023-10-12,178.4522705078125,132.3300018310547,137.83084106445312,324.1903991699219,46.91219711303711
2023-10-13,176.61550903320312,129.7899932861328,136.23402404785156,320.8325500488281,45.429229736328125
2023-10-16,176.48712158203125,132.5500030517578,137.9597625732422,325.6391906738281,46.06278991699219
2023-10-17,174.9367218017578,131.47000122070312,138.57470703125,325.0714111328125,43.90729904174805
2023-10-18,173.64312744140625,128.1300048828125,136.8291015625,323.1624755859375,42.16651153564453
2023-10-19,173.26785278320312,128.39999389648438,136.62083435058594,324.34698486328125,42.07158660888672
2023-10-20,170.72010803222656,125.16999816894531,134.48846435546875,319.79486083984375,41.35808181762695
2023-10-23,170.8385772705078,126.55999755859375,135.3810577392578,322.38909912109375,42.94497299194336
2023-10-24,171.2730712890625,128.55999755859375,137.67214965820312,323.5736083984375,43.63248825073242
2023-10-25,168.96234130859375,121.38999938964844,124.58033752441406,333.500244140625,41.74980545043945
2023-10-26,164.80490112304688,119.56999969482422,121.27764129638672,320.9891357421875,40.297821044921875
2023-10-27,166.11830139160156,127.73999786376953,121.16854095458984,322.8688049316406,40.471702575683594
2023-10-30,168.16244506835938,132.7100067138672,123.43977355957031,330.2109375,41.13223648071289
2023-10-31,168.6364288330078,133.08999633789062,123.0628890991211,330.9940490722656,40.75151062011719
2023-11-01,171.7964630126953,137.0,125.4134521484375,338.7865295410156,42.29542922973633
2023-11-02,175.3514862060547,138.07000732421875,126.4449462890625,340.9892272949219,43.4755973815918
2023-11-03,174.4429931640625,138.60000610351562,128.041748046875,345.3749084472656,44.97355270385742
2023-11-06,176.99075317382812,139.74000549316406,129.18231201171875,349.0263977050781,45.719024658203125
2023-11-07,179.54840087890625,142.7100067138672,129.8964080810547,352.9422302246094,45.92288589477539
2023-11-08,180.6050567626953,142.0800018310547,130.75926208496094,355.55596923828125,46.54145431518555
2023-11-09,180.13101196289062,140.60000610351562,129.1724090576172,353.098876953125,46.91718673706055
2023-11-10,184.3136749267578,143.55999755859375,131.50311279296875,361.8899230957031,48.30121994018555
2023-11-13,182.73159790039062,142.58999633789062,131.00723266601562,358.9627990722656,48.58602523803711
2023-11-14,185.34201049804688,145.8000030517578,132.52468872070312,362.47723388671875,49.621299743652344
2023-11-15,185.90567016601562,143.1999969482422,133.51649475097656,362.6243896484375,48.85383987426758
2023-11-16,187.58665466308594,142.8300018310547,135.80755615234375,369.00048828125,49.44542694091797
2023-11-17,187.56686401367188,145.17999267578125,134.20082092285156,362.8009948730469,49.26355743408203
2023-11-20,189.30714416503906,146.1300048828125,135.1331329345703,370.24627685546875,50.373775482177734
2023-11-21,188.50621032714844,143.89999389648438,135.84722900390625,365.9595947265625,49.909095764160156
2023-11-22,189.16871643066406,146.7100067138672,137.35475158691406,370.64849853515625,48.68195724487305
2023-11-24,187.84373474121094,146.74000549316406,135.5695343017578,370.23651123046875,47.74261474609375
2023-11-27,187.66575622558594,147.72999572753906,135.29183959960938,371.3940124511719,48.20828628540039
2023-11-28,188.26890563964844,147.02999877929688,136.07533264160156,375.40606689453125,47.78758239746094
2023-11-29,187.2504425048828,146.32000732421875,133.88345336914062,371.62939453125,48.106361389160156
2023-11-30,187.8239288330078,146.08999633789062,131.44363403320312,371.68829345703125,46.73732376098633
2023-12-01,189.09950256347656,147.02999877929688,130.77911376953125,367.3721618652344,46.73232650756836
2023-12-04,187.3097686767578,144.83999633789062,128.21034240722656,362.1044921875,45.47820281982422
2023-12-05,191.25509643554688,146.8800048828125,129.9162139892578,365.41998291015625,46.53755569458008
2023-12-06,190.16741943359375,144.52000427246094,128.95419311523438,361.7709655761719,45.47520446777344
2023-12-07,192.09556579589844,146.8800048828125,135.80755615234375,363.8799743652344,46.567535400390625
2023-12-08,193.51950073242188,147.4199981689453,133.88345336914062,367.09747314453125,47.47697830200195
2023-12-11,191.01779174804688,145.88999938964844,132.1973876953125,364.2232971191406,46.59851837158203
2023-12-12,192.5306854248047,147.47999572753906,131.4337158203125,367.24456787109375,47.627891540527344
2023-12-13,195.74432373046875,148.83999633789062,131.48330688476562,367.2348327636719,48.05862808227539
2023-12-14,195.89259338378906,147.4199981689453,130.85845947265625,358.95562744140625,48.32046127319336
2023-12-15,195.358642578125,149.97000122070312,131.5130615234375,363.6641845703125,48.86013412475586
2023-12-18,193.6974639892578,154.07000732421875,134.6868133544922,365.5476379394531,50.04640579223633
2023-12-19,194.73570251464844,153.7899932861328,135.52984619140625,366.14599609375,49.573692321777344
2023-12-20,192.64932250976562,152.1199951171875,137.20599365234375,363.5562744140625,48.081607818603516
2023-12-21,192.50100708007812,153.83999633789062,139.26893615722656,366.42059326171875,48.96007537841797
2023-12-22,191.43307495117188,153.4199981689453,140.33018493652344,367.44073486328125,48.800167083740234
2023-12-26,190.8892364501953,153.41000366210938,140.3599395751953,367.519287109375,49.2488899230957
2023-12-27,190.98812866210938,153.33999633789062,139.2193603515625,366.94049072265625,49.38681411743164
2023-12-28,191.413330078125,153.3800048828125,139.0805206298828,368.12750244140625,49.49174499511719
2023-12-29,190.37506103515625,151.94000244140625,138.54493713378906,368.8730163574219,49.49174499511719
2024-01-02,183.5622100830078,149.92999267578125,137.03738403320312,363.801513671875,48.13856887817383
2024-01-03,182.18775939941406,148.47000122070312,137.78123474121094,363.5366516113281,47.53993606567383
2024-01-04,179.8739471435547,144.57000732421875,135.27197265625,360.9273681640625,47.96868133544922
2024-01-05,179.152099609375,145.24000549316406,134.61737060546875,360.7409362792969,49.0670166015625
2024-01-08,183.4830780029297,149.10000610351562,137.70188903808594,367.5487060546875,52.22107696533203
2024-01-09,183.06776428222656,151.3699951171875,139.79461669921875,368.6277160644531,53.107540130615234
2024-01-10,184.1060333251953,153.72999572753906,141.11370849609375,375.4747009277344,54.31679916381836
2024-01-11,183.51272583007812,155.17999267578125,140.9153289794922,377.29925537109375,54.788509368896484
2024-01-12,183.8390655517578,154.6199951171875,141.4806365966797,381.0660400390625,54.67657470703125
2024-01-16,181.57467651367188,153.16000366210938,141.32196044921875,382.83172607421875,56.34755325317383
2024-01-17,180.6353302001953,151.7100067138672,140.3103485107422,382.0470275878906,56.01875686645508
2024-01-18,186.51873779296875,153.5,142.30384826660156,386.3631591796875,57.07210922241211
2024-01-19,189.41590881347656,155.33999633789062,145.1800994873047,391.0716857910156,59.454654693603516
2024-01-22,191.71983337402344,154.77999877929688,144.7932891845703,388.95281982421875,59.617557525634766
2024-01-23,192.99542236328125,156.02000427246094,145.83468627929688,391.29730224609375,59.836421966552734
2024-01-24,192.322998046875,156.8699951171875,147.48106384277344,394.8875427246094,61.32451248168945
2024-01-25,191.99671936035156,157.75,150.62509155273438,397.15350341796875,61.57936477661133
2024-01-26,190.26629638671875,159.1199951171875,150.9424591064453,396.2313537597656,60.993709564208984
2024-01-29,189.58401489257812,161.25999450683594,152.25164794921875,401.91107177734375,62.42683410644531
2024-01-30,185.93531799316406,159.0,150.21844482421875,400.8025817871094,62.735652923583984
2024-01-31,182.33602905273438,155.1999969482422,138.95156860351562,390.00250244140625,61.489410400390625
2024-02-01,184.7685546875,159.27999877929688,140.0028839111328,396.0842590332031,62.988494873046875
2024-02-02,183.76983642578125,171.80999755859375,141.21287536621094,403.3824462890625,66.11958312988281
2024-02-05,185.57933044433594,170.30999755859375,142.50221252441406,397.91864013671875,69.28964233398438
2024-02-06,187.18124389648438,169.14999389648438,142.91879272460938,397.76165771484375,68.18132019042969
2024-02-07,187.28997802734375,170.52999877929688,144.34695434570312,406.15850830078125,70.05616760253906
2024-02-08,186.21224975585938,169.83999633789062,144.71392822265625,406.2174072265625,69.59844970703125
2024-02-09,186.9745635986328,174.4499969482422,147.77862548828125,412.5346374511719,72.08894348144531
2024-02-12,185.29141235351562,172.33999633789062,146.32066345214844,407.345458984375,72.20386505126953
2024-02-13,183.202392578125,168.63999938964844,143.95025634765625,398.5758361816406,72.08393859863281
2024-02-14,182.3212127685547,170.97999572753906,144.7436981201172,402.4282531738281,73.8548583984375
2024-02-15,182.0341033935547,169.8000030517578,141.5996856689453,399.54876708984375,72.61360931396484
2024-02-16,180.49948120117188,169.50999450683594,139.36813354492188,397.0918884277344,72.56864166259766
2024-02-20,179.75692749023438,167.0800018310547,139.9631805419922,395.84381103515625,69.4095687866211
2024-02-21,180.5093994140625,168.58999633789062,141.38150024414062,395.24432373046875,67.43079376220703
2024-02-22,182.53903198242188,174.5800018310547,142.9088592529297,404.5509948730469,78.4900131225586
2024-02-23,180.70742797851562,174.99000549316406,142.7799530029297,403.26361083984375,78.76885986328125
2024-02-26,179.3609161376953,174.72999572753906,136.44232177734375,400.5118713378906,79.04368591308594
2024-02-27,180.8163299560547,173.5399932861328,137.74156188964844,400.4529113769531,78.65292358398438
2024-02-28,179.6183319091797,173.16000366210938,135.26206970214844,400.6888122558594,77.61554718017578
2024-02-29,178.95497131347656,176.75999450683594,137.3249969482422,406.5067443847656,79.06367492675781
2024-03-01,177.87582397460938,178.22000122070312,136.0158233642578,408.3346252441406,82.22872924804688
2024-03-04,173.36109924316406,177.5800018310547,132.25689697265625,407.7646484375,85.18492889404297
2024-03-05,168.4305419921875,174.1199951171875,131.58245849609375,395.7061767578125,85.91551208496094
2024-03-06,167.44044494628906,173.50999450683594,130.32289123535156,395.1558837890625,88.64997100830078
2024-03-07,167.32168579101562,176.82000732421875,133.27845764160156,402.0842590332031,92.6167221069336
2024-03-08,169.0344696044922,175.35000610351562,134.3000030517578,399.21466064453125,87.47863006591797
2024-03-11,171.034423828125,171.9600067138672,136.54147338867188,397.5439147949219,85.72563171386719
2024-03-12,171.50965881347656,175.38999938964844,137.36468505859375,408.11834716796875,91.86115264892578
2024-03-13,169.4305419921875,176.55999755859375,138.64410400390625,407.9415283203125,90.83675384521484
2024-03-14,171.2819366455078,178.75,141.92698669433594,417.8869934082031,87.8943862915039
2024-03-15,170.90573120117188,174.4199981689453,140.02272033691406,409.23876953125,87.78744506835938
2024-03-18,171.99478149414062,174.47999572753906,146.46942138671875,410.1232604980469,88.40511322021484
2024-03-19,174.3313751220703,175.89999389648438,145.82476806640625,414.1427001953125,89.34759521484375
2024-03-20,176.8956298828125,178.14999389648438,147.520751953125,417.8968505859375,90.32102966308594
2024-03-21,169.66810607910156,178.14999389648438,146.39010620117188,421.9654541015625,91.38343811035156
2024-03-22,170.56912231445312,178.8699951171875,149.53411865234375,421.3462829589844,94.2358169555664
2024-03-25,169.15330505371094,179.7100067138672,148.83984375,415.567626953125,94.94841003417969
2024-03-26,168.02464294433594,178.3000030517578,149.43492126464844,414.3785400390625,92.5087890625
2024-03-27,171.58885192871094,179.8300018310547,149.63328552246094,414.1623229980469,90.19908905029297
2024-03-28,169.77703857421875,180.3800048828125,149.6927947998047,413.46453857421875,90.30503845214844
2024-04-01,168.3414306640625,180.97000122070312,154.21542358398438,417.2481994628906,90.3120346069336
2024-04-02,167.1632537841797,180.69000244140625,153.2930450439453,414.1722412109375,89.40154266357422
2024-04-03,167.96522521972656,182.41000366210938,153.6500701904297,413.1992492675781,88.91382598876953
2024-04-04,167.1434783935547,180.0,149.2960662841797,410.6736145019531,85.8565444946289
2024-04-05,167.8959197998047,185.07000732421875,151.2499237060547,418.1818542480469,87.95836639404297
2024-04-08,166.77716064453125,185.19000244140625,153.5806427001953,417.2678527832031,87.08384704589844
2024-04-09,167.98500061035156,185.6699981689453,155.31631469726562,418.92864990234375,85.30584716796875
2024-04-10,166.11376953125,185.9499969482422,154.86009216308594,415.9608459472656,86.98990631103516
2024-04-11,173.30166625976562,189.0500030517578,158.103271484375,420.55029296875,90.56488800048828
2024-04-12,174.79669189453125,186.1300048828125,156.43704223632812,414.624267578125,88.13626861572266
2024-04-15,170.9750518798828,183.6199951171875,153.59060668945312,406.5067443847656,85.95250701904297
2024-04-16,167.69790649414062,183.32000732421875,153.13433837890625,407.4304504394531,87.36569213867188
2024-04-17,166.33160400390625,181.27999877929688,154.1956024169922,404.7376708984375,83.98759460449219
2024-04-18,165.38113403320312,179.22000122070312,154.7311553955078,397.29827880859375,84.62325286865234
2024-04-19,163.3614044189453,174.6300048828125,152.82687377929688,392.2370910644531,76.15702819824219
2024-04-22,164.1930389404297,177.22999572753906,154.99893188476562,394.04534912109375,79.47315216064453
2024-04-23,165.24253845214844,179.5399932861328,156.9626922607422,400.5414123535156,82.37651824951172
2024-04-24,167.3414764404297,176.58999633789062,157.82559204101562,402.00567626953125,79.63206481933594
2024-04-25,168.20281982421875,173.6699981689453,154.7212371826172,392.15850830078125,82.58539581298828
2024-04-26,167.61871337890625,179.6199951171875,170.5404815673828,399.31292724609375,87.6855239868164
2024-04-29,171.7769775390625,180.9600067138672,164.78802490234375,395.3131103515625,87.70751190185547
2024-04-30,168.63845825195312,175.0,161.44564819335938,382.6159362792969,86.353271484375
2024-05-01,167.61871337890625,179.0,162.51678466796875,388.12921142578125,82.99415588378906
2024-05-02,171.31163024902344,184.72000122070312,165.25418090820312,390.9791564941406,85.76859283447266
2024-05-03,181.55886840820312,186.2100067138672,165.86907958984375,399.64703369140625,88.7389144897461
2024-05-06,179.9054412841797,188.6999969482422,166.7220458984375,406.40838623046875,92.0880355834961
2024-05-07,180.5885772705078,188.75999450683594,169.84622192382812,402.28082275390625,90.5029296875
2024-05-08,180.92523193359375,188.0,167.99156188964844,403.4601745605469,90.36100769042969
2024-05-09,182.737060546875,189.5,168.56678771972656,405.2094421386719,88.69694519042969
2024-05-10,181.4779510498047,187.47999572753906,167.26754760742188,407.58770751953125,89.82730865478516
2024-05-13,184.68020629882812,186.57000732421875,167.75352478027344,406.5852966308594,90.34801483154297
2024-05-14,185.82034301757812,187.07000732421875,168.94369506835938,409.3763427734375,91.3044662475586
2024-05-15,188.09068298339844,185.99000549316406,171.09588623046875,416.53387451171875,94.57662963867188
2024-05-16,188.20965576171875,183.6300048828125,172.75221252441406,414.4761657714844,94.30577850341797
2024-05-17,188.23936462402344,184.6999969482422,174.61679077148438,413.708251953125,92.42682647705078
2024-05-20,189.39935302734375,183.5399932861328,175.4697265625,418.7588195800781,94.72654724121094
2024-05-21,190.69808959960938,183.14999389648438,176.39212036132812,422.401611328125,95.33219909667969
2024-05-22,189.26055908203125,183.1300048828125,174.93418884277344,423.8587646484375,94.89645385742188
2024-05-23,185.2750701904297,181.0500030517578,172.1273651123047,420.3931884765625,103.74046325683594
2024-05-24,188.34841918945312,180.75,173.55555725097656,423.50433349609375,106.4089584350586
2024-05-28,188.35836791992188,182.14999389648438,174.95399475097656,423.661865234375,113.83676147460938
2024-05-29,188.65577697753906,182.02000427246094,174.4580841064453,422.5296325683594,114.7602310180664
2024-05-30,189.64718627929688,179.32000732421875,170.69915771484375,408.2539978027344,110.43766784667969
2024-05-31,190.59893798828125,176.44000244140625,171.0859832763672,408.7068786621094,109.5711669921875
2024-06-03,192.3636474609375,178.33999633789062,171.75047302246094,407.12176513671875,114.93515014648438
2024-06-04,192.68093872070312,179.33999633789062,172.3654022216797,409.6322937011719,116.37132263183594
2024-06-05,194.18785095214844,181.27999877929688,173.9721221923828,417.4494323730469,122.37095642089844
2024-06-06,192.809814453125,185.0,175.2812957763672,417.9515380859375,120.92975616455078
2024-06-07,195.1990966796875,184.3000030517578,173.02992248535156,417.29193115234375,120.81982421875
2024-06-10,191.4614715576172,187.05999755859375,173.7746124267578,421.2497253417969,121.72130584716797
2024-06-11,205.37098693847656,187.22999572753906,175.3732452392578,425.9853210449219,120.85174560546875
2024-06-12,211.2401580810547,186.88999938964844,176.5349884033203,434.23565673828125,125.13965606689453
2024-06-13,212.40008544921875,183.8300018310547,173.92356872558594,434.7476501464844,129.5475311279297
2024-06-14,210.66513061523438,183.66000366210938,175.5420379638672,435.7222900390625,131.8164520263672
2024-06-17,214.80921936035156,184.05999755859375,175.98887634277344,441.43255615234375,130.91688537597656
2024-06-18,212.4496612548828,182.80999755859375,173.8540496826172,439.4339904785156,135.5146484375
2024-06-20,207.87925720214844,186.10000610351562,175.05551147460938,438.8038635253906,130.71697998046875
2024-06-21,205.70806884765625,189.0800018310547,178.3620147705078,442.8207092285156,126.50898742675781
2024-06-24,206.35247802734375,185.57000732421875,177.9548797607422,440.7433776855469,118.05307006835938
2024-06-25,207.27450561523438,186.33999633789062,182.73094177246094,443.97265625,126.02923583984375
2024-06-26,211.4185791015625,193.61000061035156,182.58201599121094,445.1639099121094,126.33909606933594
2024-06-27,212.2613067626953,197.85000610351562,184.10121154785156,445.84326171875,123.93025207519531
2024-06-28,208.8111572265625,193.25,180.8642120361328,440.0345458984375,123.48046875
2024-07-01,214.88853454589844,197.1999969482422,181.6982879638672,449.6632080078125,124.2401123046875
2024-07-02,218.37831115722656,200.0,183.93238830566406,452.1737060546875,122.61088562011719
2024-07-03,219.64730834960938,197.58999633789062,184.50831604003906,453.6407165527344,128.21817016601562
2024-07-05,224.3961639404297,200.0,189.25457763671875,460.3256530761719,125.76935577392578
2024-07-08,225.8634796142578,199.2899932861328,187.6956329345703,459.0260314941406,128.13818359375
2024-07-09,226.716064453125,199.33999633789062,187.64598083496094,452.42974853515625,131.3166961669922
2024-07-10,230.97915649414062,199.7899932861328,189.83045959472656,459.0359191894531,134.84500122070312
2024-07-11,225.61561584472656,195.0500030517578,184.26007080078125,447.6646423339844,127.33860778808594
2024-07-12,228.5601043701172,194.49000549316406,183.7636260986328,446.5323791503906,129.177734375
2024-07-15,232.38694763183594,192.72000122070312,185.2133026123047,446.9360046386719,128.37811279296875
2024-07-16,232.80335998535156,193.02000427246094,182.62171936035156,442.5647277832031,126.29910278320312
2024-07-17,226.91436767578125,187.92999267578125,179.7421875,436.6575622558594,117.9331283569336
2024-07-18,222.25474548339844,183.75,176.43568420410156,433.5563659667969,121.0316390991211
2024-07-19,222.38360595703125,183.1300048828125,176.40591430664062,430.3467712402344,117.8731689453125
2024-07-22,222.03663635253906,182.5500030517578,180.38760375976562,436.0865783691406,123.48046875
2024-07-23,223.07760620117188,186.41000366210938,180.50674438476562,437.967041015625,122.5309066772461
2024-07-24,216.6631622314453,180.8300018310547,171.4114227294922,422.2637939453125,114.19493865966797
2024-07-25,215.62217712402344,179.85000610351562,166.0991973876953,411.9262390136719,112.22589111328125
2024-07-26,216.08811950683594,182.5,165.8211669921875,418.68994140625,113.00550842285156
2024-07-29,216.36573791503906,183.1999969482422,168.33328247070312,420.12738037109375,111.5362319946289
2024-07-30,216.92092895507812,181.7100067138672,169.08792114257812,416.3763427734375,103.68001556396484
2024-07-31,220.1727752685547,186.97999572753906,170.3291015625,411.8770446777344,116.96360778808594
2024-08-01,216.48471069335938,184.07000732421875,169.5546112060547,410.65618896484375,109.1573715209961
2024-08-02,217.9718475341797,167.89999389648438,165.48355102539062,402.16961669921875,107.21829986572266
2024-08-05,207.4727783203125,161.02000427246094,158.12588500976562,389.03594970703125,100.4015884399414
2024-08-06,205.45028686523438,161.92999267578125,157.17263793945312,393.427001953125,104.19975280761719
2024-08-07,208.01806640625,162.77000427246094,157.8180389404297,392.2652282714844,98.86233520507812
2024-08-08,211.47808837890625,165.8000030517578,160.88624572753906,396.4593505859375,104.91941833496094
2024-08-09,214.38291931152344,166.94000244140625,162.51466369628906,399.73779296875,104.69951629638672
2024-08-12,215.91146850585938,166.8000030517578,161.1444091796875,400.5155944824219,108.96746063232422
2024-08-13,219.62364196777344,170.22999572753906,163.00119018554688,407.604248046875,116.08402252197266
2024-08-14,220.07028198242188,170.10000610351562,159.23794555664062,410.41009521484375,118.02310180664062
2024-08-15,223.04795837402344,177.58999633789062,160.16140747070312,415.2627258300781,122.80079650878906
2024-08-16,224.3680419921875,177.05999755859375,161.8096923828125,412.7377624511719,124.51995849609375
2024-08-19,224.20925903320312,178.22000122070312,165.49349975585938,415.755859375,129.93736267089844
2024-08-20,224.82464599609375,178.8800048828125,165.99986267089844,418.9810485839844,127.18866729736328
2024-08-21,224.71543884277344,180.11000061035156,164.6792755126953,418.3301086425781,128.4380645751953
2024-08-22,222.859375,176.1300048828125,162.64376831054688,409.8577880859375,123.68036651611328
2024-08-23,225.15220642089844,177.0399932861328,164.45091247558594,411.080810546875,129.30763244628906
2024-08-26,225.4896697998047,175.5,164.98709106445312,407.8259582519531,126.3990478515625
2024-08-27,226.3333282470703,173.1199951171875,163.5175018310547,408.1711730957031,128.23817443847656
2024-08-28,224.8048095703125,170.8000030517578,161.70045471191406,404.9755859375,125.5494613647461
2024-08-29,228.0802459716797,172.1199951171875,160.63800048828125,407.4610290527344,117.5333251953125
2024-08-30,227.29612731933594,178.5,162.22671508789062,411.4259948730469,119.31246948242188
2024-09-03,221.1124725341797,176.25,156.2492218017578,403.8314514160156,107.94794464111328
2024-09-04,219.206787109375,173.3300018310547,155.34564208984375,403.2988586425781,106.1588134765625
2024-09-05,220.7253875732422,177.88999938964844,156.13006591796875,402.79583740234375,107.15833282470703
2024-09-06,219.17698669433594,171.38999938964844,149.85467529296875,396.197509765625,102.78044891357422
2024-09-09,219.26632690429688,175.39999389648438,147.85621643066406,400.16241455078125,106.41868591308594
2024-09-10,218.4722900390625,179.5500030517578,147.80648803710938,408.52630615234375,108.04788970947266
2024-09-11,221.0032958984375,184.52000427246094,150.29212951660156,417.24517822265625,116.8536605834961
2024-09-12,221.1124725341797,187.0,153.80186462402344,421.15093994140625,119.0927734375
2024-09-13,220.84449768066406,186.49000549316406,156.55596923828125,424.6917724609375,119.05278015136719
2024-09-16,214.71047973632812,184.88999938964844,157.15252685546875,425.4314880371094,116.73370361328125
2024-09-17,215.1769561767578,186.8800048828125,158.40530395507812,429.18927001953125,115.54417419433594
2024-09-18,219.04795837402344,186.42999267578125,158.89247131347656,424.9087219238281,113.3250503540039
2024-09-19,227.16709899902344,189.8699951171875,161.20909118652344,432.6808166503906,117.82327270507812
2024-09-20,226.50205993652344,191.60000610351562,162.6507568359375,429.3076171875,115.95401763916016
2024-09-23,224.78492736816406,193.8800048828125,160.92074584960938,427.57177734375,116.21391296386719
2024-09-24,225.67825317382812,193.9600067138672,161.3582305908203,423.29119873046875,120.82209014892578
2024-09-25,224.68569946289062,192.52999877929688,160.56283569335938,426.19091796875,123.4610366821289
2024-09-26,225.8271484375,191.16000366210938,161.79571533203125,425.40191650390625,123.99082946777344
2024-09-27,226.09512329101562,187.97000122070312,163.00869750976562,422.15692138671875,121.35187530517578
2024-09-30,231.26637268066406,186.3300018310547,164.8977813720703,424.40570068359375,121.3918685913086
2024-10-01,224.52691650390625,185.1300048828125,166.03125,414.9273681640625,116.95362091064453
2024-10-02,225.0926513671875,184.75999450683594,164.90774536132812,411.4161376953125,118.8028793334961
2024-10-03,223.9908905029297,181.9600067138672,164.90774536132812,410.8341979980469,122.80130004882812
2024-10-04,225.11248779296875,186.50999450683594,166.10084533691406,410.3608093261719,124.87046813964844
2024-10-07,220.04051208496094,180.8000030517578,162.0442657470703,403.9300842285156,127.66936492919922
2024-10-08,224.09014892578125,182.72000122070312,163.4362335205078,409.0293273925781,132.83731079101562
2024-10-09,227.83209228515625,185.1699981689453,160.93069458007812,411.7415466308594,132.597412109375
2024-10-10,227.33580017089844,186.64999389648438,161.1494598388672,410.1438293457031,134.7565460205078
2024-10-11,225.85691833496094,188.82000732421875,162.3027801513672,410.6172180175781,134.74656677246094
2024-10-14,229.5790252685547,187.5399932861328,164.01290893554688,413.3985595703125,138.01527404785156
2024-10-15,232.1100311279297,187.69000244140625,164.51004028320312,413.0040588378906,131.54783630371094
2024-10-16,230.05543518066406,186.88999938964844,164.21177673339844,410.419921875,135.66619873046875
2024-10-17,230.4226837158203,187.52999877929688,161.99456787109375,411.01171875,136.87570190429688
2024-10-18,233.25148010253906,188.99000549316406,162.4817352294922,412.43206787109375,137.94529724121094
2024-10-21,234.720458984375,189.07000732421875,163.1280059814453,413.0435485839844,143.6530303955078
2024-10-22,234.10508728027344,189.6999969482422,164.1918487548828,421.65399169921875,143.53309631347656
2024-10-23,229.0430145263672,184.7100067138672,161.84542846679688,418.7838439941406,139.50466918945312
2024-10-24,228.85446166992188,186.3800048828125,161.78575134277344,418.9120178222656,140.35433959960938
2024-10-25,229.6881866455078,187.8300018310547,164.3211212158203,422.28521728515625,141.48388671875
2024-10-28,231.6633758544922,188.38999938964844,165.76278686523438,420.7465515136719,140.4643096923828
2024-10-29,231.93138122558594,190.8300018310547,168.705810546875,426.03314208984375,141.19400024414062
2024-10-30,228.38795471191406,192.72999572753906,173.45835876464844,426.6051940917969,139.28475952148438
2024-10-31,224.22911071777344,186.39999389648438,170.12759399414062,400.7837829589844,132.70738220214844
2024-11-01,221.25143432617188,197.92999267578125,170.3065643310547,404.74871826171875,135.34632873535156
2024-11-04,220.35812377929688,195.77999877929688,168.26834106445312,402.8648681640625,135.99607849121094
2024-11-05,221.78741455078125,199.5,168.7654571533203,405.8237609863281,139.8545379638672
2024-11-06,221.0628662109375,207.08999633789062,175.49658203125,414.4243469238281,145.55227661132812
2024-11-07,225.7874298095703,210.0500030517578,179.71224975585938,419.6023864746094,148.8209991455078
2024-11-08,225.5191650390625,208.17999267578125,177.32603454589844,416.75201416015625,147.57147216796875
2024-11-11,222.8064727783203,206.83999633789062,179.31454467773438,412.2840881347656,145.20240783691406
2024-11-12,222.8064727783203,208.91000366210938,180.5772247314453,417.23529052734375,148.231201171875
2024-11-13,223.69081115722656,214.10000610351562,177.8529815673828,419.3755798339844,146.21200561523438
2024-11-14,226.7711639404297,211.47999572753906,174.5719451904297,421.0424499511719,146.70181274414062
2024-11-15,223.57159423828125,202.61000061035156,171.4996795654297,409.3153381347656,141.92372131347656
2024-11-18,226.5724334716797,201.6999969482422,174.2935333251953,410.0649108886719,140.09442138671875
2024-11-19,226.83074951171875,204.61000061035156,177.09735107421875,412.06707763671875,146.95172119140625
2024-11-20,227.54620361328125,202.8800048828125,174.96963500976562,409.7985534667969,145.83216857910156
2024-11-21,227.06924438476562,198.3800048828125,166.6675567626953,408.0295715332031,146.6118621826172
2024-11-22,228.41067504882812,197.1199951171875,163.81405639648438,412.1111755371094,141.8937225341797
2024-11-25,231.39161682128906,201.4499969482422,166.6874542236328,413.880126953125,135.96609497070312
2024-11-26,233.56773376464844,207.86000061035156,168.14901733398438,422.9722900390625,136.86570739746094
2024-11-27,233.43853759765625,205.74000549316406,168.25839233398438,418.03094482421875,135.2863311767578
2024-11-29,235.8233184814453,207.88999938964844,167.97999572753906,418.49542236328125,138.19520568847656
2024-12-02,238.06898498535156,210.7100067138672,170.50543212890625,425.9272766113281,138.5750274658203
2024-12-03,241.10951232910156,213.44000244140625,170.35629272460938,426.1446838378906,140.20440673828125
2024-12-04,241.46725463867188,218.16000366210938,173.36888122558594,432.291748046875,145.08245849609375
2024-12-05,241.49705505371094,220.5500030517578,171.64881896972656,437.4307556152344,145.0124969482422
2024-12-06,241.29832458496094,227.02999877929688,173.70693969726562,438.36968994140625,142.3933563232422
2024-12-09,245.18350219726562,226.08999633789062,174.5629425048828,440.79095458984375,138.7645263671875
2024-12-10,246.197021484375,225.0399932861328,184.31785583496094,438.1324462890625,135.0257568359375
2024-12-11,244.92515563964844,230.25999450683594,194.50079345703125,443.72607421875,139.2643585205078
2024-12-12,246.3858184814453,228.97000122070312,191.07662963867188,444.2894287109375,137.29501342773438
2024-12-13,246.55474853515625,227.4600067138672,188.94647216796875,442.0262451171875,134.20602416992188
2024-12-16,249.44627380371094,232.92999267578125,195.7550048828125,446.2956237792969,131.9567413330078
2024-12-17,251.8707733154297,231.14999389648438,194.5207061767578,449.1319885253906,130.3472900390625
2024-12-18,246.47528076171875,220.52000427246094,187.5330047607422,432.26214599609375,128.86778259277344
2024-12-19,248.20419311523438,223.2899932861328,187.6425018310547,431.90631103515625,130.63717651367188
2024-12-20,252.87437438964844,224.9199981689453,190.52914428710938,431.48138427734375,134.65586853027344
2024-12-23,253.6494140625,225.05999755859375,193.7343292236328,430.1471862792969,139.62423706054688
2024-12-24,256.5608215332031,229.0500030517578,195.20753479003906,434.1792907714844,140.174072265625
2024-12-26,257.3755798339844,227.0500030517578,194.69989013671875,432.9736633300781,139.8841552734375
2024-12-27,253.96737670898438,223.75,191.8729248046875,425.4825744628906,136.96511840820312
2024-12-30,250.59890747070312,221.3000030517578,190.3599395751953,419.84930419921875,137.4449462890625
2024-12-31,248.8302001953125,219.38999938964844,188.42886352539062,416.5583801269531,134.2460174560547
2025-01-02,242.3019256591797,220.22000122070312,188.55825805664062,413.6726379394531,138.2646942138672
2025-01-03,241.81504821777344,224.19000244140625,190.90740966796875,418.38671875,144.4226837158203
2025-01-06,243.44459533691406,227.61000061035156,195.96401977539062,422.8339538574219,149.38104248046875
2025-01-07,240.67233276367188,222.11000061035156,194.5903778076172,417.4181823730469,140.09408569335938
2025-01-08,241.15921020507812,222.1300048828125,193.05746459960938,419.5825500488281,140.06410217285156
2025-01-10,235.34634399414062,218.94000244140625,191.15623474121094,414.038330078125,135.86549377441406
2025-01-13,232.91189575195312,218.4600067138672,190.13099670410156,412.2989501953125,133.18637084960938
2025-01-14,231.7990264892578,217.75999450683594,188.7872314453125,410.7967529296875,131.71682739257812
2025-01-15,236.35989379882812,223.35000610351562,194.6501007080078,421.31195068359375,136.1953887939453
2025-01-16,226.81089782714844,220.66000366210938,192.0222625732422,419.60223388671875,133.52626037597656
2025-01-17,228.5199737548828,225.94000244140625,195.0980224609375,424.0000915527344,137.66490173339844
2025-01-21,221.22657775878906,230.7100067138672,197.1385955810547,423.4763488769531,140.78387451171875
2025-01-22,222.40902709960938,235.00999450683594,197.45712280273438,440.9688415527344,147.02183532714844
2025-01-23,222.24009704589844,235.4199981689453,197.06893920898438,441.4728698730469,147.17178344726562
2025-01-24,221.36566162109375,234.85000610351562,199.2886505126953,438.8538818359375,142.57327270507812
2025-01-27,228.4007110595703,235.4199981689453,190.92730712890625,429.4653015136719,118.38121032714844
2025-01-28,236.7473907470703,238.14999389648438,194.4012451171875,441.95709228515625,128.94775390625
2025-01-29,237.84042358398438,237.07000732421875,194.51075744628906,437.1441650390625,123.65947723388672
2025-01-30,236.0816650390625,234.63999938964844,199.9456329345703,410.12469482421875,124.60916900634766
2025-01-31,234.50173950195312,237.67999267578125,203.08114624023438,410.19390869140625,120.03067016601562
2025-02-03,226.56246948242188,237.4199981689453,200.30397033691406,406.1024169921875,116.62179565429688
2025-02-04,231.3220672607422,242.05999755859375,205.43028259277344,407.53546142578125,118.61113739013672
2025-02-05,230.994140625,236.1699981689453,190.44952392578125,408.44464111328125,124.78911590576172
2025-02-06,231.73939514160156,238.8300018310547,190.71827697753906,410.9449768066406,128.63784790039062
2025-02-07,226.1848907470703,229.14999389648438,184.48707580566406,404.9461975097656,129.79745483398438
2025-02-10,226.4534454345703,233.13999938964844,185.61187744140625,407.38720703125,133.52626037597656
2025-02-11,231.3973388671875,232.75999450683594,184.46717834472656,406.6163024902344,132.75650024414062
2025-02-12,235.62501525878906,228.92999267578125,182.76504516601562,404.2444763183594,131.09706115722656
2025-02-13,240.26051330566406,230.3699951171875,185.28341674804688,405.72686767578125,135.24566650390625
2025-02-14,243.31439208984375,228.67999267578125,184.3776092529297,403.6416320800781,138.8045196533203
2025-02-18,243.18508911132812,226.64999389648438,182.92431640625,404.83746337890625,139.35433959960938
2025-02-19,243.58294677734375,226.6300048828125,184.41741943359375,409.9072570800781,139.18438720703125
2025-02-20,244.5379180908203,222.8800048828125,183.71066284179688,412.0759582519531,140.06410217285156
2025-02-21,244.2593994140625,216.5800018310547,178.83323669433594,404.23309326171875,134.38595581054688
2025-02-24,245.80125427246094,212.7100067138672,178.4251251220703,400.06414794921875,130.23733520507812
2025-02-25,245.74154663085938,212.8000030517578,174.61273193359375,394.0235290527344,126.5885238647461
2025-02-26,239.0966796875,214.35000610351562,171.9351043701172,395.8357238769531,131.23699951171875
2025-02-27,236.05276489257812,208.74000549316406,167.72457885742188,388.70587158203125,120.11064910888672
2025-02-28,240.5688934326172,212.27999877929688,169.4963836669922,393.1224365234375,124.87907409667969
2025-03-03,236.77891540527344,205.02000427246094,166.24143981933594,384.7052001953125,114.02263641357422
2025-03-04,234.68994140625,203.8000030517578,170.13345336914062,384.82403564453125,115.9520034790039
2025-03-05,234.50094604492188,208.36000061035156,172.22377014160156,397.1131286621094,117.26158142089844
2025-03-06,234.0930938720703,200.6999969482422,171.556884765625,393.0234069824219,110.53378295898438
2025-03-07,237.81346130371094,199.25,173.05992126464844,389.478271484375,112.65309143066406
2025-03-10,226.28436279296875,194.5399932861328,165.2968292236328,376.4564208984375,106.94495391845703
2025-03-11,219.6792755126953,196.58999633789062,163.47317504882812,376.7435607910156,108.72437286376953
2025-03-12,215.83953857421875,198.88999938964844,166.5325469970703,379.53607177734375,115.71273040771484
2025-03-13,208.5779266357422,193.88999938964844,162.19757080078125,375.0799255371094,115.55277252197266
2025-03-14,212.36790466308594,197.9499969482422,164.91815185546875,384.7745666503906,121.6413345336914
2025-03-17,212.87522888183594,195.74000549316406,163.7222900390625,384.9132080078125,119.50183868408203
2025-03-18,211.57211303710938,192.82000732421875,160.11480712890625,379.7836608886719,115.40280151367188
2025-03-19,214.1086883544922,195.5399932861328,163.32366943359375,384.041748046875,117.49230194091797
2025-03-20,212.97470092773438,194.9499969482422,162.23745727539062,383.07135009765625,118.50206756591797
2025-03-21,217.12278747558594,196.2100067138672,163.42335510253906,387.4482727050781,117.6722640991211
2025-03-24,219.56983947753906,203.25999450683594,167.10057067871094,389.2505187988281,121.38140106201172
2025-03-25,222.573974609375,205.7100067138672,169.9706268310547,391.31024169921875,120.66156768798828
2025-03-26,220.3656463623047,201.1300048828125,164.48963928222656,386.17083740234375,113.73320007324219
2025-03-27,222.6734619140625,201.36000061035156,161.67938232421875,386.7748718261719,111.40375518798828
2025-03-28,216.7547149658203,192.72000122070312,153.79672241210938,375.109619140625,109.6441650390625
2025-03-31,220.9624786376953,190.25999450683594,154.1056365966797,371.7328796386719,108.35446166992188
2025-04-01,222.0168914794922,192.1699981689453,156.52725219726562,378.4666442871094,110.12405395507812
2025-04-02,222.71322631835938,196.00999450683594,156.49734497070312,378.4171447753906,110.39398193359375
2025-04-03,202.12203979492188,178.41000366210938,150.19918823242188,369.47503662109375,101.7760238647461
2025-04-04,187.38987731933594,171.0,145.09689331054688,356.3343505859375,94.28778076171875
2025-04-07,180.50625610351562,175.25999450683594,146.24290466308594,354.3736267089844,97.61699676513672
2025-04-08,171.51376342773438,170.66000366210938,144.1999969482422,351.1058044433594,96.27731323242188
2025-04-09,197.8048553466797,191.10000610351562,158.16159057617188,386.68572998046875,114.30306243896484
2025-04-10,189.41915893554688,181.22000122070312,152.29193115234375,377.6347961425781,107.5446548461914
2025-04-11,197.10853576660156,184.8699951171875,156.5970001220703,384.6656494140625,110.90386199951172
2025-04-14,201.45555114746094,182.1199951171875,158.52032470703125,384.0318908691406,110.68391418457031
2025-04-15,201.07754516601562,179.58999633789062,155.76988220214844,381.9721374511719,112.1735610961914
2025-04-16,193.24891662597656,174.3300018310547,152.8001708984375,367.98968505859375,104.46538543701172
2025-04-17,195.94467163085938,172.61000061035156,150.63766479492188,364.1969909667969,101.46607971191406
2025-04-21,192.14474487304688,167.32000732421875,147.15972900390625,355.62139892578125,96.88717651367188
2025-04-22,198.690185546875,173.17999267578125,150.94659423828125,363.246337890625,98.86669921875
2025-04-23,203.5246124267578,180.60000610351562,154.81320190429688,370.74261474609375,102.68579864501953
2025-04-24,207.27479553222656,186.5399932861328,158.7296142578125,383.52679443359375,106.40492248535156
2025-04-25,208.18002319335938,188.99000549316406,161.40036010742188,388.0325012207031,110.98385620117188
2025-04-28,209.03550720214844,187.6999969482422,160.05499267578125,387.3492431640625,108.70439147949219
2025-04-29,210.0998992919922,187.38999938964844,159.60658264160156,390.201171875,108.99430847167969
2025-04-30,211.3831024169922,184.4199981689453,158.25128173828125,391.4093017578125,108.89433288574219
2025-05-01,212.19879150390625,190.1999969482422,160.74264526367188,421.2556457519531,111.58370208740234
2025-05-02,204.27069091796875,189.97999572753906,163.46319580078125,431.0393981933594,114.47303009033203
2025-05-05,197.8446502685547,186.35000610351562,163.642578125,431.9207763671875,113.79318237304688
2025-05-06,197.4666290283203,185.00999450683594,162.66595458984375,429.0885925292969,113.51325988769531
2025-05-07,195.21849060058594,188.7100067138672,150.85691833496094,429.12823486328125,117.03242492675781
2025-05-08,196.45199584960938,192.0800018310547,153.7469024658203,433.9012451171875,117.34236145019531
2025-05-09,197.4865264892578,193.05999755859375,152.22218322753906,434.4557800292969,116.62252044677734
2025-05-12,209.95703125,208.63999938964844,157.91244506835938,444.8832092285156,122.97102355957031
2025-05-13,212.08859252929688,211.3699951171875,158.97874450683594,444.7643737792969,129.89938354492188
2025-05-14,211.49098205566406,210.25,164.79855346679688,448.52734375,135.30810546875
2025-05-15,210.6144561767578,205.1699981689453,163.39344787597656,449.5392761230469,134.79823303222656
2025-05-16,210.42520141601562,205.58999633789062,165.61572265625,450.67022705078125,135.36810302734375
2025-05-19,207.95498657226562,206.16000366210938,165.9645233154297,455.2337951660156,135.53805541992188
2025-05-20,206.04258728027344,204.07000732421875,163.41336059570312,454.5393371582031,134.34835815429688
2025-05-21,201.2914276123047,201.1199951171875,167.97755432128906,448.9837341308594,131.76895141601562
2025-05-22,200.5643310546875,203.10000610351562,170.27955627441406,451.25555419921875,132.7987060546875
2025-05-23,194.49838256835938,200.99000549316406,167.8878631591797,446.6126403808594,131.25906372070312
2025-05-27,199.4188690185547,206.02000427246094,172.30255126953125,457.03936767578125,135.4680633544922
2025-05-28,199.62803649902344,204.72000122070312,171.76441955566406,453.7357482910156,134.7782440185547
2025-05-29,199.15988159179688,205.6999969482422,171.26614379882812,455.0453186035156,139.15721130371094
2025-05-30,200.05633544921875,205.00999450683594,171.1465606689453,456.71197509765625,135.09817504882812
2025-06-02,200.90296936035156,206.64999389648438,168.4459228515625,458.3092346191406,137.34764099121094
2025-06-03,202.46678161621094,205.7100067138672,165.6057586669922,459.3013000488281,141.1867218017578
2025-06-04,202.01853942871094,207.22999572753906,167.4693145751953,460.19415283203125,141.88656616210938
2025-06-05,199.8372039794922,207.91000366210938,167.62875366210938,463.9739990234375,139.95703125
2025-06-06,203.11419677734375,213.57000732421875,173.07984924316406,466.6525573730469,141.6865997314453
2025-06-09,200.65396118164062,216.97999572753906,175.69395446777344,469.0038146972656,142.59640502929688
2025-06-10,201.869140625,217.61000061035156,178.19833374023438,467.18829345703125,143.92608642578125
2025-06-11,197.99452209472656,213.1999969482422,176.9511260986328,468.87481689453125,142.80625915527344
2025-06-12,198.41285705566406,213.24000549316406,175.30484008789062,475.07525634765625,144.9759063720703
2025-06-13,195.67372131347656,212.10000610351562,174.27716064453125,471.1962890625,141.94639587402344
2025-06-16,197.63592529296875,216.10000610351562,176.3724365234375,475.3431701660156,144.66595458984375
2025-06-17,194.86692810058594,214.82000732421875,175.5542755126953,474.25189208984375,144.09603881835938
2025-06-18,195.80320739746094,212.52000427246094,172.93020629882812,476.4344482421875,145.455810546875
2025-06-20,200.20574951171875,209.69000244140625,166.2652130126953,473.616943359375,143.8260955810547
2025-06-23,200.70376586914062,208.47000122070312,164.81846618652344,482.1487731933594,144.1460418701172
2025-06-24,199.5084991455078,212.77000427246094,166.3949432373047,486.2261962890625,147.8754119873047
2025-06-25,200.76351928710938,211.99000549316406,170.29612731933594,488.3691101074219,154.28436279296875
2025-06-26,200.20574951171875,217.1199951171875,173.1497039794922,493.508056640625,154.99423217773438
2025-06-27,200.28543090820312,223.3000030517578,178.12847900390625,492.0100402832031,157.72378540039062
2025-06-30,204.3592529296875,219.38999938964844,175.83364868164062,493.4683837890625,157.96376037597656
2025-07-01,206.99879455566406,220.4600067138672,175.44451904296875,488.1508483886719,153.2745361328125
2025-07-02,211.6005401611328,219.9199981689453,178.2382354736328,487.198486328125,157.22386169433594
2025-07-03,212.7061309814453,223.41000366210938,179.12623596191406,494.8870849609375,159.3135223388672
2025-07-07,209.12037658691406,223.47000122070312,176.3923797607422,493.77593994140625,158.21371459960938
2025-07-08,209.1801300048828,219.36000061035156,173.9678497314453,492.68463134765625,159.97341918945312
2025-07-09,210.3056640625,222.5399932861328,176.2227783203125,499.5200500488281,162.85293579101562
2025-07-10,211.57066345214844,222.25999450683594,177.22052001953125,497.5061340332031,164.07273864746094
2025-07-11,210.3256072998047,225.02000427246094,179.7847442626953,499.3315734863281,164.89259338378906
2025-07-14,207.79562377929688,225.69000244140625,181.1516571044922,499.033935546875,164.04273986816406
2025-07-15,208.28369140625,226.35000610351562,181.59066772460938,501.811767578125,170.671630859375
2025-07-16,209.3295440673828,223.19000244140625,182.55848693847656,501.61334228515625,171.34152221679688
2025-07-17,209.19009399414062,223.8800048828125,183.1671142578125,507.6451721191406,172.97125244140625
2025-07-18,210.3455047607422,226.1300048828125,184.64378356933594,506.0082092285156,172.38136291503906
2025-07-21,211.640380859375,229.3000030517578,189.67245483398438,506.01812744140625,171.35153198242188
2025-07-22,213.5527801513672,227.47000122070312,190.90966796875,501.26611328125,167.00225830078125
2025-07-23,213.30377197265625,228.2899932861328,189.8021697998047,501.861328125,170.75161743164062
2025-07-24,212.9153289794922,232.22999572753906,191.73777770996094,506.8316345214844,173.7111358642578
2025-07-25,213.0348358154297,231.44000244140625,192.74551391601562,509.63922119140625,173.47117614746094
2025-07-28,213.2041778564453,232.7899932861328,192.14688110351562,508.4388122558594,176.7206268310547
2025-07-29,210.43516540527344,231.00999450683594,195.30975341796875,508.5082702636719,175.48085021972656
2025-07-30,208.22393798828125,230.19000244140625,196.08799743652344,509.1729431152344,179.24021911621094
2025-07-31,206.74978637695312,234.11000061035156,191.46839904785156,529.2723388671875,177.84043884277344
2025-08-01,201.58029174804688,214.75,188.70465087890625,519.9568481445312,173.69113159179688
2025-08-04,202.5464630126953,211.64999389648438,194.60133361816406,531.3954467773438,179.9700927734375
2025-08-05,202.11814880371094,213.75,194.23216247558594,523.5679931640625,178.23037719726562
2025-08-06,212.40733337402344,222.30999755859375,195.64898681640625,520.7802124023438,179.3901824951172
2025-08-07,219.16053771972656,223.1300048828125,196.07801818847656,516.7127075195312,180.73995971679688
2025-08-08,228.44371032714844,222.69000244140625,200.96697998046875,517.9031982421875,182.6696319580078
2025-08-11,226.53909301757812,221.3000030517578,200.54794311523438,517.6353759765625,182.0297393798828
2025-08-12,229.0021209716797,221.47000122070312,202.88267517089844,525.046142578125,183.1295623779297
2025-08-13,232.6717529296875,224.55999755859375,201.5057830810547,516.454833984375,181.559814453125
2025-08-14,232.123291015625,230.97999572753906,202.4835662841797,518.3396606445312,181.98974609375
2025-08-15,230.9366455078125,231.02999877929688,203.44140625,516.0479736328125,180.42001342773438
2025-08-18,230.23863220214844,231.49000549316406,203.0423126220703,513.0023193359375,181.979736328125
2025-08-19,229.90956115722656,228.00999450683594,201.11666870117188,505.7304382324219,175.61080932617188
2025-08-20,225.3723907470703,223.80999755859375,198.87171936035156,501.7125244140625,175.370849609375
2025-08-21,224.26553344726562,221.9499969482422,199.30075073242188,501.066650390625,174.95091247558594
2025-08-22,227.11746215820312,228.83999633789062,205.62648010253906,504.0378112792969,177.96043395996094
2025-08-25,226.51914978027344,227.94000244140625,208.02110290527344,501.0865173339844,179.78012084960938
2025-08-26,228.6630859375,228.7100067138672,206.67413330078125,498.8804626464844,181.7397918701172
2025-08-27,229.8397674560547,229.1199951171875,207.01336669921875,503.5509033203125,181.56982421875
2025-08-28,231.9039306640625,231.60000610351562,211.16400146484375,506.4326477050781,180.1400604248047
2025-08-29,231.485107421875,229.0,212.43115234375,503.5011901855469,174.1510467529297
2025-09-02,229.0719451904297,225.33999633789062,210.8746795654297,501.9410705566406,170.75161743164062
2025-09-03,237.79725646972656,225.99000549316406,230.1412353515625,502.1696472167969,170.59165954589844
2025-09-04,239.10354614257812,235.67999267578125,231.7775421142578,504.77313232421875,171.63148498535156
2025-09-05,239.0137939453125,232.3300018310547,234.47146606445312,491.884765625,166.9922637939453
2025-09-08,237.2089080810547,235.83999633789062,233.72247314453125,495.06463623046875,168.2820281982422
2025-09-09,233.68887329101562,238.24000549316406,239.30490112304688,495.2733154296875,170.7316131591797
2025-09-10,226.1501922607422,230.3300018310547,238.84552001953125,497.2209777832031,177.300537109375
2025-09-11,229.3810577392578,229.9499969482422,240.0438995361328,497.8569641113281,177.1505584716797
2025-09-12,233.40966796875,228.14999389648438,240.4733123779297,506.6910095214844,177.80047607421875
2025-09-15,236.0322265625,231.42999267578125,251.26864624023438,512.1166381835938,177.73048400878906
2025-09-16,237.4781494140625,234.0500030517578,250.8192596435547,505.8364562988281,174.86080932617188
2025-09-17,238.3157958984375,231.6199951171875,249.19146728515625,506.81024169921875,170.27130126953125
2025-09-18,237.2089080810547,231.22999572753906,251.68807983398438,505.2501525878906,176.2206573486328
2025-09-19,244.8074188232422,231.47999572753906,254.3744354248047,514.6705322265625,176.6505889892578
2025-09-22,255.35755920410156,227.6300048828125,252.18740844726562,511.21240234375,183.58984375
2025-09-23,253.71221923828125,220.7100067138672,251.31858825683594,506.0252380371094,178.410400390625
2025-09-24,251.59820556640625,220.2100067138672,246.80471801757812,506.9394226074219,176.9505615234375
2025-09-25,256.14532470703125,218.14999389648438,245.45652770996094,503.83905029296875,177.67050170898438
2025-09-26,254.73931884765625,219.77999877929688,246.2055206298828,508.2411804199219,178.17044067382812
2025-09-29,253.71221923828125,222.1699981689453,243.71890258789062,511.3613586425781,181.83004760742188
2025-09-30,253.9116668701172,219.57000732421875,242.77020263671875,514.6903686523438,186.55950927734375
2025-10-01,254.72933959960938,220.6300048828125,244.5677490234375,516.439208984375,187.21945190429688
2025-10-02,256.40460205078125,222.41000366210938,245.356689453125,512.4942626953125,188.8692626953125
2025-10-03,257.2920837402344,219.50999450683594,245.0171356201172,514.0940551757812,187.59939575195312
2025-10-06,255.96583557128906,220.89999389648438,250.09024047851562,525.2435302734375,185.51962280273438
2025-10-07,255.75645446777344,221.77999877929688,245.42657470703125,520.682373046875,185.01968383789062
2025-10-08,257.3320007324219,225.22000122070312,244.2881317138672,521.5468139648438,189.0892333984375
2025-10-09,253.32330322265625,227.74000549316406,241.2023162841797,519.1123046875,192.54885864257812
2025-10-10,244.57806396484375,216.3699951171875,236.24905395507812,507.74432373046875,183.139892578125
2025-10-13,246.96133422851562,220.07000732421875,243.8187713623047,510.81488037109375,188.29933166503906
2025-10-14,247.07101440429688,216.38999938964844,245.11700439453125,510.3379211425781,180.01022338867188
2025-10-15,248.63658142089844,215.57000732421875,250.68943786621094,510.19879150390625,179.8102569580078
2025-10-16,246.75192260742188,214.47000122070312,251.1188507080078,508.3902587890625,181.7900390625
2025-10-17,251.5782470703125,213.0399932861328,252.95635986328125,510.3478698730469,183.19989013671875
2025-10-20,261.50018310546875,216.47999572753906,256.2019348144531,513.5376586914062,182.6199493408203
2025-10-21,262.0286560058594,222.02999877929688,250.12020874023438,514.4021606445312,181.14010620117188
2025-10-22,257.72088623046875,217.9499969482422,251.34854125976562,517.2640380859375,180.2602081298828
2025-10-23,258.84765625,221.08999633789062,252.7366485595703,517.2838745117188,182.13999938964844
2025-10-24,262.0785827636719,224.2100067138672,259.5674133300781,520.3146362304688,186.23953247070312
2025-10-27,268.0516662597656,226.97000122070312,268.9046630859375,528.1749877929688,191.46897888183594
2025-10-28,268.2411193847656,229.25,267.1071472167969,538.6585083007812,201.0079345703125
2025-10-29,268.93914794921875,230.3000030517578,274.197509765625,538.1417846679688,207.01727294921875
2025-10-30,270.63433837890625,222.86000061035156,281.09814453125,522.4512329101562,202.8677215576172
2025-10-31,269.6072692871094,244.22000122070312,280.80853271484375,514.5512084960938,202.4677734375
2025-11-03,268.29095458984375,254.0,283.3350830078125,513.776123046875,206.85728454589844
2025-11-04,269.2781982421875,249.32000732421875,277.1634826660156,511.0931701660156,198.66818237304688
2025-11-05,269.3779296875,250.1999969482422,283.9242858886719,503.96826171875,195.18858337402344
2025-11-06,269.0089416503906,243.0399932861328,284.36370849609375,493.9715576171875,188.05935668945312
2025-11-07,267.7126159667969,244.41000366210938,278.4516906738281,493.6933288574219,188.1293487548828
2025-11-10,268.93035888671875,248.39999389648438,289.7064208984375,502.8155517578125,199.0281524658203
2025-11-11,274.73956298828125,249.10000610351562,290.9147644042969,505.47869873046875,193.1387939453125
2025-11-12,272.9628601074219,244.1999969482422,286.3210144042969,507.9232177734375,193.7787322998047
2025-11-13,272.44384765625,237.5800018310547,278.19207763671875,500.12261962890625,186.8394775390625
2025-11-14,271.9048156738281,234.69000244140625,276.0350036621094,506.96923828125,190.1491241455078
2025-11-17,266.9639892578125,232.8699951171875,284.63330078125,504.296142578125,186.5795135498047
2025-11-18,266.9440612792969,222.5500030517578,283.8943176269531,490.6824035644531,181.340087890625
2025-11-19,268.06195068359375,222.69000244140625,292.4127502441406,484.0543518066406,186.49951171875
2025-11-20,265.7562561035156,217.13999938964844,289.05731201171875,476.308837890625,180.6201629638672
2025-11-21,270.98651123046875,220.69000244140625,299.2534484863281,470.0268249511719,178.86036682128906
2025-11-24,275.4083251953125,226.27999877929688,318.14776611328125,471.89849853515625,182.52996826171875
2025-11-25,276.4563903808594,229.6699981689453,323.0011901855469,474.8752136230469,177.80047607421875
2025-11-26,277.0352783203125,229.16000366210938,319.5159606933594,483.3475341796875,180.24020385742188
2025-11-28,278.3328857421875,233.22000122070312,319.74560546875,489.82867431640625,176.98056030273438
2025-12-01,282.57501220703125,233.8800048828125,314.4627990722656,484.5820007324219,179.90025329589844
2025-12-02,285.6592712402344,234.4199981689453,315.38153076171875,487.82757568359375,181.44007873535156
2025-12-03,283.623046875,232.3800048828125,319.1963806152344,475.6119689941406,179.57028198242188
2025-12-04,280.179443359375,229.11000061035156,317.1890869140625,478.70819091796875,183.37008666992188
2025-12-05,278.26300048828125,229.52999877929688,320.8341064453125,481.01788330078125,182.40013122558594
2025-12-08,277.3746643066406,226.88999938964844,313.49932861328125,488.8430480957031,185.5399627685547
2025-12-09,276.66595458984375,227.9199981689453,316.85693359375,489.8385925292969,184.95999145507812
2025-12-10,278.26300048828125,231.77999877929688,319.9847412109375,476.43829345703125,183.77005004882812
2025-12-11,277.514404296875,230.27999877929688,312.210205078125,481.3265075683594,180.92019653320312
2025-12-12,277.7639465332031,226.19000244140625,309.07244873046875,476.4084167480469,175.01052856445312
2025-12-15,273.6016540527344,222.5399932861328,308.003173828125,472.7148742675781,176.28045654296875
2025-12-16,274.1007385253906,222.55999755859375,306.3543395996094,474.2779235839844,177.71038818359375
2025-12-17,271.33587646484375,221.27000427246094,296.5112609863281,474.00909423828125,170.93075561523438
2025-12-18,271.68524169921875,226.75999450683594,302.2472229003906,481.8342590332031,174.1305694580078
2025-12-19,273.1625061035156,227.35000610351562,306.9439392089844,483.7656555175781,180.98020935058594
2025-12-22,270.4674987792969,228.42999267578125,309.56207275390625,482.7701110839844,183.6800537109375
2025-12-23,271.85491943359375,232.13999938964844,314.1288757324219,484.6915283203125,189.19976806640625
2025-12-24,273.3022155761719,232.3800048828125,313.8690490722656,485.8563232421875,188.59979248046875
2025-12-26,272.8929748535156,232.52000427246094,313.2894592285156,485.5476989746094,190.51968383789062
2025-12-29,273.2523498535156,232.07000732421875,313.33941650390625,484.9404296875,188.20980834960938
2025-12-30,272.5735778808594,232.52999877929688,313.6292419433594,485.3187255859375,187.52984619140625
2025-12-31,271.3558349609375,230.82000732421875,312.7798156738281,481.4758605957031,186.4899139404297
