,AAPL,AMZN,GOOGL,MSFT,NVDA
2022-01-04,-0.012691636612537076,-0.016915587005979515,-0.004082967893965709,-0.017146731942483968,-0.02758863458605532
2022-01-05,-0.026600006114584535,-0.018893091563845044,-0.045876251479230364,-0.038388139349356996,-0.057562382890062345
2022-01-06,-0.016693378666103695,-0.006710981961323146,-0.0001996603540643612,-0.007901793143888697,0.020794211559475514
2022-01-07,0.000988465452982692,-0.004287778294336282,-0.005303224912938297,0.0005100082945738468,-0.03303995353237257
2022-01-10,0.00011603657146379681,-0.006570176170610371,0.012060492673539834,0.0007319876905818627,0.0056151111820631795
2022-01-11,0.016783921010017418,0.024002125643924784,0.00769114872742071,0.00225947785638112,0.015218868182471295
2022-01-12,0.002570191977677636,-0.0009373300985386952,0.012126278712506487,0.010445058313355772,0.006543121697556573
2022-01-13,-0.019028156952507234,-0.024169655027437873,-0.020105169148497574,-0.04232293947574887,-0.05085892722967778
2022-01-14,0.0051109085742436855,0.005731487003565722,0.006447167386009771,0.017716849908643188,0.01380973222662551
2022-01-18,-0.018894330880078494,-0.01986273884619019,-0.02496761824840617,-0.02433932130265346,-0.03856420955681282
2022-01-19,-0.02102469888062099,-0.01647710180601349,-0.0064816642636830075,0.0022468903884906456,-0.03227434867511266
2022-01-20,-0.010347285639090868,-0.029632309634156712,-0.013388581652255094,-0.005703278693318661,-0.036581990770503184
2022-01-21,-0.012765005066780846,-0.05950180896147472,-0.02217425048976754,-0.018468264016375524,-0.0321324340153767
2022-01-24,-0.0048640756387114455,0.013326983483115347,0.0034713890714034236,0.0011486217929715433,-8.552492311546527e-05
2022-01-25,-0.011385058690613471,-0.03153374554357322,-0.029578571226100466,-0.02658831263579005,-0.04483998970669393
2022-01-26,-0.0005630462325037095,-0.007954330670553542,0.018103728192096085,0.028492873349950508,0.020067896903889198
2022-01-27,-0.0029432904920399013,0.005508645722495668,-0.0017642287108029203,0.01054923254576137,-0.03636030376597193
2022-01-28,0.06977773011496975,0.031084056738273746,0.03368847030325032,0.028081655820176986,0.040831341902198996
2022-01-31,0.026125629575057166,0.03886361030218927,0.01464191225028416,0.008823688103688639,0.07206637535906169
2022-02-01,-0.000972475374896401,0.010830762802234422,0.017298414941140337,-0.007138649787258579,0.0062075980381826636
2022-02-02,0.007044035591311856,-0.0038427158906232826,0.07523728035883642,0.015222036209884849,0.024515164173014727
2022-02-03,-0.01671965582536203,-0.07812763251781235,-0.0331756727256851,-0.038952246128955675,-0.05126395976673745
2022-02-04,-0.0016791278031915253,0.13535901735711856,0.0014187140805679071,0.015568387591856274,0.015492037752095953
2022-02-07,-0.004234674307502531,0.001877735318982695,-0.02855697700773395,-0.016310048210359827,0.016818075476267996
2022-02-08,0.018466553254521154,0.022021627828944044,0.001422651345976053,0.011994889018906798,0.01536715690169156
2022-02-09,0.008293907951548642,-0.0013877341505965698,0.015731560032390193,0.021834833794005342,0.06360515772175884
2022-02-10,-0.023598772063055037,-0.013561706274733841,-0.02098984636718084,-0.028373065499413087,-0.03299002582356445
2022-02-11,-0.020218528558433858,-0.035911106743631974,-0.03129055504298439,-0.024273938542314823,-0.07260685723124219
2022-02-14,0.001423289256781976,0.012221683270054289,0.009260444222227288,-0.0001358317207119429,0.013278277237034961
2022-02-15,0.023152482924127745,0.008658352201907263,0.007987375675812513,0.018542528460611343,0.09181198795490049
2022-02-16,-0.0013890149369850736,0.010159039538768958,0.00826813832981939,-0.0011672862108609598,0.0006037477805777152
2022-02-17,-0.021269103388004286,-0.021808901106176712,-0.03774560883334527,-0.029282128199815037,-0.07559126355495241
2022-02-18,-0.009355824256968803,-0.013261957754408204,-0.016115848008920387,-0.009630899435641146,-0.03529597549439726
2022-02-22,-0.01781230133613923,-0.015753494788264887,-0.0045206262642994285,-0.0007293004984871023,-0.010658996427250033
2022-02-23,-0.025864239376193025,-0.03575624663287666,-0.01714402502761113,-0.025893020493444746,-0.04288175443111925
2022-02-24,0.016680107030808508,0.045095224278192576,0.039996011124717526,0.051093448782694326,0.06079431909438926
2022-02-25,0.012965675437715946,0.016057930128421098,0.013328148257909733,0.009233187705066433,0.017222614498610418
2022-02-28,0.0016379418516458894,-0.0014662630028149512,0.004443513317267194,0.004977960564233375,0.009438170957325739
2022-03-01,-0.011628004673745508,-0.015765550251120215,-0.0073710426368117435,-0.01285173367728774,-0.03723589767945932
2022-03-02,0.020588147645529693,0.006024183962390823,0.003804295560369867,0.017765334445229895,0.03182360043528916
2022-03-03,-0.001981344978636738,-0.027319556126581337,-0.004993492614139914,-0.014224216691793542,-0.020891463685280293
2022-03-04,-0.018408110656465988,-0.01526379299173933,-0.014884343949299265,-0.020478555534330676,-0.03280771393352046
2022-03-07,-0.023717551463832854,-0.056220454242336265,-0.04190849455484132,-0.0377768080220732,-0.06906181325707823
2022-03-08,-0.011675903815704663,-0.010465446730283344,0.00574457241474307,-0.010971259514511934,0.007586994174286713
2022-03-09,0.03499736933349782,0.024001199930983774,0.04968748328116047,0.04585822704902467,0.06972215109414814
2022-03-10,-0.02718628710798474,0.05412515560997302,-0.00742365954047318,-0.010086587022181856,-0.015468899672094995
2022-03-11,-0.02390882044489416,-0.008806846762653931,-0.019323844917126513,-0.019328284039284684,-0.024627059700892136
2022-03-14,-0.026562607196858993,-0.025229488143872755,-0.030180038344241447,-0.012961206798752374,-0.0348417926511719
2022-03-15,0.029677477443912494,0.038867730338306615,0.02578004477160806,0.03874290750273075,0.07702787613576526
2022-03-16,0.029015288550266798,0.03893356372370509,0.03159871841313005,0.0252130206388241,0.06629525442958167
2022-03-17,0.006454468166904082,0.027007748989816845,0.004190430852985044,0.002819466713346342,0.011022167583750532
2022-03-18,0.020918847391403716,0.025512151358369848,0.017083989846164774,0.017647781995694126,0.06811746388373664
2022-03-21,0.008537352223052942,0.0014945523217748248,-0.0001763111702280958,-0.004227097495479724,0.010622672917847251
2022-03-22,0.02080067185291624,0.021038300442376992,0.02767409191930804,0.016379061542378184,-0.007855066345894954
2022-03-23,0.008233681734203288,-0.00898181649254694,-0.011385563041385948,-0.01502990832287243,-0.03355456228337208
2022-03-24,0.022677966880907705,0.001477901005191189,0.02383991706036033,0.01539257971545674,0.09815101182056887
2022-03-25,0.003734054843449182,0.006868294014676454,0.0007134312423983983,-0.0013808346553943207,-0.016270148130368627
2022-03-28,0.005036647152863321,0.025592678900108867,-0.0015351998621284753,0.023116352254293305,0.01903086060513388
2022-03-29,0.019134404565036744,0.0019202776425126915,0.007422858781115014,0.015159169858957182,0.015485918638797124
2022-03-30,-0.006649535235455269,-0.01780118433038687,-0.003978651978341054,-0.0049141182016528544,-0.033710165301110054
2022-03-31,-0.017775734106163888,-0.01986456735857169,-0.0202273355942315,-0.017682939420510732,-0.01459021339366256
2022-04-01,-0.0017182380610040128,0.0034509732261244963,0.007787620566292349,0.0036000868335858117,-0.021036332427456752
2022-04-04,0.023693780123380213,0.02926448456153091,0.020128409420730544,0.017936987430897524,0.024258673341283166
2022-04-05,-0.01894228995214241,-0.025492089193307636,-0.016650213376256082,-0.012985405684393483,-0.05222953601821426
2022-04-06,-0.018450805835345273,-0.03230012013198521,-0.028757166037588842,-0.036605904623656996,-0.058771297136074416
2022-04-07,0.0018040056618526283,-0.006119432350275123,-0.0048297247667555936,0.0062438504934014165,-0.008153265291071618
2022-04-08,-0.011908848693572739,-0.02106674055044381,-0.01914082259922007,-0.014600306678090078,-0.04498527891134984
2022-04-11,-0.02551582157079855,-0.021613947156313575,-0.033491275202645575,-0.03943121550331545,-0.05199187766644246
2022-04-12,0.011523338734339972,-0.0022133635624076945,-0.008608896833384637,-0.011218116560021411,-0.01884378266419423
2022-04-13,0.016342633272878753,0.03152445706895662,0.0170654261200703,0.019712307708689557,0.03250564253852032
2022-04-14,-0.029988263286590783,-0.024652684274885994,-0.02435830500990649,-0.027084428866138936,-0.042562006373362556
2022-04-18,-0.0013310457026622705,0.0071091646678710235,0.0074686523344553845,0.002465894262327494,0.024696680233037886
2022-04-19,0.014115197591896713,0.03488883060861978,0.01826892807318633,0.01703982970313455,0.019051808758216146
2022-04-20,-0.0010153595479973885,-0.026041044919075062,-0.015145268381672503,0.003715023099077256,-0.03225532381561259
2022-04-21,-0.004843799242534756,-0.037026427673936844,-0.02519133802522432,-0.01938097937720358,-0.06046919101069026
2022-04-22,-0.027821270221644736,-0.026608937569704345,-0.041493491049719576,-0.024144272308905458,-0.03309716709388661
2022-04-25,0.006737443756281217,0.011943186356370457,0.028741361822106983,0.02441318020534871,0.01983072954787417
2022-04-26,-0.03732794670692791,-0.045750773051087074,-0.03594584019820842,-0.03740373256858845,-0.05597424049121034
2022-04-27,-0.0014671372878836907,-0.008781047317448939,-0.03670871722385022,0.04810883867922784,-0.019852994496472435
2022-04-28,0.04515542019060188,0.04653418536434309,0.03699210553662375,0.022632782701598738,0.07423293734768685
2022-04-29,-0.036604669474418594,-0.14049437774923398,-0.037233418726051244,-0.0418118725528401,-0.0624304946275903
2022-05-02,0.00196636776465998,0.0017580913238785562,0.02167654782358154,0.02504293077101318,0.05316218397580622
2022-05-03,0.009622677668373422,-0.0019799044812060743,0.006441750843439286,-0.009455857273601717,0.003532568874381182
2022-05-04,0.04100823685420218,0.013480468532934876,0.04199130211592568,0.02910062705097549,0.03734309104416403
2022-05-05,-0.0557159493482151,-0.0756103649042452,-0.04707557755513937,-0.04355497660812274,-0.07327633759833437
2022-05-06,0.004727198713667403,-0.014041240035030185,-0.006514703575309044,-0.009446344149684259,-0.008968306568585141
2022-05-09,-0.033189337079195434,-0.05213354825727936,-0.027953319398111114,-0.03694528872581715,-0.0923695563978744
2022-05-10,0.016112116187720422,0.0006434445934944982,0.016744931700104135,0.018595465591640367,0.038052851627484306
2022-05-11,-0.05184140788810136,-0.03203225709010709,-0.006927678578092997,-0.03320969230828788,-0.05484487537032693
2022-05-12,-0.026894362608748498,0.014790404884573298,-0.0066767790383144045,-0.01995785624528898,-0.02735990451179033
2022-05-13,0.031916533682019514,0.05727556035084921,0.028415388011244595,0.022596469385230876,0.09465172205999114
2022-05-16,-0.010672106215521844,-0.019853161739721945,-0.013834553293574482,0.0014550790649863882,-0.02496306187312969
2022-05-17,0.025422417350941546,0.041133273579996465,0.017720297371103297,0.02034428908512418,0.05288461059547249
2022-05-18,-0.05641899104506316,-0.07156196640827216,-0.039266684617679425,-0.045529559443189385,-0.0681630298305501
2022-05-19,-0.02464152590529168,0.0019278532990964746,-0.01354331323571002,-0.0036997610914934545,0.01098118600418851
2022-05-20,0.0017473477292242235,0.002534529516761649,-0.013371613471880713,-0.0022911734002593206,-0.025110940109748358
2022-05-23,0.04011934861674388,-0.00031605069518388947,0.02368981168932348,0.03203200771706043,0.012220029901936208
2022-05-24,-0.019216163595431122,-0.032141104325375945,-0.04949407545030352,-0.003951447542048607,-0.04402883125668089
2022-05-25,0.0011396587034350114,0.02569647541755545,-0.001557073494522259,0.0111697483193774,0.05082305826454307
2022-05-26,0.023199664949358594,0.0402949922948654,0.018784689371606583,0.012875518948144144,0.05160568660457332
2022-05-27,0.04075689379174703,0.03663208360378181,0.04196930441636608,0.02760432581806587,0.0537782944851879
2022-05-31,-0.00534626305594718,0.04397010379074827,0.012869985633048878,-0.005013946933775498,-0.007389232866935603
2022-06-01,-0.0008733144957029706,0.012266042992872601,0.0011427579170809445,0.0020228783879529446,-0.018851960085618534
2022-06-02,0.016811161820162696,0.03145034300738619,0.03275465017354146,0.007929060140882594,0.06943249022164276
2022-06-03,-0.038555551575326585,-0.025185068024527173,-0.026198251099904982,-0.016607203021509035,-0.044508320537308216
2022-06-06,0.0052275509256885,0.01994280728922402,0.019901207860201418,-0.0047034441382925885,0.0035259357310608165
2022-06-07,0.017585982678583505,-0.014344105316090417,0.0028163391923329197,0.01395343432995524,0.0074520603679546354
2022-06-08,-0.005043505547217631,-0.014796745486375763,0.00037986359187061706,-0.007669653804737914,-0.014480184487289239
2022-06-09,-0.03595531314660616,-0.04150848957443051,-0.02012473173500696,-0.020783118195586387,-0.03217498062229529
2022-06-10,-0.038628796555601336,-0.05596211721574331,-0.031993717719528976,-0.04456365122974136,-0.05950799346808366
2022-06-13,-0.03828504518337934,-0.054537193558745464,-0.04290144909002483,-0.042412771151902416,-0.07817831686544806
2022-06-14,0.006672762248809514,-0.013118555361940338,0.0030358403116761347,0.009205025387527852,0.012078898138518488
2022-06-15,0.020111286453582573,0.05238980293477035,0.028571397678399134,0.029735302609535226,0.04363456525852611
2022-06-16,-0.03965123741563493,-0.037243378610853535,-0.033991096436997964,-0.026970066578086316,-0.05602932289352384
2022-06-17,0.011533261834741316,0.024696097512579007,0.010468513858290018,0.01094010733194619,0.01788329788879366
2022-06-21,0.03276052306097101,0.023159471438540927,0.041070992027437477,0.024591076360050725,0.04319925642892194
2022-06-22,-0.003827178512078959,0.00248432685230263,-0.0005064671105334125,-0.0024041579669951455,-0.012435239733353476
2022-06-23,0.021573787066721653,0.03203309399652416,0.0067676323857194425,0.02263682540536984,-0.008252045232516237
2022-06-24,0.024517135338090253,0.035752370649060346,0.05107706103163087,0.034149978484647826,0.0555318691232578
2022-06-27,0.0,-0.02782069284939152,-0.01815203414242254,-0.01049710522802758,-0.015006245723425222
2022-06-28,-0.029789481132676682,-0.05140434227234391,-0.033030251210729125,-0.031749003882542086,-0.05258187703071684
2022-06-29,0.013023761910230266,0.014152668728781634,-0.0027319422695456395,0.014737978948344485,-0.027531011558311568
2022-06-30,-0.018027920358760757,-0.02488063835870791,-0.024516277338824995,-0.013179109853507004,-0.024642810828484664
2022-07-01,0.016164614810478525,0.03154127203651248,-0.0020694779534660437,0.010707306083054112,-0.04195539058006411
2022-07-05,0.018930419214541316,0.03596205302303972,0.041618434463144185,0.01259745732437268,0.030365613485971166
2022-07-06,0.009607345282553326,0.007312791463036894,0.011557253835987756,0.01278285171892006,0.011093417805003879
2022-07-07,0.02399945371878541,0.017493221096553446,0.03675426499963307,0.008226821114567554,0.048116313473075364
2022-07-08,0.004714410043596089,-0.0067910332940134994,0.00480290065046781,-0.002757189734774142,-0.0012612030556797237
2022-07-11,-0.01475805078896758,-0.03280250030721618,-0.030807765519056673,-0.01176848445667751,-0.043313566742865836
2022-07-12,0.006834053910023895,-0.022639810105564876,-0.014315854797384408,-0.040981578895120066,-0.004619825761419872
2022-07-13,-0.002536557860037283,0.010803884746268498,-0.02339036373766005,-0.0037450948173157307,0.005436873674768375
2022-07-14,0.020482290038393327,0.0020832946047120216,-0.008854779583833166,0.005381498145281479,0.01371666824671269
2022-07-15,0.01145004916314669,0.02639434033114042,0.012775460766491402,0.01039031653980536,0.025370882837300466
2022-07-18,-0.02064311209928578,0.0018493974357441055,-0.02457992339307906,-0.009621292718110873,0.021507587339443347
2022-07-19,0.026721862943122895,0.039117412664191095,0.04384111458767531,0.020766863035307587,0.05533790151712096
2022-07-20,0.01350998928791431,0.038575396277054225,0.0007907388321911475,0.010557631182091914,0.047963711062398766
2022-07-21,0.015094299324010615,0.015150286399039406,0.003863042484147235,0.009798928844792897,0.013646605905654533
2022-07-22,-0.008111081965872818,-0.01773248120979195,-0.056323223439950776,-0.016915817505347455,-0.04049893529973279
2022-07-25,-0.007397891979079796,-0.01045579805948385,-0.0036143827595553576,-0.005876441004321771,-0.01703326116641261
2022-07-26,-0.00882656293330009,-0.0522536062650467,-0.02316070932825035,-0.026774501860168054,-0.02884153667863633
2022-07-27,0.034234791253689396,0.053653895941994004,0.07655688454987038,0.06685212667543838,0.07602982622169993
2022-07-28,0.0035716629278602116,0.010829110898360094,0.010260026075136727,0.02854040302261681,0.010904949279979965
2022-07-29,0.03279313992254745,0.10361464095050726,0.018385577953820106,0.015665381311409262,0.009953418705815491
2022-08-01,-0.006153629250542207,0.003260485004493965,-0.012551551392543957,-0.009724606732319794,0.015305424814575001
2022-08-02,-0.00928721081066495,-0.009084834427092145,0.002350530642489091,-0.011474278261260245,0.0046094101417797125
2022-08-03,0.03824776372726519,0.039952299225118316,0.025623288733414008,0.027836569731388774,0.019810038942573625
2022-08-04,-0.001926219036935454,0.021860686341448422,0.0009315892332518985,0.004177225861527012,0.017043294877243563
2022-08-05,-0.0013891337411555138,-0.012414983387324706,-0.006091869568983859,-0.0026083986053846635,-0.01176137227940716
2022-08-08,-0.002903114942783734,-0.009872154542052647,-0.0014471395272616426,-0.009154998591324275,-0.06298400537480253
2022-08-09,0.000303478806120599,-0.011333489631663503,-0.005711890758539932,0.007063223461968548,-0.03973460088938078
2022-08-10,0.026194367317548553,0.03526083251677465,0.026322522195356867,0.024300355024957893,0.05917138922643644
2022-08-11,-0.004431515809667539,-0.01436683030823844,-0.007184569803342508,-0.007400765634058772,-0.008565365196629803
2022-08-12,0.021425757089758326,0.020691152408548436,0.023897540486993517,0.017037231263650147,0.04274919149036757
2022-08-15,0.006333367954733272,-0.002577571355697938,0.003287435920729559,0.005343957352936092,0.017264314062820856
2022-08-16,-0.0009238688619576219,0.0111747882760317,-0.0031128340431795533,-0.0025897956505491226,-0.008038870047151132
2022-08-17,0.008784690594126112,-0.01851079360669591,-0.017666281959783963,-0.0026361747965784467,-0.028815227800953153
2022-08-18,-0.0022916762950909685,0.0014074379989575487,0.005186082679533962,-0.003947427133418737,0.023888602931216644
2022-08-19,-0.015101611597820643,-0.02860159688639215,-0.02463171996480817,-0.013854044309902698,-0.04921942863934884
2022-08-22,-0.02302961067752972,-0.03624390263825939,-0.02533914777014082,-0.02935502389018358,-0.04566088400432153
2022-08-23,-0.002029180084538039,0.0030025063265215896,-0.003326392575060823,-0.004716520900360168,0.008629626136265885
2022-08-24,0.0017940607498973169,0.0013471631578226134,-0.001492954475022604,-0.0023515033544759516,0.002386437403219856
2022-08-25,0.01492261880186136,0.026008936084948347,0.02603558663479804,0.011095565870778005,0.040123202064519796
2022-08-26,-0.03769887721635294,-0.047567007847917175,-0.05409339988298768,-0.03858688468745446,-0.09227923979196472
2022-08-29,-0.013690478565415226,-0.007342307563037763,-0.008337950849181382,-0.010668260855578836,-0.02822905405810276
2022-08-30,-0.015305699837187136,-0.008167020675137084,-0.004386778627862551,-0.00852073887700739,-0.02107456117283505
2022-08-31,-0.010634944125632937,-0.015225659516225369,-0.0066090549496982546,-0.005704055999498261,-0.024178920690753964
2022-09-01,0.004706750501293447,0.008282741023605144,0.0140454411918054,-0.004092497238865934,-0.07665299542463025
2022-09-02,-0.013611000190702195,-0.002425266463259917,-0.01722249782050708,-0.01666655083188011,-0.02080788160593766
2022-09-06,-0.008214884876190142,-0.010979542799969197,-0.00964313159305855,-0.010974027614286001,-0.013336384140162782
2022-09-07,0.009253579894292508,0.026722663554652925,0.02471689132454003,0.01911146531943221,0.018795018158898072
2022-09-08,-0.009617719997795445,0.0026259778181887176,-0.00977626597931971,0.0016661818021727255,0.02012556351821561
2022-09-09,0.018839783848057248,0.0265752330426696,0.020945004785602524,0.022976793950677588,0.0283773095923126
2022-09-12,0.03850813152471459,0.023861278411006753,0.0018978420259072573,0.00828121546691733,0.008201788053382078
2022-09-13,-0.058679653350275245,-0.07057528375812856,-0.058993246449665894,-0.054978310522495084,-0.09472586442605681
2022-09-14,0.009555457145683288,0.013641407988460977,0.006518304817485695,0.0009126186816472777,-0.0002284954808873566
2022-09-15,-0.018929929127983462,-0.017658531455242134,-0.019904620928815887,-0.027119239258149033,-0.015158270011726345
2022-09-16,-0.010960226906412938,-0.021777003694830984,-0.0010689149660952132,-0.0026081725905156205,0.020805897740840986
2022-09-19,0.0250830112980767,0.009147615105472537,0.002626283397057952,-0.000898821436627623,0.013941483033442701
2022-09-20,0.01566545482059969,-0.019813903001303104,-0.018725115866295678,-0.008465584355988333,-0.015393685650323669
2022-09-21,-0.020267681158616272,-0.029871523471236453,-0.018390237751059975,-0.014436032694870636,0.006450960164650594
2022-09-22,-0.006375243802593435,-0.010376272544574258,0.00866222021112399,0.00849550266956445,-0.052786370173564315
2022-09-23,-0.015123625518133819,-0.03009120154088929,-0.013980458990643384,-0.012698142145448621,-0.0035825838605908476
2022-09-26,0.0022600748625903827,0.012040804722097726,-0.0057726111465454194,-0.0019755771123302814,-0.023010517679044044
2022-09-27,0.006566272891670415,-0.006426381710496317,-0.0068249445104483965,-0.004379832859310959,0.015129250276938384
2022-09-28,-0.012651426533530843,0.03146576661908937,0.02615394070879274,0.019711542206005885,0.026020991884869275
2022-09-29,-0.049119298260173194,-0.027201076403397067,-0.026286961245886403,-0.014808849535453507,-0.04051488272664679
2022-09-30,-0.03003929077618047,-0.015679468675155676,-0.018168778011179876,-0.01936834734051326,-0.006628600435780173
2022-10-03,0.03075241374253023,0.02548670135768114,0.031259904584645,0.03366224679003112,0.030727516076549437
2022-10-04,0.025623167063428976,0.04496029692750949,0.030413568285827274,0.03381256159991078,0.052349525689630194
2022-10-05,0.002053211138598614,-0.0011561598305592639,-0.0020660786426773786,0.0012856519922420778,0.0031900457460363576
2022-10-06,-0.006625527327380509,-0.0053740712102913505,-9.866784006314742e-05,-0.009670868278349638,-0.005980913215778807
2022-10-07,-0.03671882464875606,-0.047714092664606876,-0.02701626693399365,-0.050852906045687915,-0.08027413109104646
2022-10-10,0.0023557698442153987,-0.007768849586377055,-0.008309764743364229,-0.021303016599328272,-0.03362053566097985
2022-10-11,-0.010254818548201865,-0.012844190270001506,-0.006948753620035024,-0.01675016820325832,-0.00719777789688201
2022-10-12,-0.004605230415300589,0.0061492063723020815,0.0039102638032929675,0.0015082529776528895,-0.007422797466589169
2022-10-13,0.03361314796175987,-0.003277260775742499,0.015375284583666929,0.037608060957572284,0.0399999767496549
2022-10-14,-0.03224013546187711,-0.05003107895219998,-0.025237389691836032,-0.02424867529675778,-0.06128773540276313
2022-10-17,0.02912278932146045,0.06445275295885258,0.03531501611941592,0.03924555162984746,0.05887601403902239
2022-10-18,0.009409381724085918,0.02258546158842263,0.008002241945087427,0.004083923163410593,0.006645355432412793
2022-10-19,0.0007651189659432313,-0.01108629175628058,-0.011312874174017513,-0.008469762724703513,0.007019061393446711
2022-10-20,-0.003266664945132584,0.0015642678860967926,0.003412767957026657,-0.0013954576983459543,0.011866714284820001
2022-10-21,0.02705885273369534,0.03531453097461361,0.011603389326045268,0.02528069108939158,0.02230580097580244
2022-10-24,0.014802795276724944,0.0041904123472914214,0.01374456192427366,0.021187787191351053,0.010669022750822729
2022-10-25,0.019337492065740546,0.006509754475742734,0.019118430829717148,0.013791765485629817,0.05254391354908821
2022-10-26,-0.01962701708969339,-0.04096181487988796,-0.0914051364633294,-0.07715638671389774,-0.027524318504357614
2022-10-27,-0.03046547458525333,-0.04063638620803932,-0.028547317815590063,-0.019756195279714964,0.02171232339609679
2022-10-28,0.07555249217779537,-0.0680424971580574,0.04413358406509772,0.04022045565276777,0.049938954682095436
2022-10-31,-0.015410466206349763,-0.009380148789788165,-0.01848577020301074,-0.015856043395150073,-0.024360183311922183
2022-11-01,-0.017542349824818768,-0.055154250207194215,-0.0427468635009516,-0.017059562980900195,0.003408212552696158
2022-11-02,-0.037305230323953824,-0.04824876665742584,-0.03868673092489678,-0.035368246661567314,-0.02392381979552352
2022-11-03,-0.04240495102932989,-0.030612240672440172,-0.040703827827795955,-0.026578780262611006,0.015281110495556121
2022-11-04,-0.0019474148739071252,0.01881299269611516,0.03775626407413005,0.033325410149627706,0.05476484450648543
2022-11-07,0.00390242939686608,-0.00494619214148912,0.022060578275444484,0.02926957047146843,0.010242979689564403
2022-11-08,0.00417478281053787,-0.006075283660437413,0.004633291160609923,0.004388478143627404,0.021047478086004812
2022-11-09,-0.03318988762245131,-0.042676192754212174,-0.01777284945596894,-0.019050061713326984,-0.056567630097570806
2022-11-10,0.08897465508439503,0.12177847617944293,0.07581310761291923,0.08226788664856675,0.14329288580882757
2022-11-11,0.01926877914071084,0.04305085149903829,0.026293378333982424,0.016997419240010678,0.036634857059880455
2022-11-14,-0.009485738014756698,-0.02281975425008139,-0.007364359207874593,-0.02250002420062779,-0.0019600320043421096
2022-11-15,0.01186960389304589,0.004569038353104251,0.028631110233709043,0.00173864038009548,0.022767825539457887
2022-11-16,-0.008331126951096916,-0.018394983322362963,0.004164895087200781,0.0018235550790964901,-0.04536196786258983
2022-11-17,0.012971239002428673,-0.023373189953300597,-0.004956865071746803,-0.00020690104241899844,-0.014644744485232994
2022-11-18,0.003781837051130783,-0.007485493894513584,-0.009455004402277953,-0.0019032081947430676,-0.017095147358853306
2022-11-21,-0.02168035356171083,-0.017845764989037304,-0.018782906385097033,0.003440764629397615,-0.005970558268237539
2022-11-22,0.014661410553464526,0.008003437930963633,0.015167406984698055,0.012311485623924963,0.04707193339852035
2022-11-23,0.005926259942454708,0.00997854437368972,0.014528706755026686,0.010406896318066712,0.02999100091348409
2022-11-25,-0.019593549081609846,-0.0076489282090407154,-0.010156519418398848,-0.00036358399500211456,-0.015073238290562006
2022-11-28,-0.026264420930610956,0.0057808935334819405,-0.014467428750304963,-0.02315235195557082,-0.027228094393763582
2022-11-29,-0.021148252099637773,-0.016285245651894632,-0.008953676867553769,-0.005914804869535775,-0.011878368136073693
2022-11-30,0.04859378304546088,0.0445791260355859,0.060930776100372466,0.06162329029793152,0.08237895294099329
2022-12-01,0.0018915257570479619,-0.010772746070691943,0.0,-0.0017635616860318926,0.012527570550088676
2022-12-02,-0.003371198103088978,-0.014345578498241165,-0.005446109233721714,0.0012956783937432806,-0.015115322192885052
2022-12-05,-0.007983128566258834,-0.033145598727553446,-0.009557893891960729,-0.01890049970572967,-0.015762075189422887
2022-12-06,-0.02537005358776409,-0.03032636052572655,-0.02513060657543725,-0.020303798027299872,-0.037507516458616
2022-12-07,-0.01378497685962869,0.0023795930251859065,-0.02103533815609313,-0.003059761902993665,0.008319642429746437
2022-12-08,0.012132680737251244,0.021365582288143933,-0.012955630259999011,0.012399269342302753,0.06507390600259445
2022-12-09,-0.0034347947591830854,-0.013945790343221428,-0.009390602846543675,-0.008003272099452946,-0.009784909047031753
2022-12-12,0.016390037281492187,0.016387998359881355,0.005170590026662137,0.028889355539538242,0.03141006807708515
2022-12-13,0.006782322273074604,0.021424569261503282,0.024863413836290503,0.017464737717879618,0.030624584862310397
2022-12-14,-0.01553547276593307,-0.009838858835905653,-0.005855771394134028,0.0011676433779148404,-0.022023049891351742
2022-12-15,-0.04685450873739446,-0.03417782070573314,-0.044283255669814475,-0.03191832514741876,-0.04085118565332469
2022-12-16,-0.014578853029277642,-0.0066703941011537855,-0.00660368948131321,-0.01734859549085376,-0.02247520685405786
2022-12-19,-0.01590942913869543,-0.03346235398341054,-0.020163924408741783,-0.01732798695648577,-0.01912967871892232
2022-12-20,-0.0005289426715004587,0.003179513404178055,0.006558241709303936,0.005614237938714929,-0.010397407666929604
2022-12-21,0.02380973884530244,0.018546709195681473,0.006290752190732696,0.010876846886524483,0.025862613368685103
2022-12-22,-0.023772934092880643,-0.034343619255829336,-0.02031707015681935,-0.025528861007009192,-0.07042014274675376
2022-12-23,-0.0027977276912022142,0.01742450254827602,0.016750365316931887,0.0022670428797828845,-0.008670671690913238
2022-12-27,-0.013878603015689224,-0.02592374292636547,-0.020621077210286314,-0.007414051140485965,-0.07135330787811203
2022-12-28,-0.030685442248783164,-0.014691729374427325,-0.01567688075343953,-0.010254811634733919,-0.006019537790199465
2022-12-29,0.028324478907029202,0.028843811038303534,0.028249327737630326,0.027629588891796644,0.040396133992114704
2022-12-30,0.0024690617493516504,-0.002138278742257429,-0.0024872404884728463,-0.004937484124329429,0.0007534544168903495
2023-01-03,-0.03740487786584606,0.021666663033621653,0.010087372923722585,-0.001000798924681014,-0.020460108445799867
2023-01-04,0.01031428218707796,-0.007923564525680042,-0.011669702819543762,-0.04374317173088234,0.03031796705214251
2023-01-05,-0.010604664711431738,-0.02372558911847964,-0.021344280228785782,-0.029637860706972927,-0.03281573187383509
2023-01-06,0.036794180354351655,0.03561115239008307,0.013224947707841418,0.011785457282349917,0.04164040430539875
2023-01-09,0.004088886302994083,0.014869873978500495,0.007785811274929238,0.00973636240525429,0.051753016890888216
2023-01-10,0.004456274693616584,0.028731709234134904,0.004544331528028199,0.0076171934649676126,0.01798047156266534
2023-01-11,0.021112255651289127,0.05808382587934351,0.03505998798543811,0.030238030353920607,0.005783052768961311
2023-01-12,-0.0005992514413711802,0.0018929468094222265,-0.0042614431515918885,0.011621425751125753,0.03187294424613851
2023-01-13,0.01011905675818902,0.029915043601747033,0.010863720614335935,0.0030188218916138918,0.02349944966078798
2023-01-17,0.00875666725009903,-0.021096612687328185,-0.009010071248696388,0.004681716855610733,0.04751766631041975
2023-01-18,-0.005370144921084188,-0.006142675153973965,-0.0018620637004762091,-0.018889086871961547,-0.01835940108053326
2023-01-19,0.0004438073043084657,-0.018646540921519936,0.021180831682900844,-0.016453987970131766,-0.03521918041523138
2023-01-20,0.019220824154065775,0.038108450930769026,0.05341189746430203,0.035743699989931675,0.06406229677799086
2023-01-23,0.02350039810198659,0.002776315095798522,0.018057722431323555,0.009824213718948519,0.07590082154222515
2023-01-24,0.010062956296789854,-0.012305137300550823,-0.020944064725435998,-0.002226145051810225,0.0037513737246259496
2023-01-25,-0.004700838044115172,0.008928577793566738,-0.025383910036263967,-0.005907962860232071,0.0030107752810770525
2023-01-26,0.014803351775764481,0.020991983012153725,0.02415464010721285,0.03071360199612161,0.024788990031558857
2023-01-27,0.01368421846889818,0.030437377604428585,0.018970587098483108,0.0006451924399088606,0.028431571633455808
2023-01-30,-0.020077923790362887,-0.016529683561452783,-0.024453974919528075,-0.02196179617412834,-0.059071880681088366
2023-01-31,0.009020920331372598,0.02565881773600854,0.019599560893911315,0.021012810984856665,0.019570006109118968
2023-02-01,0.007900626948189663,0.019586971068148554,0.016086672858089127,0.019934609293728065,0.07196592175811735
2023-02-02,0.037062629863786604,0.07379935352944927,0.07278699745152599,0.04688416503086017,0.03657553400897782
2023-02-03,0.024399887891823017,-0.08431497620839848,-0.027473490172525396,-0.023620384254192175,-0.02805298365288096
2023-02-06,-0.01792869280862599,-0.011703250716856115,-0.017942396329941695,-0.006115756365702319,-0.0005212285247739646
2023-02-07,0.01924456221203341,-0.0006850625818668452,0.04606417851869849,0.04202194882518987,0.051401102122171416
2023-02-08,-0.017652824900509203,-0.020174297779652687,-0.07683017842070204,-0.00310203809674408,0.0014430649397306399
2023-02-09,-0.006911595822256207,-0.01809100582487669,-0.043876311082200234,-0.011659779385790573,0.005944688616687451
2023-02-10,0.0024563883582702385,-0.006412838631079703,-0.004631258293309139,-0.0019724530448545848,-0.047992016189867655
2023-02-13,0.018806856273251165,0.019772567289289663,0.0004229750273917001,0.031242741677750117,0.024594441419555597
2023-02-14,-0.004224850127140284,0.001607354141483495,0.0007399746484896825,0.003132969287461471,0.05429586125705516
2023-02-15,0.01390322779003102,0.014643999584324248,0.023869915359479486,-0.007992990449972428,-0.009011344620656246
2023-02-16,-0.010429320320132404,-0.02975486385196622,-0.014751428467589898,-0.02662263263509258,-0.033473795474719625
2023-02-17,-0.007546660481523851,-0.009679109147912077,-0.012145470518889675,-0.015601669622401426,-0.027906681687923155
2023-02-21,-0.02667982302898327,-0.026954683121879267,-0.027132953453124147,-0.020886710539780765,-0.03427155514843303
2023-02-22,0.0028959619008621412,0.012793392483054082,-0.00152524911634022,-0.004590995421333474,0.004793047132801054
2023-02-23,0.0032903776198134776,0.00031317234586237765,-0.008292404146722457,0.012961788817104743,0.1402139526163007
2023-02-24,-0.018005109530080457,-0.024212061179431782,-0.01936400547112817,-0.0217843876312619,-0.015973634289044095
2023-02-27,0.008247435092359487,0.002780771510486297,0.008302547993886775,0.003771853904823532,0.009233089594439877
2023-02-28,-0.003447732263661698,0.00501281154004484,0.002114118578436504,-0.002958211276508152,-0.012127258789898366
2023-03-01,-0.014246043174541779,-0.02186145722806772,0.0033311746182943668,-0.01262937581970472,-0.022312207403891046
2023-03-02,0.004129167393513864,-0.0004339906295107337,0.018149449771857038,0.019653382596513967,0.02713887513055463
2023-03-03,0.03509020636756702,0.030066258059702394,0.017934784062845325,0.016646042805784324,0.024706306871768932
2023-03-06,0.01853927201198082,-0.012118034851298762,0.015803737586937438,0.006189113111263371,-0.014064376567940136
2023-03-07,-0.014496351889766326,-0.00213330078125,-0.013350237909620139,-0.010589150703310719,-0.01112534850057105
2023-03-08,0.00837713875614028,0.003955051898638583,0.004155038043045761,-0.0017706274058408346,0.03834600395775985
2023-03-09,-0.01491466129459256,-0.017781071140368677,-0.02047750984286913,-0.0054394649732478605,-0.030809303462429844
2023-03-10,-0.013878538506184524,-0.016476928380123646,-0.018305902448677757,-0.014782749230158852,-0.0200974280052527
2023-03-13,0.013265874335409891,0.018736877387233928,0.00529635886362207,0.021440893967547732,4.347600556758881e-05
2023-03-14,0.014088958017018082,0.026506512389408654,0.03139070585395454,0.027055762244960112,0.047766415489353536
2023-03-15,0.002621580118881926,0.013912307472971253,0.022773157513998384,0.017830493799934236,0.006857079026502953
2023-03-16,0.018694101737306686,0.03991688242309578,0.043803831050369745,0.04053651439028982,0.05419346735568916
2023-03-17,-0.00545390521047328,-0.01089568130057839,0.012958776139442565,0.01169423531226738,0.00720405274027642
2023-03-20,0.015483608486970708,-0.012531560404374115,-0.003936381724790893,-0.025766464101780955,0.006802776619286432
2023-03-21,0.011944244834476852,0.029679680207260927,0.03655411611513112,0.005693463143894328,0.011544366682513884
2023-03-22,-0.009103468294572451,-0.01898423268583957,-0.014773215665912427,-0.005442128017284903,0.010267513660519308
2023-03-23,0.006969353614123226,0.00010133876939949474,0.02157294668216617,0.019721630681127648,0.027316151854859517
2023-03-24,0.008305575451669406,-0.00587581639584802,-0.0015151070354391103,0.010480260124598122,-0.01515209809406635
2023-03-27,-0.012293185077196433,-0.000917113425145748,-0.02826260908339598,-0.014933797118578685,-0.009261170849357818
2023-03-28,-0.003980423076821421,-0.00815996577200266,-0.01395647750862454,-0.004160951758243402,-0.0045604339345098974
2023-03-29,0.019790886043852308,0.030954362426533533,0.003563211949513525,0.019183929666697606,0.02173403279784407
2023-03-30,0.009889936628077089,0.017456359102244388,-0.004931468976713549,0.012619949567524727,0.014786476710971976
2023-03-31,0.015644121897648057,0.012647067799287684,0.0281496143290492,0.01496190690961772,0.014388505759947797
2023-04-03,0.007701576546526106,-0.008519675143943976,0.00607335006841112,-0.0037112369848792204,0.006768191951391682
2023-04-04,-0.0032495014789194537,0.015037527888523979,0.0034496618778529276,-0.00017407237246909726,-0.018308666147941948
2023-04-05,-0.011290406470722943,-0.027417013542964684,-0.002387436388714693,-0.009889184789552705,-0.020835577394934978
2023-04-06,0.005495885725844931,0.009495540049077156,0.03780986839847827,0.025532818243308192,0.005803527042267125
2023-04-10,-0.015972123027691222,0.0010778033801971234,-0.018262300543991573,-0.007578865498945826,0.020046405193269418
2023-04-11,-0.007591279237555804,-0.022022120390757627,-0.010240485957120146,-0.02266854246809973,-0.014866318592765649
2023-04-12,-0.004353188528965692,-0.02091669711959809,-0.006739492921776348,0.0023335681919191306,-0.024807645311036946
2023-04-13,0.03410367714504321,0.0467136830142994,0.026662902775832734,0.022399508950195508,-0.0012079639880464524
2023-04-14,-0.002114015127622351,0.0010742246944572822,0.013404112765624258,-0.012765898611438616,0.01114770205656343
2023-04-17,0.00012098175285678715,0.0022436418178336404,-0.026637276090813178,0.009296213108598168,0.009118760054675604
2023-04-18,0.007504743739599993,-0.0042826048390145,-0.013871891542317955,-0.0014889710445812132,0.024627867815605182
2023-04-19,0.0069682986528588845,0.019550341547772163,-0.0030621109883099767,0.0002776102200514268,0.009542080859492463
2023-04-20,-0.005846313793366716,-0.004698039106680585,0.010654612945232527,-0.008112391275537909,-0.029608632010966352
2023-04-21,-0.009781043600776258,0.030343912917452316,0.0011397306071366862,-0.0012230577406467597,0.0005533981690317624
2023-04-24,0.0018784092879762181,-0.007011967150520266,0.005312541847450694,-0.013963131207001692,-0.0028395157934647
2023-04-25,-0.009435446694332331,-0.03427172037496596,-0.020005672248152074,-0.02253591048925066,-0.029620436033127258
2023-04-26,-6.121198210831474e-05,0.023496184744855625,-0.0013480493099089735,0.07243457379541611,0.027247410876135348
2023-04-27,0.028395299199682398,0.04610398345515921,0.037411969056038885,0.03202767421699088,0.01001635457610501
2023-04-28,0.007540968162237584,-0.039792412663683406,-0.002323679386868952,0.00797185765194293,0.019209642088848126
2023-05-01,-0.0005301673533609241,-0.032242712137328815,-0.001304291211248666,-0.005532743183570527,0.04183927448201144
2023-05-02,-0.006191520807772872,0.01548254928379388,-0.01753728309636109,-0.0004907877399378267,-0.02421307522042082
2023-05-03,-0.006467093546751312,0.00019303553981593597,0.0008546275661469027,-0.00330721689220843,-0.014463003286913932
2023-05-04,-0.009913820583183443,0.003376733902253803,-0.006830452647568479,0.0033181908691022966,-0.008632416058874317
2023-05-05,0.04692718216817544,0.015961573674128607,0.008405705242836098,0.017157199926601967,0.04056298655355496
2023-05-08,-0.00040339840167108167,0.0016089169321718978,0.0208392051090059,-0.006438362335560181,0.016422713044202935
2023-05-09,-0.009971060402368106,0.007464810562778677,-0.0038970472035436813,-0.0053458355543405875,-0.01989639556039351
2023-05-10,0.010420838538024736,0.033483395262233415,0.040987325120361594,0.017296475060252527,0.010990243070645129
2023-05-11,0.0010946573277095335,0.0180596952507349,0.04313196962751809,-0.007044415878671362,-0.010628547348808044
2023-05-12,-0.005417453150502576,-0.017115333960796283,0.00806384292485517,-0.003675664412081475,-0.008327939714021163
2023-05-15,-0.0028974670027140216,0.008525256609829546,-0.008509810968371005,0.001585714083054169,0.021630116870922624
2023-05-16,0.0,0.019784214370623648,0.02574874625470891,0.007367678467530972,0.008980050749412315
2023-05-17,0.0036033139121979083,0.018518504813616384,0.011128790468080286,0.009451438926591314,0.033033277355471444
2023-05-18,0.013665956272882245,0.022943736154795724,0.01646804580356864,0.014395019004461503,0.04970499372816331
2023-05-19,0.0006283659541797561,-0.016081265352017288,-0.0005699039843302708,-0.000565220934888961,-0.013068932650600492
2023-05-22,-0.005480726252541831,-0.01066664829049059,0.018654319810217777,0.008921370918279728,-0.0028145841548694187
2023-05-23,-0.015154813659148371,-0.00017393506729303633,-0.0199121602672507,-0.018431867762794495,-0.015653171550990806
2023-05-24,0.0016318669138306809,0.015305697616548972,-0.013544201252521497,-0.00447260411072113,-0.004887926186554128
2023-05-25,0.006692413691760352,-0.014989293361884369,0.02133990146028036,0.03845767949193174,0.24369623292428252
2023-05-26,0.014104766458676457,0.044434787916100546,0.009151263127487175,0.02138563715327201,0.02543452967009945
2023-05-30,0.010659435545681216,0.012904862574983843,-0.007543553002475832,-0.005046826183623805,0.029913150720116702
2023-05-31,-0.00028179002026985694,-0.008877213533991127,-0.006468824641719745,-0.008513967586992353,-0.056767385108662013
2023-06-01,0.01602230094508757,0.01816217265513176,0.006917821932557606,0.012759183398563807,0.05117071193753189
2023-06-02,0.004775498393189088,0.012055089984538,0.007678648516078698,0.008478893925483573,-0.011138851970057538
2023-06-05,-0.007571151146232933,0.008450728786783199,0.01074839155448174,0.0016102308149632616,-0.003966711775739914
2023-06-06,-0.002060270316564084,0.010454888481148943,0.01031671216044643,-0.006727491359434952,-0.013198677773401286
2023-06-07,-0.00775629640041401,-0.042492672201899534,-0.03778189137493239,-0.030867895007457898,-0.030401075627489702
2023-06-08,0.015465134814926193,0.024911297199050036,-0.002938767708180662,0.005813603581210719,0.027618505462210726
2023-06-09,0.0021597691013603934,-0.00659959512936997,0.00073693610547942,0.00470400642043043,0.006751572277164905
2023-06-12,0.015638752696137657,0.025439515368102676,0.011535592705771648,0.01548399061634263,0.01836473949535148
2023-06-13,-0.0026117294543612844,0.000711100319998158,0.0015366859745285543,0.007352640765815591,0.03900497452785691
2023-06-14,0.0034914245956023954,-0.0018948798849266154,-0.0012920560389161142,0.009123881078635196,0.048145272464510204
2023-06-15,0.011198722952940852,0.005458016543269869,0.011482197949840765,0.03189660888431046,-0.008000724521547192
2023-06-16,-0.0058599304680699215,-0.012744888197649035,-0.012471068752580113,-0.016575777585806764,0.0009141198170936916
2023-06-20,0.0004868061965793372,0.0023109484458049426,-0.00348087629058573,-0.012502527791101153,0.02614089305194296
2023-06-21,-0.005675331971920484,-0.007552845901271824,-0.02071487677518459,-0.013282101700748134,-0.017416940340486978
2023-06-22,0.016525160175199182,0.04261789623803564,0.021567705565518624,0.01843745290893866,-0.00046473779786123054
2023-06-23,-0.0017110992588160088,-0.006300361919969612,-0.006577343027759038,-0.01380601777619852,-0.018965592969258475
2023-06-26,-0.007552930688286679,-0.015464315871677042,-0.03269568688237641,-0.019162854799688742,-0.03736159115876585
2023-06-27,0.015058888886754633,0.014529104045574321,-8.443885505592757e-05,0.018167870699353026,0.030616030999189428
2023-06-28,0.006327798559621586,-0.0010837544324670384,0.015634143845772896,0.0038259419123509624,-0.018124860800474648
2023-06-29,0.0017966324852737455,-0.008834406537251538,-0.00898649615684664,-0.0023821580547451733,-0.007174547889557031
2023-06-30,0.02310239022635002,0.01923376900018963,0.0050377482341432325,0.016385790925363627,0.03625485544827238
2023-07-03,-0.0077846127902966985,-0.0010739443770554915,0.0016708750224684492,-0.007488290401349028,0.0026237857782201142
2023-07-05,-0.005871443422569229,0.0012287180203461455,0.015429491883116571,0.0004735075615636083,-0.002263262303945938
2023-07-06,0.002508724574518792,-0.015493205988729235,-0.013470161880771866,0.009226486874998845,-0.00505697920236785
2023-07-07,-0.005891260458052115,0.011062622017709753,-0.005245161572533998,-0.011867175150040035,0.009500446527787412
2023-07-10,-0.010855643577918076,-0.020419182854096676,-0.02535997843435448,-0.015983901596824564,-0.00759951941956691
2023-07-11,-0.0028102056997396604,0.012978852839820578,0.005925334535764681,0.0019289082138501993,0.005334070923213146
2023-07-12,0.008985653442500036,0.015685698801122215,0.015280882820735286,0.014226746196403873,0.03530262485875574
2023-07-13,0.004057375461940957,0.02675840916161939,0.04717051304308005,0.01619209764267435,0.04726445730202712
2023-07-14,0.0007873588625133054,0.0028294089008843396,0.007066073366618701,0.0075293930591518845,-0.011048991126181696
2023-07-17,0.01730542723617859,-0.008315972513331615,-0.006139424848518452,0.001419285671756912,0.02181699993518115
2023-07-18,-0.0013402128212975394,-0.00546567640673105,-0.007139940350021664,0.03979978709713971,0.022233599965291583
2023-07-19,0.007071776325363049,0.019046892602732613,-0.0139787425801038,-0.012267234088702622,-0.008780084403081827
2023-07-20,-0.01009746614047312,-0.03989357175040833,-0.023191011524935412,-0.023121645626873574,-0.0330732853081651
2023-07-21,-0.00616160256625952,0.0003077353344622833,0.006879194306036961,-0.00893708305417989,-0.026603821453057938
2023-07-24,0.00421988717355991,-0.009230745755709134,0.01258127964144792,0.003898029475445822,0.006838375653149398
2023-07-25,0.00451369581451824,0.00256212595679891,0.005595367439087185,0.017009147951245085,0.02391748910820663
2023-07-26,0.0045451973717016815,-0.00758933593487819,0.05776948252798325,-0.03763739559928211,-0.00496969358612581
2023-07-27,-0.006581109380873114,0.0007803832093539299,0.0010054277388087253,-0.02087250006173572,0.009856739579599991
2023-07-28,0.013507906959089742,0.03087724533229776,0.02457506632510752,0.023131544690856945,0.0185184045395613
2023-07-31,0.003165887895695494,0.011118568090654814,0.0010559859375164997,-0.007240600541646333,-0.00044905709035340607
2023-08-01,-0.00427572844591641,-0.014886223394710926,-0.008815484222766248,0.0012500702129899426,-0.004750918288649822
2023-08-02,-0.015490106478563213,-0.02642566377874768,-0.024097281696668686,-0.026282601543797492,-0.04812178747543098
2023-08-03,-0.007321696103614586,0.0054597684391703245,0.0005451465598184203,-0.0025651816746137825,0.005557017772315258
2023-08-04,-0.04801994349956909,0.08269337801006268,-0.0026469339068406704,0.0034287514383293345,0.003706531931713845
2023-08-07,-0.01725360893038371,0.018986843572548394,0.02669564631032241,0.007108363563861142,0.01649522854168153
2023-08-08,0.005311674836011837,-0.016031491771390682,-0.0009881523481075445,-0.012298745161002453,-0.016579755921407445
2023-08-09,-0.00895437566004249,-0.014934945701217344,-0.013242021482427785,-0.011715856163215436,-0.047241726075720206
2023-08-10,-0.0012346729579790923,0.005150463718840691,0.00023137867398187155,0.0021723211940776594,-0.0039006646174847455
2023-08-11,0.000337413976172018,-0.0010825194798444343,-0.0010024089845264827,-0.005945625402672683,-0.03616617114363641
2023-08-14,0.009393301206528171,0.015605834874352293,0.013661641161524492,0.009438950208739652,0.07093380225083766
2023-08-15,-0.011200301149838577,-0.020630355012962967,-0.011802315548989603,-0.006727749380080097,0.004274198959620621
2023-08-16,-0.004959130343162311,-0.01888567501494346,-0.00832204874066791,-0.002428242229440452,-0.010332407382629406
2023-08-17,-0.014555112272830973,-0.008069975106044455,0.009479708062144978,-0.010986282422454063,-0.003265473821164477
2023-08-18,0.0028161419494678705,-0.005672447612115602,-0.018934903464835635,-0.001262568627697887,-0.0010382706856585295
2023-08-21,0.007736633881507988,0.010959251176250809,0.007139628747754381,0.01706297321219784,0.08471335793750957
2023-08-22,0.007904920564146843,-0.0031926989840011565,0.00553069073440466,0.0018016763347493904,-0.027657793131477343
2023-08-23,0.021948972046754656,0.009459994580714618,0.025488072646120245,0.014079387377420332,0.03170735581295811
2023-08-24,-0.026170443545930917,-0.02715472121128119,-0.019566154278158897,-0.02149857802338768,0.0009973641033677264
2023-08-25,0.012642946806971951,0.010770617478674846,0.0007705490920975685,0.009407243412776477,-0.02427747162016021
2023-08-28,0.008846159835420283,-0.0009004586682715534,0.00870026366840349,0.0022292961969926847,0.01775389250965661
2023-08-29,0.021810342742900207,0.013294308852149163,0.027173653286698324,0.014550404930157324,0.04161404977728913
2023-08-30,0.01917238326840657,0.0011860029483811614,0.009734547875770216,0.0011571114322039963,0.009839384175316521
2023-08-31,0.0011721658413334577,0.021766395374215937,0.0021342759624480654,-0.003132536471830401,0.0018471542618690665
2023-09-01,0.008463434519992357,0.0007970481467276193,-0.0037451622069431473,0.0027457662422644843,-0.01714107585003415
2023-09-05,0.0012667474790444718,-0.006154002858205941,0.0008106388294411593,0.014878485695646178,0.0008040036485521874
2023-09-06,-0.03579312454207531,-0.013914209970579561,-0.009648511000426635,-0.0020084607694993597,-0.03054953412957179
2023-09-07,-0.02924959712532148,0.018395430569860982,0.00594960626966163,-0.008922251837989123,-0.01742420327999222
2023-09-08,0.0034918930923417144,0.002756544121863093,0.008280389675031188,0.013215569312665668,-0.014467779341619576
2023-09-11,0.006622488989546205,0.03523121266368041,0.003959598557623158,0.010979468856734863,-0.008645612802998942
2023-09-12,-0.017060687406958153,-0.013067856717097797,-0.011539799104120563,-0.01825809231494711,-0.006817567685177002
2023-09-13,-0.011854707135936306,0.025632022130484853,0.010122843922343408,0.012930820233898842,0.013706356912489266
2023-09-14,0.008782384354909939,-0.000897513823503696,0.010167584122638065,0.007855659788318512,0.0021105658545559286
2023-09-15,-0.004153901870882444,-0.02991985761837634,-0.005068884468871145,-0.02503677195058343,-0.0368793903338203
2023-09-18,0.016913324278778005,-0.0029204620264398004,0.005895194110650808,-0.0035127249191818383,0.0015033808460462883
2023-09-19,0.006180996554700661,-0.01678804769576254,-0.0012302577964471019,-0.001246150660126381,-0.01014407022992838
2023-09-20,-0.019992297810847316,-0.01700219075536713,-0.03115008630325494,-0.02397692702867389,-0.029434844116101207
2023-09-21,-0.008889320136681287,-0.04405345369833071,-0.02467485392454727,-0.0038654882021704265,-0.028930688697287103
2023-09-22,0.004944446053424822,-0.0016238050792075434,-0.001456635546955443,-0.007886732476754388,0.014457722334968785
2023-09-25,0.007380531796453335,0.01665124873434296,0.0066026922457256545,0.0016719178378548473,0.01470772257956557
2023-09-26,-0.02339871930891473,-0.040298626825268795,-0.019372878943430004,-0.01700561997737715,-0.007365755047981969
2023-09-27,-0.008897477637245152,0.0,0.015322137269755258,0.002082305496687287,0.013289959777904078
2023-09-28,0.0015256913254819645,0.0,0.013559198584881145,0.0027176171715772406,0.014622805979100493
2023-09-29,0.0030462816462141864,0.00904905031966484,-0.010959082510561059,0.0067273243032691,0.009515107202761537
2023-10-02,0.01483551835056176,0.018407834461347774,0.025294207136778896,0.019160622316177073,0.02949504661329604
2023-10-03,-0.0077695863993197094,-0.03661366636292885,-0.012968633469435682,-0.026134150423116176,-0.02824792055393816
2023-10-04,0.0073085226751256225,0.018280939360016638,0.02121880296800921,0.01777353450504559,0.012041405473050328
2023-10-05,0.007197927250359937,-0.008188983586829478,-0.0012570478578027462,0.0012538464959197945,0.01469079791675804
2023-10-06,0.014750672876379002,0.01587805664128926,0.018582732484625636,0.024737167413210387,0.024033302507169944
2023-10-09,0.008451020575171548,0.0023444468936361868,0.006105541473041416,0.007822373193280793,-0.010685734191579943
2023-10-10,-0.0033520279384868473,0.009511938819224743,-0.002600606793432262,-0.004335504330589436,0.011596278607151431
2023-10-11,0.00790400613950483,0.018149568899126885,0.01803552657517223,0.01227182208373591,0.022009735205023938
2023-10-12,0.0050612074984213,0.003792763354739004,-0.011241323620538994,-0.0037904107924161402,0.002969577792441755
2023-10-13,-0.010292731565297418,-0.019194502454286187,-0.011585337704473755,-0.010357270577833958,-0.031611392327864855
2023-10-16,-0.0007270182532122932,0.021265196921155003,0.012667342724216234,0.014981675619513779,0.013946006050381555
2023-10-17,-0.008784689259968217,-0.008147882355257064,0.004457197728962694,-0.0017435846300648532,-0.04679453989719658
2023-10-18,-0.0073949026285485804,-0.0254050072783042,-0.01259652727538999,-0.005872544731518885,-0.03964705236369374
2023-10-19,-0.0021610081095801235,0.002107149015711086,-0.0015222086902392299,0.0036655568447918657,-0.0022511020521007587
2023-10-20,-0.014704082205972515,-0.025155731161039415,-0.01560816491007008,-0.014034733811538977,-0.016959393820586692
2023-10-23,0.0006941171560001942,0.011104892625885621,0.006637406604208793,0.008112098828909788,0.03836946580319158
2023-10-24,0.0025433904137332364,0.01580278159435058,0.016923053514097473,0.0036742551102106145,0.016009305577083906
2023-10-25,-0.013491848897350497,-0.05577161096069129,-0.09509406613390861,0.030678040577915715,-0.04314847516094168
2023-10-26,-0.02460536172522366,-0.014992995337138288,-0.026510694626337997,-0.03751444894170424,-0.034778319847974255
2023-10-27,0.007969237426945417,0.06832816082459992,-0.0008995287020679661,0.0058557698185797095,0.004314911482878561
2023-10-30,0.012305256031884688,0.038907225091689805,0.01874440830175264,0.022740202641552056,0.016320976823036598
2023-10-31,0.002818878738489609,0.002863308000900971,-0.0030531849628461895,0.002371734521366266,-0.009256420315379358
2023-11-01,0.018738644342620542,0.029378644298573776,0.019100564726850094,0.023542565960176707,0.037886456704736095
2023-11-02,0.02069313442619165,0.007810272439552919,0.00822456580233606,0.00650172767167113,0.027902878684759602
2023-11-03,-0.005181069413103354,0.0038386235328598285,0.012628556982005492,0.01286164136953972,0.0344550831381993
2023-11-06,0.014605202664451655,0.008225103459209163,0.00890775065353059,0.010572449390288891,0.016575954953994415
2023-11-07,0.014450740723530203,0.021253764877291453,0.005527816139961626,0.011219390296108314,0.004458918128289015
2023-11-08,0.005884904968477214,-0.004414580990635481,0.006642749214103646,0.007405744694152143,0.013469802075190994
2023-11-09,-0.002624675020521907,-0.010416636461610581,-0.012135915532403518,-0.006910820317126805,0.008073068747226051
2023-11-10,0.023220115838403613,0.021052569890351605,0.01804359417972505,0.024896841865448587,0.029499406499406744
2023-11-13,-0.008583446179008329,-0.006756765374750169,-0.0037712099374938284,-0.008088522506562432,0.005896361644988468
2023-11-14,0.014285583065425243,0.02251214528584842,0.011583230138341855,0.009790698245805246,0.021308150136595237
2023-11-15,0.00304077436795568,-0.01783268895126596,0.007483818909958599,0.0004060566169043146,-0.015466415209740953
2023-11-16,0.00904230241657742,-0.0025837648398919313,0.017159276152964937,0.017583202559533672,0.012109247778181818
2023-11-17,-0.00010558271449905273,0.016453061783939696,-0.011830636377588934,-0.016800936929682885,-0.0036781097347355746
2023-11-20,0.009278348921986717,0.006543685459144743,0.006946912706853655,0.020521839104824573,0.02253637213022061
2023-11-21,-0.004230869240911611,-0.015260459261028973,0.0052843898047940825,-0.011577920004985068,-0.009224710537922077
2023-11-22,0.003514424219504314,0.019527539517508373,0.011097528744340456,0.012812542607364304,-0.024587396060800848
2023-11-24,-0.007004232594340037,0.00020447670863639518,-0.012997569454512007,-0.001111613358462168,-0.019295572590576605
2023-11-27,-0.0009475630084723424,0.006746559883569849,-0.002048469258835684,0.003126301062759373,0.00975387201728425
2023-11-28,0.003214118509501123,-0.0047383535401517496,0.005791586133983452,0.010802774104534021,-0.00872695373472979
2023-11-29,-0.005409781112482081,-0.004828888396740557,-0.01610783515369315,-0.01006007086240037,0.006670909691346696
2023-11-30,0.0030628333090497086,-0.0015719722171586702,-0.018223682718410263,0.00015840620853795504,-0.028458634051223574
2023-12-01,0.006791326508644327,0.0064344066326904705,-0.005055553627234935,-0.011612234411939686,-0.00010692211311722932
2023-12-04,-0.0094647500094006,-0.014894936132684113,-0.019641830185238403,-0.014338865984202925,-0.02683632041176109
2023-12-05,0.021063202887109323,0.014084566393959524,0.013305374634895721,0.009156424806532653,0.023293639789435154
2023-12-06,-0.005686969132908141,-0.016067541747663186,-0.00740504881790883,-0.009986066575113386,-0.022827908033589132
2023-12-07,0.010139365016498684,0.01632992347483118,0.05314535560456142,0.005829764368160304,0.024020365318460597
2023-12-08,0.00741231932794336,0.003676424756137798,-0.014167528624373925,0.008842197993746697,0.019529713086301186
2023-12-11,-0.01292719128070414,-0.010378502226973818,-0.012593759399018963,-0.00782946284203657,-0.01850285951749529
2023-12-12,0.007920091020177029,0.010898597193382691,-0.005776639899386947,0.008295105710837714,0.022090007934985674
2023-12-13,0.016691405741351566,0.009221593773735161,0.0003771924529002837,-2.6591611842241937e-05,0.00904394937944941
2023-12-14,0.0007577778439509279,-0.009540434049203341,-0.004752295172886642,-0.022544469420910703,0.005448282984003929
2023-12-15,-0.002725809955570248,0.01729753821347545,0.005002600881372873,0.013117292085024476,0.011168460841309489
2023-12-18,-0.008503224823820934,0.027338841569267292,0.024132595090221528,0.005178848339397589,0.024279163891792802
2023-12-19,0.005359945890070062,-0.0018174467759755938,0.00625898113434984,0.0016368817415346449,-0.009445653894734403
2023-12-20,-0.010713750092264671,-0.010858952089543369,0.012367481817046744,-0.007072755414086,-0.03009831290130404
2023-12-21,-0.0007701893324025163,0.011306871390431619,0.015035478471145022,0.007878612058814346,0.01827034493373494
2023-12-22,-0.005547354602895763,-0.0027300973670256606,0.007619919952931535,0.002784156070649553,-0.0032660957615319227
2023-12-26,-0.002840880332549031,-6.514474615578864e-05,0.00021214181903509073,0.00021369901195975282,0.009195186837838635
2023-12-27,0.0005179007903842314,-0.000456341324213403,-0.008125993558387886,-0.001574790465264432,0.0028005541620947363
2023-12-28,0.002226323976077523,0.000260913955115237,-0.0009974921856170636,0.0032345559558968643,0.002124596549882601
2023-12-29,-0.0054240663789275,-0.009388462612883997,-0.003850778625485201,0.002025400572454204,0.0
2024-01-02,-0.035786464724138434,-0.013228970207501049,-0.01088143955718268,-0.013748723756499732,-0.02734137384688288
2024-01-03,-0.007487821628946593,-0.009737821159208012,0.005428197968551192,-0.0007279561937806302,-0.012435774648199836
2024-01-04,-0.012700069414572504,-0.02626789159034874,-0.018211818400995568,-0.007177581554097258,0.00901871467147177
2024-01-05,-0.004013074409289478,0.004634420246259977,-0.004839267313654481,-0.0005163666759759791,0.022896685742532903
2024-01-08,0.02417495335967087,0.026576703830634592,0.022913227459011747,0.018871460041486335,0.06428091133214607
2024-01-09,-0.0022634985780991003,0.01522460711434103,0.015197412446280546,0.0029356928254164892,0.01697512579402433
2024-01-10,0.005671417366741321,0.015590940651907264,0.009436037172194881,0.018574255629018894,0.022770008121063463
2024-01-11,-0.0032226401514457706,0.00943210166226809,-0.0014057050865330426,0.004859327638176742,0.008684356051364361
2024-01-12,0.0017782947760356341,-0.003608696900532514,0.004011790760136299,0.009983709096109215,-0.0020428231147036824
2024-01-16,-0.012317152355516984,-0.009442449238027643,-0.001121862987117126,0.004633543029892511,0.030561209315169455
2024-01-17,-0.005173500898637686,-0.009467203666572553,-0.00715810045159218,-0.0020498809410974305,-0.005835216223489329
2024-01-18,0.03257055430103912,0.011798781932089893,0.014207897249259655,0.011297383894899527,0.018803564076551132
2024-01-19,0.015533034623751094,0.011986946826649024,0.020211931641623132,0.012186790772796354,0.04174622848889842
2024-01-22,0.012163391310519198,-0.003604979862209222,-0.0026644530682200253,-0.005417867507122325,0.0027398865189216617
2024-01-23,0.006653162006890497,0.008011406531487346,0.007192302974379641,0.006027363382378695,0.0036713326424963294
2024-01-24,-0.0034839098157152834,0.005447960655367026,0.011289342595664668,0.009175303625916275,0.024869113786120178
2024-01-25,-0.0016965140100258004,0.005609771850602181,0.021318284613087744,0.005738320764495304,0.00415567373003473
2024-01-26,-0.009012852410508462,0.008684596622424722,0.002107003225288172,-0.0023218973275243764,-0.009510329122358342
2024-01-29,-0.0035857689434171565,0.013448965908227856,0.008673328841562994,0.01433427073881585,0.0234962024529529
2024-01-30,-0.019245801467735732,-0.014014601164705699,-0.013354128492959937,-0.0027578203226907945,0.004946647445761857
2024-01-31,-0.019357662275996335,-0.023899390262627752,-0.07500328094787091,-0.026946356497022386,-0.019864801725330984
2024-02-01,0.013340639589167048,0.02628867210877157,0.007565836072270607,0.015594148831407178,0.024379679237276568
2024-02-02,-0.005405239346099163,0.07866649218561846,0.008642837937415609,0.01842600074829215,0.04970876434663686
2024-02-05,0.009846523530456992,-0.008730574595861006,0.009130450427126097,-0.013545127767458965,0.04794433137720209
2024-02-06,0.008631960511512502,-0.006811130754143105,0.0029231102818549045,-0.00039435548608531776,-0.01599549523163133
2024-02-07,0.0005809844372472408,0.008158468416244987,0.009993248151569389,0.021110178070877724,0.027498074784522455
2024-02-08,-0.0057545735836777474,-0.00404622322374648,0.0025420923043356376,0.0001448643557195348,-0.0065336927599453
2024-02-09,0.0040937906539740224,0.02714319777292111,0.021177624733603177,0.015551430290746026,0.035783753587868464
2024-02-12,-0.00900178992836614,-0.012095159915523424,-0.009866161683954891,-0.012578845258454435,0.001594269435344564
2024-02-13,-0.011274321003941363,-0.021469171561243134,-0.016199672383752337,-0.02152848981270004,-0.0016610477745658083
2024-02-14,-0.004809953931052496,0.013875689909628048,0.005511809771648598,0.009665225020661482,0.024567573076990652
2024-02-15,-0.001574661203042833,-0.006901349311422361,-0.021721344354155098,-0.007155127560834282,-0.016806805157482126
2024-02-16,-0.008430410366924405,-0.0017079419299743809,-0.01575947782060881,-0.0061490570035441896,-0.0006191680474404814
2024-02-20,-0.004113967335445956,-0.014335394693693144,0.0042698248122597475,-0.0031432746066141874,-0.04353220349175654
2024-02-21,0.00418613767490802,0.009037553808281555,0.010133299842389788,-0.0015143772943475172,-0.02850889751651278
2024-02-22,0.011243831712689174,0.03553001733957454,0.010803211629107218,0.023546707238966704,0.16400881754575292
2024-02-23,-0.010034041142444246,0.002348514479374021,-0.0009022306558544199,-0.0031824048999394778,0.003552445002082069
2024-02-26,-0.007451252617509599,-0.0014858549486425224,-0.044387300253301565,-0.006823523891831024,0.0034891162103411234
2024-02-27,0.008114272228984115,-0.006810521779339199,0.009522489891392016,-0.00014721151895085428,-0.004943721360941754
2024-02-28,-0.006625329314985168,-0.0021896371944472213,-0.018001263538086103,0.0005890089811485881,-0.01318909963387054
2024-02-29,-0.003693167555071938,0.020789967478582975,0.015251448609543534,0.014519827841614895,0.018657503529362268
2024-03-01,-0.006030358305977843,0.008259825521836186,-0.009533394994428722,0.004496557613983712,0.04003181308020538
2024-03-04,-0.02538124495540079,-0.0035910637709842593,-0.02763617051685597,-0.0013957825186086898,0.03595074877406363
2024-03-05,-0.02844096670188242,-0.019484213752621504,-0.005099112359645193,-0.029571986416030618,0.008576617836760616
2024-03-06,-0.005878188816647255,-0.0035033346396605137,-0.009572685452009013,-0.0013908916992416305,0.031827390495330926
2024-03-07,-0.000709444192167244,0.019076784751165473,0.022678680003526585,0.01753342692999874,0.04474621606898042
2024-03-08,0.01023665475851103,-0.00831354575168475,0.007664860503179562,-0.0071369598325619265,-0.05547693225234071
2024-03-11,0.011831452778044827,-0.01933275889164894,0.016690251701843496,-0.0041849288286900585,-0.020039333682190824
2024-03-12,0.0027785033908732625,0.019946455814511484,0.006028798048899109,0.026599404915435353,0.07157187700606671
2024-03-13,-0.012122270565200032,0.00667083740815821,0.009314142157831993,-0.0004333285999941824,-0.011152013130431338
2024-03-14,0.010927249146485964,0.012403729449981834,0.023678374885994457,0.024379633838312053,-0.03239140572033685
2024-03-15,-0.0021967664531428797,-0.02422378646743881,-0.013417332817134588,-0.020695125747800698,-0.0012167879939186642
2024-03-18,0.006372407744099447,0.0003439832543492842,0.04604039784981858,0.0021612332825451217,0.007035776458771873
2024-03-19,0.01358517013622431,0.00813845829732094,-0.004401074734824465,0.00980078902185429,0.010660858996046924
2024-03-20,0.014709172357413317,0.01279135917039375,0.011630181024494356,0.009064649172514467,0.010895172951573764
2024-03-21,-0.04085747369626858,0.0,-0.007664523496263933,0.009735758409942482,0.011762242347231618
2024-03-22,0.005310282866745148,0.004041545020324211,0.02147726348837064,-0.0014670613448609568,0.031213560211815067
2024-03-25,-0.008300459716254994,0.004696213001679516,-0.004642817164188623,-0.013714669627939411,0.007561888154944466
2024-03-26,-0.006672421263164903,-0.007845994154095,0.0039977979100649244,-0.0028614289946290467,-0.025694332675590088
2024-03-27,0.02121259976808226,0.00858103619242642,0.0013274292005424897,-0.0005217862514588473,-0.024967194655873156
2024-03-28,-0.010559214829302579,0.0030584610251771288,0.0003977008404540479,-0.0016847352259979757,0.001174532521508003
2024-04-01,-0.008455662818918568,0.003270852211551541,0.030212942238263468,0.009151038262207634,7.747247446069611e-05
2024-04-02,-0.006998913928813119,-0.0015472110151306276,-0.005981202697665887,-0.0073721565871073015,-0.010081539165046586
2024-04-03,0.004797442970290577,0.009519072430478732,0.0023290368221338727,-0.0023491711917427538,-0.005455349188089475
2024-04-04,-0.004892181593943477,-0.013212014767422465,-0.028336943701201565,-0.006112463388256457,-0.034384853280137816
2024-04-05,0.004501586464603161,0.028166707356770834,0.013086925553661699,0.018282669062058034,0.024480536485497837
2024-04-08,-0.006663500322541771,0.0006483768975989937,0.015409720130968396,-0.0021856558073020753,-0.009942337840681461
2024-04-09,0.007242514254010968,0.0025919095048931285,0.011301372142702364,0.003980390302632971,-0.020417103036256247
2024-04-10,-0.011139273758554995,0.0015080453603607935,-0.0029374750093576754,-0.007084415865868801,0.019741426865505052
2024-04-11,0.043271014481970356,0.016671181255133276,0.020942840167072128,0.011033363844004095,0.04109651155009485
2024-04-12,0.008626546335020911,-0.015445639364236773,-0.010538961846775025,-0.014091050231445081,-0.026816514624758255
2024-04-15,-0.021863517500276725,-0.013485250630092139,-0.0181955038587597,-0.01957809599122888,-0.024777022894783198
2024-04-16,-0.01916730350925777,-0.001633742516860954,-0.0029705794313825556,0.0022724522334594457,0.01644155503398466
2024-04-17,-0.00814731313184988,-0.011128128209780874,0.006929982347218143,-0.006608950763713794,-0.0386660921706344
2024-04-18,-0.005714307731204248,-0.011363622972558253,0.003473602127979607,-0.01838114652739826,0.007568113979631778
2024-04-19,-0.012212667937331813,-0.02561096030926931,-0.012307131568561669,-0.012738936676245476,-0.10004583592685581
2024-04-22,0.005090952295019676,0.014888568814227066,0.01421254031935183,0.004610037093012625,0.04354324270335544
2024-04-23,0.006391584226688658,0.013033897276310822,0.012669607531396405,0.016485573932063756,0.036532569560144015
2024-04-24,0.012702444370304248,-0.01643086252955785,0.005497288345309306,0.0036557119499212947,-0.033315785661798825
2024-04-25,0.005147219467466261,-0.016535467634067633,-0.019669432945541236,-0.024495098695270397,0.037087109168975244
2024-04-26,-0.003472812825077261,0.034260361668536785,0.10224342445830598,0.01824377099618848,0.061755811952238934
2024-04-29,0.024807968714596798,0.007460258507441994,-0.033730653672782454,-0.010016747822607284,0.0002508457888316981
2024-04-30,-0.01827089597263212,-0.0329354912286841,-0.020282793316905485,-0.03211936122875304,-0.015440501043841336
2024-05-01,-0.006047020011961755,0.022857142857142857,0.006634656216249832,0.014409424865671608,-0.03889977961736259
2024-05-02,0.022031743297873958,0.03195531408214036,0.016843586163952963,0.0073429317961786625,0.03342949193198991
2024-05-03,0.059816360070148254,0.008066292135759606,0.0037210193038898914,0.022169585920765907,0.03463180743545865
2024-05-06,-0.00910683757020339,0.013371946429286975,0.005142498948520367,0.01691831033151965,0.037741114665157165
2024-05-07,0.003797194689898453,0.00031795209095952716,0.01873864494073335,-0.010156271705968,-0.01721277643166678
2024-05-08,0.0018639544748975776,-0.004026247769404414,-0.010919553705713599,0.0029317390911517784,-0.0015682322659636948
2024-05-09,0.010014326421617134,0.007978723404255319,0.003424226088480898,0.004335739203029095,-0.018415629851167674
2024-05-10,-0.00689003055648474,-0.010659653152828167,-0.007707839655934349,0.00586914922716718,0.012743849030169141
2024-05-13,0.01764533764274796,-0.004853789332504469,0.0029056624841133642,-0.0024593746822549607,0.005797002728845629
2024-05-14,0.006173490287941984,0.002679959159411443,0.007094482247239741,0.006864601759350212,0.010586386058684207
2024-05-15,0.012218013238877145,-0.005773249525686348,0.012739195794178627,0.017483840552765362,0.035837760407157374
2024-05-16,0.0006322854490544964,-0.012688857146349741,0.009680780391296162,-0.0049398563116071674,-0.0028637466453829787
2024-05-17,0.0001582552360228481,0.005826891232250014,0.010793279929874949,-0.0018528068507025262,-0.019924037574121128
2024-05-20,0.006162060954778183,-0.0062804747226630365,0.004884790170299165,0.012208263083569728,0.024881444409500297
2024-05-21,0.0068572142139259095,-0.0021248741632045355,0.005256798397507388,0.008698873304060403,0.006393686596921166
2024-05-22,-0.007538333390677722,-0.00010914012742568098,-0.008265458688882977,0.0034495421911463677,-0.004570888669109916
2024-05-23,-0.021058213249792658,-0.011358061353112016,-0.016045026698534352,-0.008176108825089894,0.09319650398242778
2024-05-24,0.016588116834975186,-0.0016570176564539958,0.008297387208182162,0.007400486880823088,0.025722652817031403
2024-05-28,5.2739872850728664e-05,0.007745471073219225,0.008057577637971335,0.000371827843708363,0.06980438342142846
2024-05-29,0.0015790343895252309,-0.0007136405620595872,-0.0028345200233110927,-0.0026722756265959782,0.008112293628007217
2024-05-30,0.005255203823760519,-0.014833517662161096,-0.021546299112958425,-0.033786184806389855,-0.037665971074175505
2024-05-31,0.005018457654405092,-0.01606070022964766,0.0022660350135036917,0.0011092367600419415,-0.007846131133703946
2024-06-03,0.009258758161416152,0.010768498470834819,0.0038840411830195986,-0.0038782883502161583,0.048954261163293065
2024-06-04,0.0016492759748274416,0.005607267133197407,0.003580363615687501,0.0061666049251583475,0.012495702724879005
2024-06-05,0.007820924050424406,0.010817455564965738,0.00932159126923002,0.019083305222027662,0.05155561284109957
2024-06-06,-0.007096488019490354,0.020520748266509636,0.007525103412394121,0.0012026477989885798,-0.011777183976236522
2024-06-07,0.012391833702213749,-0.003783767287795608,-0.012844257125409203,-0.0015780440708893146,-0.0009090562672328905
2024-06-10,-0.019147604944934424,0.01497555323458587,0.004303644985003999,0.009484326365786657,0.007461435410686789
2024-06-11,0.072649002173241,0.0009087895389930341,0.009199549861386389,0.011241850804614189,-0.007143987607067833
2024-06-12,0.028578537892804998,-0.001815928780906424,0.006624316632155139,0.019367652559298735,0.03548094294809725
2024-06-13,0.00549110849703135,-0.016373254687715725,-0.014792647775216614,0.001178997815311988,0.03522346187176364
2024-06-14,-0.008168405226693126,-0.0009247574783878093,0.009305635757897657,0.002241922361733029,0.01751431621057462
2024-06-17,0.01967145076650623,0.0021779042170785774,0.002545651973232321,0.013105217993762042,-0.006824504038386229
2024-06-18,-0.010984364887623629,-0.0067912638084333034,-0.012130635964045249,-0.004527454498180107,0.03511994729927429
2024-06-20,-0.02151309384934478,0.017996874289478455,0.006910750135732929,-0.001433951425103817,-0.035403428566023826
2024-06-21,-0.010444396635155843,0.016012872809265142,0.018888314662351163,0.009154150257004725,-0.032191570865125155
2024-06-24,0.0031327137038811514,-0.018563541743415894,-0.0022824620339645407,-0.0046909967499747934,-0.06684044367473783
2024-06-25,0.004468216697491984,0.004149318226444795,0.02683852417999234,0.0073266127421284764,0.06756410479289916
2024-06-26,0.019993239075961896,0.039014727999018665,-0.0008150838527638407,0.0026833068304342824,0.002458637840539411
2024-06-27,0.003985917823852124,0.02189972356695177,0.00832053702860862,0.0015260026114799407,-0.019066437746946364
2024-06-28,-0.016254041117535235,-0.02324996695278791,-0.0175827199673774,-0.013028469153847685,-0.00362932631592167
2024-07-01,0.029104434530660264,0.020439828968911708,0.004611867850771717,0.021881534106296716,0.006151809298978204
2024-07-02,0.016239939773913588,0.014198798656638475,0.012295658804579864,0.0055831309294255334,-0.01311347217133848
2024-07-03,0.0058110740627908474,-0.012050018310546876,0.003131109388151543,0.0032441489336213574,0.045732420052625705
2024-07-05,0.0216203677909935,0.012196992290986865,0.025723752943800485,0.014736193597574205,-0.019098868891309746
2024-07-08,0.006538951682871248,-0.0035500335693359375,-0.00823720931095066,-0.0028231333850306708,0.018834759694361606
2024-07-09,0.003774847085116938,0.00025090598345306817,-0.0002644538929556003,-0.014370171856078221,0.0248053506308421
2024-07-10,0.01880359252702152,0.0022574343157878945,0.011641407471786292,0.014601606532868521,0.026868670600911856
2024-07-11,-0.023220885948425925,-0.023724863074531158,-0.029343939571386854,-0.024772282901721815,-0.055666827577325946
2024-07-12,0.013050975098311268,-0.0028710461411536143,-0.0026943434769535336,-0.0025291305047019674,0.014442924087593165
2024-07-15,0.016743267670370807,-0.00910074668347495,0.007888810992953412,0.0009040475949484052,-0.006190205690122591
2024-07-16,0.001791826398293021,0.001556678340896484,-0.01399258980309914,-0.00978054176245174,-0.016194486691924824
2024-07-17,-0.025295993622862056,-0.02637038381521735,-0.015767575916201933,-0.013347641281390665,-0.06623932488737803
2024-07-18,-0.020534850911770916,-0.02224228616340456,-0.01839572602903464,-0.007102263594046461,0.026273455010958593
2024-07-19,0.0005798560108913519,-0.003374123086734694,-0.00016881592750601278,-0.007402876965594019,-0.02609617243824469
2024-07-22,-0.0015602302463179451,-0.0031671589340361724,0.022571092414819627,0.013337561694227245,0.04757055284532112
2024-07-23,0.004688348716054107,0.021144894800451737,0.0006605547797342911,0.004312131744830747,-0.007689916089335991
2024-07-24,-0.02875431594842381,-0.029934025650088576,-0.05038779545364249,-0.0358547931153011,-0.06803154995413556
2024-07-25,-0.004804624361154053,-0.005419431054668959,-0.030991173102022873,-0.02448134459417464,-0.017242994275696564
2024-07-26,0.002161062032698996,0.01473446653629318,-0.001673881939005877,0.01641976832416185,0.00694685829479123
2024-07-29,0.001284604873490923,0.003835599716395548,0.015149825337661198,0.003433182464369307,-0.013001880858018006
2024-07-30,0.0025660546081752527,-0.008133134602594743,0.004482821666747795,-0.00892833405512157,-0.07043639304958693
2024-07-31,0.014990717235230879,0.029002194810164496,0.007340534926040115,-0.010805771404196186,0.12812098358547078
2024-08-01,-0.016750638512448436,-0.01556310017014146,-0.0045469334984548524,-0.0029642004957178172,-0.06674067091210471
2024-08-02,0.006869406976909742,-0.08784708417625421,-0.024010316117845213,-0.020666030438196537,-0.017764002227087745
2024-08-05,-0.04816702160769736,-0.04097671157906752,-0.044461888012233323,-0.032656811671800866,-0.06357787727821676
2024-08-06,-0.009748152083675321,0.005651399696776351,-0.0060282143979273825,0.011286851176084967,0.03782995471980046
2024-08-07,0.012498300145918222,0.005187498515865259,0.004106319073331245,-0.00295280377510847,-0.05122307813513167
2024-08-08,0.016633128367415546,0.018615215947435596,0.019441323367846677,0.010691978713134877,0.06126769976178577
2024-08-09,0.013736065711807566,0.0068757501125772825,0.010121644486259275,0.008269225736230273,-0.0020957684978965964
2024-08-12,0.007129780699384995,-0.0008386209871871509,-0.008431574637242114,0.0019459321132392169,0.0407638174110583
2024-08-13,0.017193107011582283,0.02056350487425907,0.01152256087630057,0.017698666635782,0.065308980503808
2024-08-14,0.002033660905750645,-0.0007636117446157484,-0.02308721962299462,0.006883903753825421,0.01670410141327533
2024-08-15,0.013530708836995683,0.04403286281963394,0.005799065698628924,0.011823782585764065,0.040481012861158495
2024-08-16,0.005918452273491136,-0.0029843954627290815,0.010291590294785696,-0.006080473250848863,0.013999599645769759
2024-08-19,-0.0007078936088067976,0.0065514722585800315,0.022766011077895217,0.007312458270454039,0.043506312082288674
2024-08-20,0.0027445630388590325,0.0037033085938095313,0.0030599919968872687,0.007757411317865146,-0.021154003106073283
2024-08-21,-0.00048554014746466463,0.006876093995775854,-0.007955442097081267,-0.0015536990543711634,0.009823180825623229
2024-08-22,-0.008259686050446828,-0.022097583221652145,-0.012360618623013317,-0.02025271669351262,-0.03704274176676487
2024-08-23,0.010288174603870154,0.005166572293720029,0.011111058990413753,0.0029840168652499263,0.045498457747880715
2024-08-26,0.0014988234276755348,-0.00869856159361613,0.003260603409729553,-0.00791779244626788,-0.02249346701587918
2024-08-27,0.0037415184646585496,-0.013561281383547008,-0.00890711331619406,0.0008465507900542068,0.014550100477583145
2024-08-28,-0.006753396367190115,-0.013401063602498662,-0.011112433086652697,-0.007829036857176246,-0.020966498128261086
2024-08-29,0.01457020277465097,0.007728290643119532,-0.006570319842003563,0.006137341901879694,-0.06384848827359228
2024-08-30,-0.003437973575190126,0.03706719186500493,0.009889742879033669,0.009730757558372412,0.015137360269122475
2024-09-03,-0.027205212861720188,-0.012605042016806723,-0.03684654432611789,-0.01845892840956782,-0.09525010160805457
2024-09-04,-0.008618831166859478,-0.016567365497562058,-0.005782841865993851,-0.0013188490676541158,-0.016574017879626854
2024-09-05,0.006927847503684759,0.026308183871355372,0.005049440452808305,-0.001247190944918533,0.009415393266049793
2024-09-06,-0.007015055657756867,-0.0365394346073523,-0.04019335546555808,-0.0163815451325331,-0.040854417136130416
2024-09-09,0.0004076167452996846,0.02339689900878856,-0.01333587893135795,0.010007395283486766,0.03539814272042177
2024-09-10,-0.0036214743687437534,0.02366025826501821,-0.0003364326069244229,0.020901167670198582,0.01530944882284918
2024-09-11,0.011585161349531541,0.02768031821904482,0.01681696810402363,0.021342480996651276,0.08149863007159837
2024-09-12,0.000494073602329575,0.013440254011034589,0.023352753858173144,0.009360684321303577,0.01916174999063086
2024-09-13,-0.0012120080370838712,-0.0027272433520638367,0.017906835011333333,0.00840751483684417,-0.00033581622946921307
2024-09-16,-0.027775280836770416,-0.00857958097692412,0.0038105070032783458,0.0017417705670164172,-0.01947946250840944
2024-09-17,0.0021727256097638977,0.010763186217390827,0.007971727370069836,0.008832944610889478,-0.010190046494501266
2024-09-18,0.01798963950730114,-0.0024080275860086835,0.003075448524984949,-0.00997342515191976,-0.01920584794348562
2024-09-19,0.037065587147416264,0.018451979705801563,0.014579892380586636,0.01829106387795347,0.03969309818987688
2024-09-20,-0.002927532684534844,0.009111555436973413,0.008942830099384761,-0.007795975267463836,-0.015864840566789603
2024-09-23,-0.0075809560713870445,0.011899784481557174,-0.010636258932306367,-0.004043489297676717,0.0022412994694284093
2024-09-24,0.003974067552903281,0.00041263580070076465,0.002718444650270849,-0.01001129781721375,0.039652543034940674
2024-09-25,-0.004398227186520667,-0.00737269480857403,-0.004929372952024597,0.006850484405431247,0.021841589811518316
2024-09-26,0.005080271646859084,-0.007115748848874029,0.007678391917774294,-0.0018514295125282617,0.004291112163702469
2024-09-27,0.0011867046644594757,-0.01668760399819219,0.0074971874701453105,-0.007627997680559564,-0.021283402223456278
2024-09-30,0.02287200765048048,-0.00872479320635237,0.011588852093979007,0.005326880084041061,0.0003295017620265471
2024-10-01,-0.02914159701398886,-0.006440170323887101,0.006873764544392751,-0.022333188513406918,-0.03656132829248359
2024-10-02,0.002519675193235016,-0.0019986515757441886,-0.006767009541840038,-0.008462350897373853,0.015812026920395288
2024-10-03,-0.004894631936951414,-0.015154729791167823,0.0,-0.0014142570851750534,0.03365585793539216
2024-10-04,0.005007470639090642,0.02500542770436156,0.007235047342129596,-0.0011524847653250575,0.016849786764408032
2024-10-07,-0.022530914783690393,-0.030614935516867666,-0.02442238979347458,-0.015670905773028956,0.022414338881298082
2024-10-08,0.018404049879838364,0.01061945871978593,0.008589858144267845,0.012624074681285406,0.04047913816037513
2024-10-09,0.016698314779688073,0.01340847707899747,-0.015330098950093619,0.006631017128013637,-0.0018058437153169685
2024-10-10,-0.002178190050849215,0.007992632403596746,0.0013590910189911494,-0.0038805367468063173,0.01628326201494723
2024-10-11,-0.006505408096193213,0.011626110360002793,0.007157121770302286,0.0011542017049327093,-7.405390195557784e-05
2024-10-14,0.01647993322955738,-0.0067790169920290974,0.010536562362151483,0.006773860685134801,0.024258185968554655
2024-10-15,0.011024551813539172,0.0007998782160803754,0.003031050122107222,-0.00095458173765767,-0.04686030433050683
2024-10-16,-0.00885181884333648,-0.004262363692000912,-0.0018130416191694345,-0.006256855304346695,0.031307072782547136
2024-10-17,0.0015963480057223916,0.0034244710350396956,-0.013502316484173672,0.0014420045446974564,0.008915286557078203
2024-10-18,0.012276487203049921,0.007785456851548653,0.0030074957090273097,0.003455589988530619,0.007814242732701863
2024-10-21,0.006297898886118665,0.0004233124965837479,0.003977779578778151,0.0014826217594888125,0.04137678680206359
2024-10-22,-0.002621656620710099,0.0033320442144116826,0.006521332440350359,0.020846333954210722,-0.0008348872397682497
2024-10-23,-0.02162307740841146,-0.026304640562205547,-0.014290814961937565,-0.006806951877347195,-0.028066189802143923
2024-10-24,-0.0008233534729274663,0.009041189476714673,-0.00036863484992790405,0.00030628067771176635,0.006090623454347341
2024-10-25,0.003643102624614079,0.007779788122410885,0.01567115529569947,0.008051994221569166,0.008047824686881064
2024-10-28,0.00859950394759263,0.0029814063415568967,0.008773371591473634,-0.0036435210301559414,-0.007206311969602325
2024-10-29,0.0011568082078779673,0.012951868195294033,0.017754337258121974,0.01256478737757871,0.005194846672125016
2024-10-30,-0.015277974691205936,0.009956473710912997,0.02817080899465219,0.001342740708209228,-0.013522109433509595
2024-10-31,-0.018209426848548923,-0.03284388507953564,-0.019202274360278992,-0.06052751420380774,-0.0472225198358575
2024-11-01,-0.013279682723741552,0.061856218652560475,0.0010520669078677295,0.009892952682746608,0.019885453916823646
2024-11-04,-0.004037466653296491,-0.010862395675455652,-0.011968056154480012,-0.004654444568182286,0.004800532848886992
2024-11-05,0.00648600955406581,0.019000925752873706,0.0029543964693057884,0.007344628574216223,0.028371959009218146
2024-11-06,-0.0032667912298664373,0.038045094425516915,0.03988449408704878,0.021192908755753578,0.040740572234574696
2024-11-07,0.021372175812722282,0.014293335101699474,0.024021453492739632,0.01249460874293448,0.022457271083765815
2024-11-08,-0.0011881972853523834,-0.00890269149634708,-0.013278146192996668,-0.006793176669576826,-0.008396173824349571
2024-11-11,-0.012028655126815134,-0.006436720074140508,0.011214037609418205,-0.010720754029198172,-0.016053674170561718
2024-11-12,0.0,0.010007771034946345,0.007041703998592868,0.012009274800190234,0.020859007238872275
2024-11-13,0.003969155952552571,0.024843245179395762,-0.015086304144474837,0.005129693481559749,-0.013621626028529168
2024-11-14,0.01377044519428025,-0.012237320417028894,-0.018448195718276623,0.003974574482793751,0.003349665085671778
2024-11-15,-0.014109110454178984,-0.041942478231440795,-0.017598677568752948,-0.02785263655801064,-0.03257019867074381
2024-11-18,0.013422136748805913,-0.0044914054556440385,0.016290632492612596,0.0018313589976591887,-0.01288910539826909
2024-11-19,0.0011402383381654225,0.014427385751801003,0.016086582089158932,0.0048825605285462755,0.04894770067794853
2024-11-20,0.0031541316817687787,-0.008455088814713288,-0.01201421647819063,-0.0055051562608543795,-0.0076185062905555065
2024-11-21,-0.002096165296303382,-0.02218059883525382,-0.047448592939099886,-0.004316785172784601,0.005346513126098838
2024-11-22,0.005907516929066924,-0.006351495788949677,-0.01712109229875399,0.010003056772118947,-0.03218115900172298
2024-11-25,0.013050866513805319,0.021966324768223074,0.0175407008213797,0.004292709961162042,-0.04177522949147917
2024-11-26,0.009404410213577371,0.03181932866326265,0.00876819349344459,0.021967956704993782,0.006616671939369787
2024-11-27,-0.0005530768936285359,-0.01019914899914574,0.0006505555039817827,-0.011682504619783787,-0.011539715341721934
2024-11-29,0.010215818045905815,0.010450052683389333,-0.0016544871479793836,0.0011111081098700492,0.021501614290346686
2024-12-02,0.009522665797730638,0.013564901305970026,0.015033966654488461,0.01775850915650454,0.0027484439525344655
2024-12-03,0.012771687994581239,0.012956175029913265,-0.0008746901244227461,0.0005105044256613845,0.011758101746455188
2024-12-04,0.001483670417337047,0.022113948494724478,0.0176840474903016,0.014424829036052871,0.0347925370541842
2024-12-05,0.00012354028933198955,0.010955259211262744,-0.00992131423066314,0.011887963688259848,-0.0004824295010845987
2024-12-06,-0.0008229104746191765,0.029381072944344337,0.011990299379234588,0.0021463355010170764,-0.018061378825443744
2024-12-09,0.01610107370001558,-0.00414043274659952,0.004928031814314369,0.005523269939541222,-0.02548454541528614
2024-12-10,0.004133841778114562,-0.004644181824783556,0.05588174080447658,-0.006031084399526248,-0.026943265898928447
2024-12-11,-0.005166110207954622,0.023195882405071092,0.055246615016985454,0.01276704819518379,0.03139106037169196
2024-12-12,0.005963586016336502,-0.005602333522571657,-0.017604883545710753,0.001269461977282284,-0.014141056000939647
2024-12-13,0.0006856941848525498,-0.006594726378065836,-0.011148104380646583,-0.005093871089254122,-0.022498918064772968
2024-12-16,0.01172772086416492,0.024048121869595384,0.03603410441114394,0.009658653563022682,-0.0167598108358917
2024-12-17,0.009719525871236652,-0.007641775792156066,-0.006305323875594356,0.0063552124777150444,-0.01219692416139931
2024-12-18,-0.021421669861448778,-0.0459874103599754,-0.03592266115703906,-0.037560925494028875,-0.011350504071436264
2024-12-19,0.007014546644079331,0.012561168873593197,0.0005837188652420639,-0.0008231925099930346,0.013730186292571446
2024-12-20,0.018815883872863606,0.007299945952901463,0.01538398110094893,-0.0009838401221646234,0.030762359169377758
2024-12-23,0.003064919783676148,0.0006224408269080593,0.016822542775932987,-0.003092133395931842,0.03689701089213623
2024-12-24,0.011477956548354682,0.01772863030501578,0.0076040985544604395,0.009373920499681342,0.003937853754408542
2024-12-26,0.003175811920184456,-0.008731717849172285,-0.0026005384143977387,-0.002776936470022293,-0.002068263809008247
2024-12-27,-0.013242138695514166,-0.01453425680424039,-0.014519448542149904,-0.017301699974787987,-0.020867637223834026
2024-12-30,-0.01326339344025711,-0.01094970703125,-0.007885349695437265,-0.01323936449099533,0.003503396669350075
2024-12-31,-0.007057981824547517,-0.008630834323407858,-0.010144339714142117,-0.007838490134633712,-0.023274364194741038
2025-01-02,-0.02623580125140006,0.0037832254586069787,0.0006866212509236672,-0.006927581643227348,0.029935165556237153
2025-01-03,-0.0020095092420736953,0.018027432561515674,0.012458492327726469,0.011395679525791715,0.044537685755323596
2025-01-06,0.006739006166805563,0.015254909370185475,0.02648731851218114,0.010629484417451707,0.03433227133768662
2025-01-07,-0.011387714951863394,-0.024164140350825442,-0.007009663622887992,-0.012808270090346574,-0.062169580777451224
2025-01-08,0.002023052232902137,9.006470850464349e-05,-0.00787771915478759,0.005184984104719133,-0.00021391525252782695
2025-01-10,-0.02410391499037844,-0.01436097047352597,-0.009847920688031359,-0.013213586358567852,-0.029976440320453476
2025-01-13,-0.010344109030425857,-0.0021923619356290142,-0.005363590327162007,-0.004200938336092314,-0.019719047928696967
2025-01-14,-0.004778069660643257,-0.0032043036964111535,-0.007067577079847129,-0.0036434661425002067,-0.011033509648449373
2025-01-15,0.019675889583568255,0.025670516796895883,0.031055599910704168,0.025597229564427216,0.03400131716208913
2025-01-16,-0.04040017608687779,-0.012043887924316954,-0.013500395756263685,-0.004058149938517489,-0.019597900489832676
2025-01-17,0.007535246075507597,0.02392820942476731,0.016017885678822223,0.010481015092373723,0.030995079750641544
2025-01-21,-0.03191585897303637,0.02111181827440211,0.010459140876955125,-0.0012353857550320162,0.022656156218898965
2025-01-22,0.005344970004767454,0.018638063663626483,0.0016157527182378813,0.04130704115570586,0.04430899512280561
2025-01-23,-0.0007593409814914409,0.0017446222360447264,-0.001966067902832569,0.0011428636284238503,0.0010197998510465352
2025-01-24,-0.003934711040624237,-0.002421170970448492,0.011263862446988442,-0.005932249435269098,-0.031245872234980637
2025-01-27,0.03178021786229268,0.0024270472668348588,-0.04195601696769715,-0.021393545991356965,-0.1696816094554588
2025-01-28,0.03654394871352917,0.011596277923593924,0.018195161809540644,0.029086918390605142,0.0892586209407789
2025-01-29,0.004616873847964842,-0.004534900692607442,0.0005630959003180542,-0.010890032833749366,-0.0410109434462389
2025-01-30,-0.0073947640069262355,-0.010250170242948595,0.027941342016896707,-0.06180906066178267,0.007679894296106142
2025-01-31,-0.006692155112443912,0.012955989149507845,0.015681830600300557,0.0001686885732131475,-0.036742931727335476
2025-02-03,-0.03385597385580598,-0.0010938846972727546,-0.013675204042339373,-0.009974456956441422,-0.02840009254633355
2025-02-04,0.021007815329716503,0.01954342273369351,0.025592742353235134,0.003528775928514896,0.017058062387236405
2025-02-05,-0.0014174875042233066,-0.024332807771026633,-0.07292380888502549,0.0022309965417419433,0.05208599334722619
2025-02-06,0.0032262255941549567,0.011263088803542815,0.0014111510820187,0.006121527221295114,0.03084207376727753
2025-02-07,-0.02396862162153798,-0.04053095448794506,-0.03267220117461415,-0.014597598591102155,0.009014269885537015
2025-02-10,0.001187188643789775,0.01741219986663625,0.0060969951232971616,0.006027985249534338,0.028727882107658875
2025-02-11,0.021831898745981786,-0.0016299428832775938,-0.006167246315477257,-0.0018922392944089872,-0.005764631616670339
2025-02-12,0.018270070070558527,-0.016454725560419294,-0.009227377531196745,-0.005833081844847978,-0.012500099134159379
2025-02-13,0.019673330777519895,0.006290143220533066,0.013779201164832285,0.00366714194464968,0.03164553278699973
2025-02-14,0.012710633509537897,-0.007336035409240506,-0.004888767627518451,-0.005139580645420911,0.02631398727878421
2025-02-18,-0.0005314234698779344,-0.008877028355405688,-0.00788207263371063,0.0029626820460606105,0.003961109387652261
2025-02-19,0.0016360282099100616,-8.819331220015115e-05,0.008162408676317102,0.01252310938385153,-0.001219570014520307
2025-02-20,0.0039205179431115525,-0.016546793977871895,-0.0038322088899700314,0.005290636586505664,0.006320499641016494
2025-02-21,-0.0011389590576884353,-0.02826634473141848,-0.02654966118655803,-0.019032495671672454,-0.040539730840520385
2025-02-24,0.006312366533681364,-0.017868663239768216,-0.0022820789905132373,-0.01031344614096787,-0.030870938711165218
2025-02-25,-0.00024284816198022068,0.000423094048469878,-0.021366907748380713,-0.01509897438467543,-0.028016630826993145
2025-02-26,-0.02704018567246442,0.007283848822975893,-0.015334576551415574,0.004599204235896378,0.036721145843673274
2025-02-27,-0.012730896109299127,-0.02617215045770671,-0.024489125785192325,-0.018012225356968673,-0.08478053304200983
2025-02-28,0.019131926257306663,0.01695886362448497,0.010563866550921862,0.011362228523667136,0.03970026571566645
2025-03-03,-0.015754231452227693,-0.03420008737791639,-0.019203706551137924,-0.02141115598739186,-0.08693565937899767
2025-03-04,-0.008822337402254984,-0.005950644792114075,0.023411721501241097,0.00030890000897190316,0.01692097951345501
2025-03-05,-0.0008053630011022947,0.022374865016246717,0.012286606160702394,0.03193423587708561,0.011294071573072936
2025-03-06,-0.0017392345454965447,-0.03676331176651387,-0.0038724679735965516,-0.01029855440913705,-0.057374277068337656
2025-03-07,0.015892617201183245,-0.007224698407026494,0.008761244957040958,-0.009020240721967122,0.019173469362399644
2025-03-10,-0.048479523357297945,-0.023638678614138958,-0.044857827186596665,-0.03343416579797067,-0.05067004423166255
2025-03-11,-0.029189455563480304,0.010537694677220598,-0.011032786901892227,0.0007629062358160928,0.01663857081403304
2025-03-12,-0.017478693329814058,0.011699491808345445,0.01871501569626605,0.007412151216827618,0.06427597593132306
2025-03-13,-0.03364370583193905,-0.025139524437347016,-0.026030804635236406,-0.011741034835941997,-0.0013824365221175338
2025-03-14,0.018170635908245022,0.020939695556110815,0.016773254009019942,0.02584686743605021,0.05269074794861365
2025-03-17,0.0023888212334428074,-0.011164392468548355,-0.007251244347282532,0.0003602390902559133,-0.01758855949592358
2025-03-18,-0.0061215010547638555,-0.014917738259935266,-0.022034158631030268,-0.013326425026570157,-0.03430097466409633
2025-03-19,0.011989321189312622,0.014106347155876414,0.020041009087336244,0.011211875593171772,0.01810621485002357
2025-03-20,-0.005296387612504942,-0.0030172668413017993,-0.006650765444832477,-0.0025269622099953273,0.00859418207315308
2025-03-21,0.019476898100019274,0.00646324588535143,0.007309643275977477,0.011426028960014276,-0.007002438723993473
2025-03-24,0.011270430382703816,0.03593082692897381,0.02250125862362597,0.004651421068446873,0.03152091099195846
2025-03-25,0.013681841146428737,0.0120535878837134,0.017175712802628192,0.005291745743753469,-0.00593034326285035
2025-03-26,-0.00992177208025334,-0.022264360904062638,-0.03224676179501645,-0.013133912343619065,-0.05741983754646513
2025-03-27,0.010472595574967613,0.0011435177345770389,-0.017084612207076574,0.0015640847204127439,-0.020481661324519004
2025-03-28,-0.02658038952172485,-0.04290822091507419,-0.048755070513176846,-0.030160240331302955,-0.01579471128200805
2025-03-31,0.019412701063185434,-0.012764667384211904,0.0020086869808688588,-0.009002007225752368,-0.011762626571885038
2025-04-01,0.004771908676460006,0.01003891368261734,0.015714096595394588,0.01811444319212396,0.016331512868818683
2025-04-02,0.0031364045607933967,0.019982288465833834,-0.00019126216554588534,-0.00013070900401996712,0.002451126423530814
2025-04-03,-0.09245618668741246,-0.08979129298487254,-0.040244402195782084,-0.023630293388542056,-0.07806546985533769
2025-04-04,-0.07288731642094842,-0.04153356599971366,-0.0339702913225378,-0.03556582917030025,-0.07357570888187522
2025-04-07,-0.03673429969943287,0.02491224857798794,0.007898354718006569,-0.005502397835490569,0.035309011911489496
2025-04-08,-0.04981809279693462,-0.02624666774451566,-0.013969381819509765,-0.009221489003382329,-0.01372379864592437
2025-04-09,0.1532884230147397,0.11977031526306256,0.09682115575289224,0.10133693639350076,0.18722746024727283
2025-04-10,-0.04239386164320782,-0.05170070417193325,-0.03711178802922604,-0.02340658768266235,-0.05912715396118471
2025-04-11,0.04059442685153015,0.02014123094524838,0.02826852964008992,0.018618128793486066,0.031235463613924794
2025-04-14,0.02205415312614015,-0.014875318183769078,0.01228209890515604,-0.0016475569000955516,-0.0019832295375103765
2025-04-15,-0.0018764497153286263,-0.013891933050343617,-0.017350819234080123,-0.005363416292665336,0.013458567331988655
2025-04-16,-0.038933380321385526,-0.02928890591956743,-0.019064635621075895,-0.03660618526126868,-0.06871651023515024
2025-04-17,0.01394965131991042,-0.009866352335440224,-0.014152609474438214,-0.010306358682545542,-0.028710927386675626
2025-04-21,-0.019392855780080567,-0.030647084568839095,-0.0230881901584147,-0.02354665955868804,-0.04512749971558788
2025-04-22,0.03406515581861374,0.03502262189247643,0.02573323673700592,0.021441257921457315,0.0204312147005212
2025-04-23,0.02433155983706771,0.0428456735278061,0.025615629394455584,0.02063697989793374,0.03862877446550013
2025-04-24,0.01842611328823476,0.03289029336584035,0.025297663928795237,0.03448262521406972,0.036218482880859555
2025-04-25,0.004367282856598307,0.013133978209558462,0.016825756567841743,0.011748008161110721,0.04303310043246054
2025-04-28,0.00410934726428809,-0.006825802991833533,-0.008335402183533515,-0.0017608268753034298,-0.020538774098301245
2025-04-29,0.00509192004789132,-0.0016515586767922594,-0.0028017899270556487,0.007362759264015581,0.002667162452034836
2025-04-30,0.00610758562628644,-0.01584930482083768,-0.008491605669878624,0.003096015184599104,-0.0009173250395856728
2025-05-01,0.0038588187872508617,0.031341496782804845,0.015743087438187937,0.07625362173242956,0.024697053835501134
2025-05-02,-0.037361666999840365,-0.001156683618470259,0.01692497998705008,0.02322521381035019,0.025893817366504895
2025-05-05,-0.03145845652421394,-0.01910722026349242,0.001097479968680235,0.002044703245095562,-0.005938866887284761
2025-05-06,-0.0019106201806933193,-0.007190832051464082,-0.005968027730199717,-0.006557113423069121,-0.0024599900463295556
2025-05-07,-0.011384902173481324,0.019998985551532126,-0.07259693914259184,9.23872940799943e-05,0.03100223747026732
2025-05-08,0.006318509532712618,0.017858062621434155,0.019157019140835552,0.011122573315239708,0.002648230985873624
2025-05-09,0.005266151122381469,0.005102018524557411,-0.009917073873685038,0.0012780210205656517,-0.006134471915594348
2025-05-12,0.06314602195962782,0.08070031092964328,0.037381495969539796,0.024001128949223766,0.05443633946918696
2025-05-13,0.010152369113843979,0.013084718824412103,0.006752471820573892,-0.0002670474613925033,0.0563414029159096
2025-05-14,-0.002817739825164154,-0.00529874222008925,0.036607462333589795,0.008460522957258248,0.041637779766350295
2025-05-15,-0.004144507110357783,-0.024161720956264864,-0.008526292797779753,0.0022561219224371425,-0.0037682327659313416
2025-05-16,-0.0008985839062412496,0.0020470740005537696,0.013600758225998452,0.0025158679238584045,0.004227577634351833
2025-05-19,-0.011739158746800135,0.002772544065237169,0.002105992080924344,0.010126112209577166,0.0012554832990737514
2025-05-20,-0.009196217525313426,-0.010137739138363968,-0.015371644761944164,-0.0015254974810454123,-0.008777700998646571
2025-05-21,-0.023059114771772363,-0.01445588328099769,0.02793035838041477,-0.012222558293097145,-0.019199280198776716
2025-05-22,-0.003612158581425556,0.009844923599836122,0.013704132695806188,0.005059984510917329,0.007814850369574355
2025-05-23,-0.03024440315199483,-0.010388973643241258,-0.014045597270113912,-0.0102888114230978,-0.011593805238963239
2025-05-27,0.025298341226390065,0.025026113945093412,0.026295457141924904,0.023346104889479757,0.03206635423474523
2025-05-28,0.0010488851004830854,-0.006310081665849117,-0.003123179023770769,-0.0072281707087848675,-0.0050921177940839385
2025-05-29,-0.0023451360612308215,0.004787005283780531,-0.0029009253378838463,0.0028860613125599693,0.032490164247528
2025-05-30,0.004501176894949503,-0.003354411529621301,-0.0006983189205938865,0.003662683814899734,-0.0291687093816788
2025-06-02,0.004231977503895234,0.007999607012299846,-0.015779680570885482,0.0034973016005171347,0.016650601990513898
2025-06-03,0.007783918081640834,-0.004548692041520448,-0.016860895977642003,0.0021646202056389194,0.02795155987275051
2025-06-04,-0.0022139048387190374,0.007388989179248374,0.011252965616675508,0.0019439369823429766,0.004956870953730503
2025-06-05,-0.010797699336839864,0.003281416535202608,0.0009520495579652763,0.008213523901960007,-0.013599244967940604
2025-06-06,0.01639831188885057,0.027223334916139413,0.03251885766592589,0.005773144721488126,0.01235796382185649
2025-06-09,-0.012112573294913822,0.015966607137600737,0.015103551885614347,0.005038560888758037,0.00642125154796586
2025-06-10,0.006056094961710435,0.0029035159702168797,0.014254126180707783,-0.0038709508659926783,0.00932478905208857
2025-06-11,-0.019193713899397235,-0.02026562956546214,-0.006998900363628393,0.0036099434659494158,-0.007780571947152032
2025-06-12,0.0021128612878358113,0.00018765734284502704,-0.009303705287811069,0.013224147136332375,0.015192942029507366
2025-06-13,-0.01380523310250527,-0.005346085913906915,-0.00586224226806367,-0.008165080732213257,-0.020896648097317994
2025-06-16,0.010027938173407884,0.01885902821732026,0.012022664766612371,0.008800750769422078,0.019159054367494502
2025-06-17,-0.014010596445348413,-0.005923177895162731,-0.004638825810139925,-0.0022957689195171175,-0.003939529332248196
2025-06-18,0.004804711122616525,-0.010706651956707716,-0.014947338686020361,0.004602103204535618,0.009436565638210838
2025-06-20,0.022484525012509585,-0.01331640209938302,-0.0385414333909166,-0.005913730405531609,-0.011204192941437124
2025-06-23,0.0024875227541490976,-0.005818118205440101,-0.008701439508503666,0.01801426336449417,0.002224535733727062
2025-06-24,-0.005955377660487594,0.020626483554367532,0.009564836286367949,0.008456709934241625,0.025872058712224463
2025-06-25,0.0062905597855569895,-0.0036659245365152776,0.023445420064578552,0.004407236456436025,0.0433403135764318
2025-06-26,-0.002778242667648028,0.024199205109171347,0.01675637568401782,0.010522669077232915,0.004601045575293883
2025-06-27,0.0003979975434207546,0.02846355966079835,0.028754254887712206,-0.0030354445834563913,0.01761067611552298
2025-06-30,0.020340081667505467,-0.017510092291414304,-0.012883006328344052,0.0029641143554673265,0.0015214888165202708
2025-07-01,0.012916183574446377,0.00487719279454648,-0.002213055587422985,-0.010775899254748292,-0.0296854432434568
2025-07-02,0.022230784557691202,-0.002449462616694676,0.01592355912350151,-0.0019509585278618471,0.02576635141861623
2025-07-03,0.005224896020920352,0.015869432167251094,0.00498209916599749,0.015781182271687465,0.013290989179453101
2025-07-07,-0.016857785800466846,0.0002685535903060623,-0.01526209246000755,-0.0022451880524595414,-0.006903417381724013
2025-07-08,0.00028573694703497933,-0.018391733064396638,-0.013745095069217256,-0.002210129140515635,0.011122230051344942
2025-07-09,0.005380692982602671,0.014496684294917834,0.012961666960642678,0.013873883583607579,0.018000066196001016
2025-07-10,0.006015051450409328,-0.001258195325533528,0.00566190735336202,-0.004031762909149737,0.007490211033165835
2025-07-11,-0.005884824162426224,0.012417933203629732,0.014469201995742498,0.0036691184503567322,0.004996897980046074
2025-07-14,-0.012028889648712604,0.0029775049161142966,0.0076029669402787586,-0.0005960116601198282,-0.0051539823480546395
2025-07-15,0.0023487868419765643,0.0029243814744551013,0.0024234424743018314,0.005566357948438462,0.04040953593275976
2025-07-16,0.0050212892525172016,-0.013960696164789255,0.0053297588735342705,-0.0003954177997730027,0.003925030504769902
2025-07-17,-0.0006661748290881423,0.0030915472640285283,0.00333379192544663,0.012024859971776856,0.009511589505708325
2025-07-18,0.0055232575526923625,0.010050026580880849,0.008061869170712527,-0.0032245603058123243,-0.003410420962038645
2025-07-21,0.006155948519582918,0.014018476542235528,0.027234446605455914,1.9600893245875956e-05,-0.005974055127366254
2025-07-22,0.009036079429770475,-0.00798081904360733,0.006522893036042198,-0.00939105620931462,-0.025382169808010797
2025-07-23,-0.001166026396539719,0.0036048360708192412,-0.0058011633498131635,0.0011875446980658777,0.022450948681822916
2025-07-24,-0.0018210788753133611,0.017258761037624422,0.010198108751796284,0.009903683145380482,0.017332301017892335
2025-07-25,0.0005612880787414362,-0.0034017710918776496,0.0052558037226335,0.005539606279171806,-0.0013813721014661114
2025-07-28,0.0007949030512659465,0.0058330056623134546,-0.0031059777761962277,-0.0023555287289833567,0.018731934352203397
2025-07-29,-0.012987608774891395,-0.00764637153929979,0.0164607814930383,0.00013655033518455574,-0.007015633382126402
2025-07-30,-0.010507879767783217,-0.0035495956232552642,0.003984665409357319,0.0013071634187727655,0.021423420636189752
2025-07-31,-0.007079645239497341,0.017029402351838148,-0.023558802420669867,0.0394745950736905,-0.007809521101566765
2025-08-01,-0.025003627425670246,-0.08269617085933034,-0.014434566964983388,-0.017600677522182185,-0.02333162962246688
2025-08-04,0.00479298475198183,-0.014435418409851571,0.031248294344594505,0.021999367998861836,0.036150154150628895
2025-08-05,-0.0021146466969286393,0.009922070229506901,-0.0018969853747939861,-0.014730225544841578,-0.009666692667442169
2025-08-06,0.05090678215297204,0.04004677220394737,0.00729433114414103,-0.005324349564480026,0.006507337952653763
2025-08-07,0.03179364967503996,0.0036885760119835477,0.002192940895337259,-0.007810405060015489,0.007524338632664527
2025-08-08,0.04235786562676561,-0.0019719555047620716,0.024933835500529213,0.002303851888215935,0.010676510503399121
2025-08-11,-0.008337359373312394,-0.006241858073597944,-0.0020851788301086065,-0.0005171280396298268,-0.0035030879331288357
2025-08-12,0.01087241906592451,0.0007681796954406422,0.011641765152996513,0.01431669468636606,0.006041996224318184
2025-08-13,0.016024445286520424,0.013952211680404192,-0.006786566816978699,-0.01636307351578178,-0.008571705439759218
2025-08-14,-0.0023572346327241666,0.028589233339611886,0.004852382468299736,0.003649666091361488,0.0023679047425749274
2025-08-15,-0.005112134601489098,0.00021648217457236182,0.004730382086944622,-0.004421206625439595,-0.008625390714084488
2025-08-18,-0.003022531587090404,0.001991112480187615,-0.0019616378813770855,-0.005901999673326725,0.008644955017783312
2025-08-19,-0.0014292607707682705,-0.015033093886340118,-0.009484028280139858,-0.01417514274190574,-0.03499800104375031
2025-08-20,-0.01973458775406669,-0.018420231785568803,-0.011162423061789863,-0.007944713224745086,-0.0013664290809752165
2025-08-21,-0.0049112373353969755,-0.008310623433453243,0.0021572504861984997,-0.0012874604237913879,-0.002394566341694985
2025-08-22,0.012716749948596581,0.031043025385826685,0.031739771921374574,0.005929794175035908,0.017202090813873135
2025-08-25,-0.002634374179088534,-0.0039328522587262285,0.011645348917455691,-0.005855362867933229,0.01022523293047176
2025-08-26,0.009464701590599332,0.0033781006590050955,-0.006475158935719331,-0.004402542497525671,0.01090037658917321
2025-08-27,0.005145918125483128,0.0017926124405795577,0.0016414665776274596,0.009361843214007928,-0.0009351413404257874
2025-08-28,0.0089808792919288,0.010824070527147485,0.02005008097692401,0.005722846222226963,-0.007874540490031355
2025-08-29,-0.0018060204541949312,-0.011226278216735148,0.006000790239415951,-0.005788384724478202,-0.03324642868305785
2025-09-02,-0.010424697546729835,-0.0159825487428357,-0.007326951631847634,-0.003098602510448078,-0.019520005102879896
2025-09-03,0.03808982925448789,0.002884570719078064,0.09136495583935117,0.000455385449735691,-0.000936786943211391
2025-09-04,0.005493291605817426,0.042877945692648335,0.007110011207664281,0.005184534030341362,0.006095406083867514
2025-09-05,-0.00037536957821656693,-0.014214150326010306,0.011622951837397439,-0.025533047645079108,-0.027030129068697385
2025-09-08,-0.007551387869566972,0.015107797009308893,-0.003194453220851859,0.006464665766642181,0.007723497933343415
2025-09-09,-0.014839387013392687,0.010176429751274746,0.023884857555240384,0.00042145745498875064,0.014556426417988036
2025-09-10,-0.032259477843797145,-0.03320182790348509,-0.001919647701989264,0.003932623559571794,0.03847514721289988
2025-09-11,0.014286370691166892,-0.0016498279850283278,0.005017383271428188,0.001279020395216627,-0.0008459006393353005
2025-09-12,0.017562959510246882,-0.007827802024989644,0.0017888929592740485,0.017744143492950774,0.003668730192814843
2025-09-15,0.011235861035975257,0.014376501718361068,0.04489202463073598,0.010707963157335874,-0.0003935692872465357
2025-09-16,0.006125955224930388,0.011320962964584418,-0.0017884706405033733,-0.012263246171065223,-0.016146299893558806
2025-09-17,0.0035272570821431454,-0.010382430689534922,-0.0064899017751337456,0.0019251597321500106,-0.026246636249290776
2025-09-18,-0.004644626316983757,-0.0016837898189710192,0.010018852475278324,-0.003078311171604437,0.034940451119734026
2025-09-19,0.03203299068174571,0.0010811746080494585,0.010673352478958304,0.018645042810972384,0.002439734632100642
2025-09-22,0.04309567263758813,-0.016632067201427424,-0.008597668133933084,-0.006719113814136537,0.03928237545341084
2025-09-23,-0.0064432788711973445,-0.030400202172414997,-0.0034451370739684043,-0.010146788855002517,-0.028212036426306944
2025-09-24,-0.008332328960039414,-0.0022654160880354185,-0.017960749622884426,0.0018065987654265147,-0.0081824762681504
2025-09-25,0.018072939472634053,-0.00935476479077319,-0.005462579153455104,-0.006115803306297468,0.004068595088642979
2025-09-26,-0.005489094368531353,0.007471945580644679,0.003051427993827519,0.00873711424348655,0.0028138546356030764
2025-09-29,-0.004031963397017813,0.010874508157807734,-0.010099765576460343,0.00613916845557119,0.020539921884648052
2025-09-30,0.0007861175643598798,-0.011702709034319948,-0.003892598978159899,0.006510093016419089,0.02601034170179049
2025-10-01,0.0032203038937570743,0.004827606336181196,0.007404312255769699,0.003397967931218128,0.003537437622501669
2025-10-02,0.006576637201686696,0.008067800117406154,0.0032258563642906736,-0.007638860081398445,0.008812176161369053
2025-10-03,0.0034612549164673655,-0.013039023009411038,-0.001383919198472409,0.0031215812486467907,-0.006723442800848233
2025-10-06,-0.005154640398047811,0.006332282923022671,0.0207051023005344,0.021687617247089102,-0.011086325894108063
2025-10-07,-0.0008180041021814814,0.003983725247293931,-0.018647931892748187,-0.008684006558527654,-0.0026948036940294025
2025-10-08,0.006160338232429493,0.015510877718191122,-0.004638629677829453,0.00166044240093524,0.021995224919487525
2025-10-09,-0.015577920734133397,0.011189078495703731,-0.012631867983262862,-0.00466786284040864,0.018296257179543956
2025-10-10,-0.03452204809648306,-0.04992539782966612,-0.02053571626263211,-0.02189900056871512,-0.048865343221372544
2025-10-13,0.009744415443628878,0.017100394188331414,0.03204126018919812,0.006047446514153403,0.028172120308048755
2025-10-14,0.000444118817724567,-0.01672198760437505,0.005324581962959043,-0.0009337222677795261,-0.04402091182730523
2025-10-15,0.006336506208048075,-0.0037894175689383264,0.022733769472437354,-0.0002726225759598315,-0.0011108615216387009
2025-10-16,-0.007579973963228538,-0.005102778986601825,0.001712927538758318,-0.0035447608754869096,0.01101039583606478
2025-10-17,0.019559419889786333,-0.006667636156250796,0.00731728880604837,0.0038506670175495043,0.007755381326113466
2025-10-20,0.039438767662544415,0.016147214372026392,0.012830572644728344,0.006250164443392007,-0.003165617596526058
2025-10-21,0.0020209274583088163,0.02563748688697789,-0.02373801774222847,0.0016834246495727673,-0.008103403516373958
2025-10-22,-0.016440071254245934,-0.018375903497213037,0.004910968712675875,0.005563383331563432,-0.004857555235790019
2025-10-23,0.004372055505519362,0.014406971477930833,0.005522639172073395,3.858474005389828e-05,0.010428209748937933
2025-10-24,0.012481961631328756,0.014111947295924994,0.02702720325460751,0.005858990605509264,0.022507593580719406
2025-10-27,0.022791192752594933,0.012309863182682089,0.03597234967235925,0.015106800881565347,0.02807914271345931
2025-10-28,0.0007067783895676413,0.010045375014470875,-0.00668458422592013,0.01984868989494453,0.04981984937812552
2025-10-29,0.002602242959819562,0.00458016598367639,0.026545012451775575,-0.0009593918994101332,0.02989602570541406
2025-10-30,0.006303249053230387,-0.03230569840563214,0.02516665731765192,-0.029157023743565633,-0.020044469393717915
2025-10-31,-0.0037950435186791015,0.09584492754129256,-0.0010302871863106643,-0.015120960204863643,-0.001971472430637995
2025-11-03,-0.004882341269010292,0.04004585509136342,0.008997412822688042,-0.0015063329682659448,0.021680048305334085
2025-11-04,0.0036797500454423537,-0.018425168014886813,-0.021781984342640347,-0.0052220271836466645,-0.03958817399555744
2025-11-05,0.00037036583712878984,0.0035295587926045917,0.02439283544002467,-0.013940527604685619,-0.01751462643620336
2025-11-06,-0.0013697782796735824,-0.02861712130072701,0.0015476753108544395,-0.019835979487020493,-0.036524813907323546
2025-11-07,-0.004818894404181109,0.0056369750404150105,-0.020790338730396877,-0.0005632485423001694,0.0003721807128441211
2025-11-10,0.004548694560113319,0.016324987417008757,0.040418968896809127,0.01847750894569028,0.05793250113855309
2025-11-11,0.021601146577912036,0.0028180846386130177,0.004170924144905247,0.005296408286832085,-0.029590580264865843
2025-11-12,-0.006466862149501048,-0.019670851205187034,-0.015790707664516696,0.004836108255941897,0.003313360000960692
2025-11-13,-0.0019014031834500222,-0.02710890745256888,-0.028390988990070205,-0.015357829434784292,-0.03581019794270365
2025-11-14,-0.0019785067163710984,-0.012164320933474622,-0.007753901523487028,0.01368988000867463,0.017713769013105413
2025-11-17,-0.01817116185960659,-0.007754941860691919,0.031149299925982147,-0.005272698028360556,-0.01877261144063866
2025-11-18,-7.46466913797132e-05,-0.04431653833391607,-0.00259626386746928,-0.026995524780487192,-0.028081462747415187
2025-11-19,0.004187729065556005,0.0006290693674620092,0.03000564677867562,-0.013507824429130722,0.028451729272492524
2025-11-20,-0.008601349703672215,-0.024922551488220125,-0.011475006577587194,-0.016001331022243617,-0.03152481997651368
2025-11-21,0.019680647235321792,0.016348913427910092,0.03527375385749111,-0.01318894893337181,-0.009743076928405661
2025-11-24,0.01631746888347178,0.025329631048306246,0.06313817843210699,0.0039820569478748605,0.020516571142315854
2025-11-25,0.003805495657415636,0.014981436308716296,0.015255251141815314,0.006307956259938938,-0.02591077088622875
2025-11-26,0.002093957526739106,-0.002220553450175871,-0.010790144426976948,0.017841151345847885,0.013721716820289706
2025-11-28,0.0046839067924579845,0.01771686809963624,0.0007187270860970101,0.013408861488697169,-0.018084997047972853
2025-12-01,0.015241197437133322,0.002829961661327639,-0.016521904620830464,-0.010711242234453737,0.016497252512760595
2025-12-02,0.010914832876105172,0.00230884759218036,0.002921591018599292,0.00669767953879085,0.008559328912786093
2025-12-03,-0.007128157809805327,-0.008702300580441946,0.012095983694105002,-0.025040828559835658,-0.010305312728931145
2025-12-04,-0.012141479874668595,-0.014071797072686939,-0.006288585407212078,0.006509974781282827,0.021160543078458622
2025-12-05,-0.006840055245008125,0.0018331725713693543,0.0114916296985891,0.00482484408379026,-0.005289605638251787
2025-12-08,-0.003192433705098484,-0.01150176187726517,-0.02286159010118051,0.016267929045018035,0.017213976338018744
2025-12-09,-0.0025550629094710283,0.004539639393836886,0.010710086670107486,0.002036531842831582,-0.003125856580018976
2025-12-10,0.005772469911612777,0.016935769749745012,0.009871356077685642,-0.02735656046019723,-0.00643350703516336
2025-12-11,-0.0026902469609421764,-0.006471654188885877,-0.024296583966444324,0.010259910209692203,-0.015507714749317354
2025-12-12,0.0008992046267305593,-0.017760970816273657,-0.010050140247244906,-0.010217785106327265,-0.03266450115570948
2025-12-15,-0.014984999069961015,-0.01613691637948923,-0.003459625426775672,-0.007752890903315243,0.0072562947437070004
2025-12-16,0.0018241281266525376,8.989068511032453e-05,-0.005353302720950933,0.003306537199253631,0.008111685598434169
2025-12-17,-0.01008702886180206,-0.005796159688549573,-0.0321297182411246,-0.0005668181720786359,-0.038149894542773115
2025-12-18,0.0012875747907972145,0.02481127187765992,0.019344836668199864,0.016508469753089203,0.018719942068098194
2025-12-19,0.005437411303821745,0.002601921022104721,0.015539319976288457,0.0040084249888132336,0.039336228635202045
2025-12-22,-0.009865948891234254,0.004750325679665441,0.008529679887698663,-0.0020579063896725425,0.014917898316282511
2025-12-23,0.005129713035979301,0.01624132921604971,0.014752462851436306,0.0039799838312564225,0.030050700900574
2025-12-24,0.005323781322749458,0.0010338825441332572,-0.0008271339575212211,0.0024031674865693867,-0.003171122206275209
2025-12-26,-0.0014973926274014812,0.0006024588463152764,-0.00184659763510659,-0.0006352171471570687,0.010179710869091743
2025-12-29,0.0013169082135328198,-0.001935304231780818,0.00015946044119596693,-0.0012506892492577353,-0.012124077899723352
2025-12-30,-0.002484048071389411,0.00198212367199818,0.00092495684930693,0.000780087357701393,-0.003612788112190521
2025-12-31,-0.004467575065012885,-0.007353853111662996,-0.0027083771406897516,-0.007918229377188748,-0.005545422619901976
2026-01-02,-0.0031265927617707486,-0.0187159136432688,0.006869044700111785,-0.0220834745462715,0.01260051401581256
2026-01-05,-0.013837114156417422,0.028962461627345476,0.004410648465910065,-0.00019023125249941828,-0.003865526635683629
2026-01-06,-0.018334270451824577,0.03376810778181228,-0.0069502552173464635,0.011969929315805391,-0.0046778198997158085
2026-01-07,-0.007737497507594916,0.002614887734879466,0.024304950710902225,0.010365464492384163,0.009987125820996834
2026-01-08,-0.004955093401707852,0.01958103897724927,0.010745959085171236,-0.011086533967845895,-0.021521859150629048
2026-01-09,0.0012738888084979113,0.004425724253495523,0.00961777751753012,0.0024471623168931906,-0.0009727757218402416
2026-01-12,0.0033929113461487457,-0.003678565947722642,0.010013004916438393,-0.00438159056572712,0.00043279326490142377
2026-01-13,0.0030738747315866505,-0.015701688229887614,0.012384857350936408,-0.0136425918823967,0.004704209026523379
2026-01-14,-0.004175458991876881,-0.02452601837319173,-0.0003869535303987585,-0.023987112082897714,-0.01436954614122104
2026-01-15,-0.006731845375728662,0.006465239039753064,-0.009111522857373568,-0.0059210370909927555,0.02134988022026706
2026-01-16,-0.010379044807464098,0.003946605383793984,-0.00835387135234504,0.007007353989517162,-0.004383967623675481
2026-01-20,-0.03455564430294318,-0.03395782570674639,-0.024242369838586252,-0.011612141515025712,-0.04381672138594644
2026-01-21,0.0038508468560268226,0.001341980773133117,0.019813685178711356,-0.022903313262762615,0.02948284071008497
2026-01-22,0.002826561879143276,0.013099298825288942,0.006577736544023424,0.015829429951262682,0.00829140102602009
2026-01-23,-0.0012482700788880345,0.020568436457892865,-0.007896232610549104,0.03282791169509048,0.015310552663258653
2026-01-26,0.029712973556775536,-0.0030941858246898127,0.016253508201814277,0.009292883148953029,-0.006394126101000327
2026-01-27,0.011197539980376488,0.02625616372331352,0.003870761291873912,0.02190177771676804,0.01099368183061689
2026-01-28,-0.007085403423770163,-0.006825233852112221,0.004364196880606549,0.002184932899183031,0.01591348287194826
2026-01-29,0.007175070687510443,-0.005267268047532375,0.006666405517007705,-0.0999315049399564,0.005169082772252489
2026-01-30,0.004646158493796599,-0.010052507834071887,-0.0007390768797954565,-0.007404777983234278,-0.007168396845442471
2026-02-02,0.04058126002356816,0.015294624385432033,0.016834340866331707,-0.016082230456830805,-0.02888085460867827
2026-02-03,-0.0019629088916998565,-0.01786306995698637,-0.011580300604792275,-0.028721972051949242,-0.028392945801114962
2026-02-04,0.026012866427817916,-0.023593955826118094,-0.019634322343130298,0.007246927253197945,-0.03410220337884479
2026-02-05,-0.0020975930923734926,-0.04420791797466186,-0.005374779306136844,-0.049542462425080515,-0.013261384177341271
2026-02-06,0.008009748840153307,-0.055548048774404536,-0.025328291460937104,0.018975304586217715,0.07871770227202066
2026-02-09,-0.011660483909532586,-0.007607484061414737,0.00452211939537841,0.031061465218646188,0.024971663419029476
2026-02-10,-0.003422959769044204,-0.00843232319156082,-0.017698662560139782,-0.0007979095156082989,-0.007893101110529672
2026-02-11,0.006650117732854849,-0.01391575565028974,-0.02391859189398656,-0.021535541632126766,0.008008991631896693
2026-02-12,-0.04998173910671746,-0.02195215448521887,-0.006303051873291962,-0.006256685100044347,-0.01636412001725007
2026-02-13,-0.022733450234726716,-0.004058180323715659,-0.010614844217675713,-0.0012939852380565156,-0.02209264710071811
2026-02-17,0.03166790148756509,0.01187182800974616,-0.012102646085931715,-0.01111337625115995,0.011815537711723919
2026-02-18,0.0017811375828364411,0.018095945812067242,0.004337473124623785,0.006904255485954555,0.01627285250436042
2026-02-19,-0.014261551090285372,0.0003418493408559064,-0.0015823770894107993,-0.0005769390090855812,-0.00042552880599474463
2026-02-20,0.015350449692731945,0.025627257563010656,0.040052807314611714,-0.0030868435621884574,0.01021825715870032
2026-02-23,0.0060472579702756145,-0.02303553530927062,-0.011080081023819653,-0.032122520711329317,0.00911388525995406
2026-02-24,0.022391035644641243,0.016027637831418893,-0.0018940708591722677,0.011782515192602707,0.006786724366676221
2026-02-25,0.007679860855135704,0.009973158109911862,0.006432848202011609,0.02982002647335478,0.014052296839024479
2026-02-26,-0.0046676776162441645,-0.012913032798065964,-0.017641310753361297,0.0027958182358563287,-0.054561240794954495
2026-02-27,-0.03213044438249633,0.010003856528339246,0.01424947464730506,-0.022353901512221594,-0.041646311846979624
2026-03-02,0.0020440108677830912,-0.007666669573102678,-0.016807943446709363,0.014793453501622202,0.02985489802695489
2026-03-03,-0.003664168116717976,0.0016315386481426037,-0.009591529564517459,0.01349894689474956,-0.013316539505995888
2026-03-04,-0.004663560174437626,0.03875826073047881,-0.0014821877429089328,0.003144153129025214,0.016606495502460437
2026-03-05,-0.008494547048829945,0.009777672934109789,-0.00742264464243671,0.013524143668401704,0.0016390080583173407
2026-03-06,-0.010872595974432166,-0.026171534044229998,-0.007843650721151407,-0.004188164531066918,-0.03010798420604059
2026-03-09,0.009399570490431304,0.0013132534612816738,0.02698531010978799,0.0011003722075923887,0.027162234281511315
2026-03-10,0.003655539804198658,0.00393459326562021,0.002219686727622135,-0.008915215141642513,0.011606999188437413
2026-03-11,-7.670678451014814e-05,-0.007838417021498354,0.005406473475480333,-0.0021688058128880006,0.00687372237792639
2026-03-12,-0.019362746102732902,-0.014671973697334214,-0.016682942048633964,-0.00745903877610911,-0.015535125563684426
2026-03-13,-0.022051876328148392,-0.008877013416636093,-0.004183788716005649,-0.015701969810701,-0.015780274103308685
2026-03-16,0.010794859745288083,0.019598436751117443,0.01085086275156331,0.011123782896491788,0.016477121890169904
2026-03-17,0.005577047742174629,0.016340754535353167,0.017541615106580814,-0.0013502086602690873,-0.007040762669616821
2026-03-18,-0.01687444479508174,-0.024767666852414535,-0.010388559265513029,-0.019078100591435512,-0.008409821584632814
2026-03-19,-0.00392093096782027,-0.005288991452693173,-0.001820005701031482,-0.0070701769628480045,-0.010199536586162173
2026-03-20,-0.003896244515231591,-0.01623874055782,-0.01995899060774425,-0.01837945190736028,-0.03281810422532419
2026-03-23,0.01411348047549493,0.023226393270054345,0.0035215865734011626,0.0029591369520264696,0.017023755028133337
2026-03-24,0.0005964238375686653,-0.013800294588880777,-0.03846916245483134,-0.026788584000617743,-0.002505138026276844
2026-03-25,0.003894442556547438,0.021569200454641807,0.0016870618036640848,-0.004560720873527708,0.019862989658425208
2026-03-26,0.0010688333127273023,-0.01969681779553425,-0.03440683154040503,-0.013664317967339664,-0.04163861365338875
2026-03-27,-0.01617306867243092,-0.03951044238946733,-0.023423098303163206,-0.02513874928256183,-0.0217239027176487
2026-03-30,-0.008721851736991745,0.008076656164990271,-0.0030618806922197528,0.006138423520619529,-0.014028211816980886
2026-03-31,0.02903129041842635,0.03642700888472336,0.0514076693184415,0.031229157756083762,0.055881793484662365
2026-04-01,0.007250134515282507,0.011043371606930613,0.03418422998087823,-0.0021611901863888144,0.007740860956204649
2026-04-02,0.0011344553655323567,-0.0037992260242743505,-0.005447478243950975,0.011072868751592857,0.009331433227018137
2026-04-06,0.01148787622262001,0.014396667550949493,0.01426784791376537,-0.0015530146410365202,0.0014093240930164225
2026-04-07,-0.02070607926163571,0.004605531356027308,0.01823394579408981,-0.0015822508381434738,0.002589544671513849
2026-04-08,0.021301735790709337,0.03499085736091122,0.03882674065642667,0.005479578543501045,0.022346971314677
2026-04-09,0.00614134834764187,0.05604517015360169,0.003687075769416679,-0.003365977272341043,0.010050537196021553
2026-04-10,-3.834482173117137e-05,0.020244002182271383,-0.003924770128819847,-0.0058970328580827975,0.02566473343872581
2026-04-13,-0.0049139542039731915,0.006334400855383194,0.0128294270883436,0.036400898403186964,0.003604901967763291
2026-04-14,-0.0014275869090963943,0.03805913087682667,0.0361022258618027,0.02273847739336731,0.03803284053190958
2026-04-15,0.029362955291145347,-0.0020882028091686313,0.012646034690357643,0.04606853385463002,0.012009570384825724
2026-04-16,-0.011372633634406906,0.0048289615623428065,-0.0032629512323445777,0.021983402171766735,-0.0026147182905368036
2026-04-17,0.025930211549242004,0.0034441354459841,0.01684424691139158,0.006020092104702038,0.016788436953854992
2026-04-20,0.010435475371396443,-0.009099612075002893,-0.012467745666598489,-0.0111639562437672,0.001884197226362419
2026-04-21,-0.025196703995697088,0.006565188057139703,-0.015203617683191157,0.014566950244961288,-0.010788838474320437
2026-04-22,0.02629899524101397,0.021807838295304305,0.02115621474771637,0.02065256084558496,0.013107839969903818
2026-04-23,0.0009516944880664153,-0.001096486445127008,-0.001267218750736363,-0.03966093461768004,-0.014123459804205247
2026-04-24,-0.008667702544387219,0.03493017225717915,0.016258901147509157,0.021334937195510353,0.043227834648350415
2026-04-27,-0.01272786158267408,-0.010871605831113018,0.01724739415411147,0.00047104998121202024,0.04004415502378421
2026-04-28,0.011584102768505595,-0.005438047398549387,-0.0015984402707296143,0.010427908679775416,-0.015881087815489605
2026-04-29,-0.0019947057588976425,0.012860978748156547,0.0004574408561603708,-0.011159034047451189,-0.01838907070702588
2026-04-30,0.0043676599378028765,0.007679398373068795,0.09961703465838957,-0.039296919836194384,-0.04626041900014934
