,AAPL,AMZN,GOOGL,MSFT,NVDA
2022-01-04,-0.012772864534176169,-0.017060289689663746,-0.004091432509640364,-0.01729563043065571,-0.0279762833565317
2022-01-05,-0.02696019023793571,-0.019073846316683307,-0.04696190563845115,-0.03914418456547388,-0.05928547737360484
2022-01-06,-0.01683410345899139,-0.006733601858714689,-0.0001994569328170881,-0.007933277884675268,0.02058082462923864
2022-01-07,0.000987886499524488,-0.004296997177475961,-0.0053175608988717095,0.0005096765238610824,-0.033598101375559575
2022-01-10,0.00011602983974164933,-0.006591854785116594,0.011988567679108645,0.0007320224854777403,0.0055996144613378466
2022-01-11,0.016644984029189097,0.023718602439306714,0.007661721780287247,0.0022567276890147927,0.015104219788658607
2022-01-12,0.0025667159321883155,-0.0009377696670975312,0.012053234317434013,0.010390588010933009,0.00652146576841487
2022-01-13,-0.019211699961377313,-0.024466534551061184,-0.020309917521298376,-0.04324394544117024,-0.05219762885858633
2022-01-14,0.005097802030323661,0.005715124523055335,0.006426582890536004,0.01756152624452723,0.013715387651686338
2022-01-18,-0.019075019316976093,-0.02006265472349509,-0.02528481708578006,-0.024640311063054723,-0.03932770960031218
2022-01-19,-0.02124877155988496,-0.016614359071245203,-0.006502761462213521,0.0022440561089604014,-0.03280664992884894
2022-01-20,-0.010401095114465133,-0.030080217077818206,-0.013479016817740731,-0.00571950004828273,-0.03726781241598172
2022-01-21,-0.012847175329558725,-0.06134555364691525,-0.022423677030180472,-0.018640824604898815,-0.03266001043726201
2022-01-24,-0.0048764256713550785,0.01323896043083007,0.0034651420639269914,0.0011476418238808089,-8.569211515137568e-05
2022-01-25,-0.01144978185592077,-0.03204163984338447,-0.03002478216628282,-0.02694807093605263,-0.04587640632973124
2022-01-26,-0.0005634001139815215,-0.007986135126473034,0.017941986685089003,0.028094717505440278,0.019869611983526356
2022-01-27,-0.002947728227780521,0.005493528624727967,-0.0017659654719670405,0.010493870877706453,-0.03703814903143595
2022-01-28,0.06745098966353297,0.030610731040560255,0.03313361971744188,0.027694698382037388,0.040019593692270296
2022-01-31,0.02579027219909284,0.038127433338896885,0.014535639062647317,0.008784985960772767,0.0695882234458157
2022-02-01,-0.0009732165223236745,0.01077253018259915,0.01715027716642363,-0.007164148525317139,0.0061884097856679966
2022-02-02,0.007019609175077572,-0.0038501180924552735,0.07254158668470392,0.01510734038008382,0.024219412553598146
2022-02-03,-0.01686136511312833,-0.08134849507057182,-0.033738575313326837,-0.039731381527170345,-0.05262474403621724
2022-02-04,-0.0016804489993387747,0.1269489157684572,0.0014178161756459623,0.01544854708558854,0.01537326250823623
2022-02-07,-0.00424366631867179,0.001875974577811346,-0.02897243932835704,-0.016445045849827374,0.016678218860513818
2022-02-08,0.01829847521490995,0.02178265381683596,0.001421198558557726,0.011924149589716772,0.015250431426318108
2022-02-09,0.008259346588687717,-0.0013886979453967615,0.0156094310679342,0.021599965304249687,0.06166429669409218
2022-02-10,-0.023881775549165263,-0.013654506185153747,-0.02121326274291676,-0.028783561061440567,-0.03354661215549319
2022-02-11,-0.02042544694561305,-0.03657177570139793,-0.03179067344722043,-0.02457340409508962,-0.0753777808912443
2022-02-14,0.001422184907299878,0.012147601490993106,0.009217829195982883,-0.0001359483235241888,0.013190894645753397
2022-02-15,0.02288816967527617,0.008621083638872947,0.007955758059991486,0.018372817224418286,0.08783869691952108
2022-02-16,-0.0013896196590070145,0.010107783346743868,0.008234031902180122,-0.0011680734564180832,0.0006036377305647701
2022-02-17,-0.021498550016269085,-0.022050230393006458,-0.03847653947063096,-0.029719624671369002,-0.07860087170706526
2022-02-18,-0.009399864886900103,-0.013350682834785058,-0.016247122478531016,-0.00967746879763472,-0.035934013028993114
2022-02-22,-0.017972944587004148,-0.01587889987657254,-0.004530875730360596,-0.0007293468846502257,-0.01071621045561376
2022-02-23,-0.02620450556523395,-0.03641116014436802,-0.01729256685018258,-0.02623414322792129,-0.043828080467936355
2022-02-24,0.016542617678611943,0.04410800497645022,0.03921687768892352,0.049830781981454284,0.059017889978367835
2022-02-25,0.012882150280127961,0.01593036537376894,0.013239881045506467,0.009190717050313796,0.01707566724567452
2022-02-28,0.0016366020425081012,-0.0014673390183547882,0.004433898900966594,0.004965506726737137,0.009394067927913098
2022-03-01,-0.011695948691243184,-0.015891148369833387,-0.007398343009124728,-0.01293492860313249,-0.03794702124760462
2022-03-02,0.020378980941705396,0.006006111112644554,0.0037971918536875474,0.017609905620178383,0.0313279643429405
2022-03-03,-0.0019832166657154115,-0.02769967430173762,-0.0050061160837529765,-0.014326452812423975,-0.021113098755712878
2022-03-04,-0.018579933147137902,-0.015381483821486462,-0.014996344027472918,-0.0206912531623604,-0.03335779682201364
2022-03-07,-0.02400334508509678,-0.05786267214586164,-0.04281187177170625,-0.03850884265104018,-0.07156240456563835
2022-03-08,-0.011744505753115076,-0.010520594620232346,0.0057281352781338455,-0.01103188637714344,0.0075584471774612855
2022-03-09,0.0343988883552212,0.023717698424230754,0.04849248489703007,0.044837594068394056,0.06739894287860801
2022-03-10,-0.02756287090000514,0.05271118653269622,-0.007451700562034354,-0.010137691732649574,-0.015589791429431048
2022-03-11,-0.024198980254130507,-0.008845856240147519,-0.019512642537443642,-0.0195177434295542,-0.02493546471148533
2022-03-14,-0.02692187118027776,-0.025553208143987614,-0.03064483125218923,-0.013045824765236549,-0.03546306959528228
2022-03-15,0.029245627494146314,0.03813139923769891,0.025453223371364055,0.03801113341466291,0.0742052745667709
2022-03-16,0.028602707953580577,0.03819476755459102,0.031109871775048703,0.024900636210386663,0.06419017835314722
2022-03-17,0.006433240164300689,0.02664947618554765,0.004181560497554745,0.0028154994723257184,0.010961943346391216
2022-03-18,0.020702961484455554,0.025192147663773066,0.016939814493317128,0.017494078544506846,0.06589764224495834
2022-03-21,0.008501777333634428,0.001493436589994942,-0.00017621367496488408,-0.004236478754029076,0.01056679168036708
2022-03-22,0.020587099419176733,0.020820051155123028,0.027298082517021986,0.016246686979638818,-0.007886438969580552
2022-03-23,0.008199785229039283,-0.009022396175222974,-0.0114512072993226,-0.015144000463999214,-0.03413021927843292
2022-03-24,0.022424465429055875,0.0014768099843156708,0.023560623269804622,0.015275314158932749,0.09362779928472072
2022-03-25,0.0037272796670177457,0.0068448147304497955,0.0007130681219162426,-0.0013821010621842607,-0.016403892526033914
2022-03-28,0.0050240944446614914,0.02527066880086216,-0.0015363793219294283,0.02285332327977954,0.01885197125459733
2022-03-29,0.018953555266675238,0.0019184362663260243,0.007395228219179903,0.015045820253389863,0.015367436587366811
2022-03-30,-0.0066718295783973185,-0.017961531171231216,-0.003986588301804204,-0.0049266336178768475,-0.034291587213945124
2022-03-31,-0.01793562161458031,-0.020064520292900095,-0.020434490303711472,-0.017840947186026117,-0.014697557255051471
2022-04-01,-0.0017194477987464885,0.0034450322821231614,0.007757452712576734,0.0035936216643925496,-0.021260888973741066
2022-04-04,0.023417085479699482,0.02884445449723015,0.01992818597091764,0.017777614514380088,0.02396931492131925
2022-04-05,-0.01912390770126903,-0.025822642256601212,-0.016790061650035156,-0.013070253687976591,-0.05364314216584829
2022-04-06,-0.018622965349968105,-0.03283328123701215,-0.029178864917386648,-0.0372926120522654,-0.06056904827352118
2022-04-07,0.0018022896806339415,-0.0061382328144399005,-0.004841425577081458,0.0062243335164570614,-0.008186763225186067
2022-04-08,-0.011980052146326895,-0.021291810941382657,-0.019326264344791146,-0.014707728730732197,-0.0460286065192575
2022-04-11,-0.025847270680530908,-0.021850949776512304,-0.034065128305194585,-0.04022990340678027,-0.05339195188100005
2022-04-12,0.011457543723495884,-0.0022158166719546393,-0.008646107732701445,-0.011281067121981072,-0.019023763511554128
2022-04-13,0.016210162368103465,0.031037763445815297,0.016921447465290736,0.019520419826291074,0.03198851076646715
2022-04-14,-0.030446927724085974,-0.024961650159491106,-0.024659875761381428,-0.02745830508211993,-0.04349404897726437
2022-04-18,-0.001331743591615725,0.007084013688019547,0.007440960295953759,0.0024629719135886496,0.02439637741155372
2022-04-19,0.01401650449441479,0.034294010908479985,0.018103877613952473,0.016896280216089788,0.018872251371057296
2022-04-20,-0.001016248130988639,-0.026386116801539967,-0.015260950861197895,0.0037083602508251315,-0.03278655749680866
2022-04-21,-0.0048552888203994915,-0.03772931062801116,-0.025514008187485126,-0.0195713612513487,-0.062374756652555506
2022-04-22,-0.028215420358639314,-0.026969363430673157,-0.04237917761266567,-0.024440636069501268,-0.03365727161160995
2022-04-25,0.0067144645162144495,0.011872429325306142,0.02833626730395344,0.024120054150334486,0.019636662101065773
2022-04-26,-0.0380425789619499,-0.046830397470919216,-0.03660780125227635,-0.03812142933022199,-0.057601723889347145
2022-04-27,-0.0014677172303835303,-0.008819827903123646,-0.03739950342706399,0.046987774460314664,-0.020052814655738535
2022-04-28,0.04416559321026469,0.045483928748159326,0.03632431642827186,0.022380238081790238,0.0716067636367947
2022-04-29,-0.03729172106001241,-0.15139791287665294,-0.037944283611281625,-0.0427113729246865,-0.06446428822789364
2022-05-02,0.0019648319202166457,0.0017565476902947816,0.02144488629614029,0.024734834369290446,0.051797437812104975
2022-05-03,0.009576183051532468,-0.001981867083020741,0.006421157423445222,-0.009501407660269334,0.0035261483579413556
2022-05-04,0.04018999142254897,0.013390415419768674,0.04113359599876021,0.028685800995810237,0.03666281810909929
2022-05-05,-0.05732845030827582,-0.07862161321968106,-0.048219683357454836,-0.044531849650112976,-0.07609984923776998
2022-05-06,0.004716160029486825,-0.014140750847553027,-0.006536016873622233,-0.009491586897698101,-0.009008967622608227
2022-05-09,-0.03375270348870096,-0.05354166033985861,-0.028351518734952896,-0.037645119589473655,-0.09691754314803111
2022-05-10,0.015983594531239435,0.0006432376717789796,0.01660641660366278,0.018424628467068223,0.03734657923907578
2022-05-11,-0.05323351047738792,-0.032556515700991426,-0.006951785879340296,-0.03377348139562364,-0.05640654401534907
2022-05-12,-0.027261984717952072,0.01468209351950851,-0.0066992361562786245,-0.020159643740895915,-0.027741278173836547
2022-05-13,0.03141745464819654,0.05569537333818603,0.02801909307260542,0.022344769459002354,0.09043659481820246
2022-05-16,-0.01072988822184076,-0.020052883582188433,-0.013931143537241921,0.0014542030757298304,-0.025280031363025448
2022-05-17,0.025104963024874655,0.04030980601090871,0.017565190588135843,0.020140108661686192,0.051533750689608346
2022-05-18,-0.0580730578116673,-0.07425163860523774,-0.04005841593068433,-0.046598728946849285,-0.07059762224424965
2022-05-19,-0.024950096494296622,0.0019259973748420684,-0.013635930137720189,-0.00370637339348973,0.0109215549715908
2022-05-20,0.0017457095688855051,0.0025313230136676168,-0.013461607569258923,-0.002293926755636761,-0.025431825235080016
2022-05-23,0.0393354648543837,-0.0003161006497306091,0.02341349018904863,0.03152974231384404,0.012145969466339099
2022-05-24,-0.019402972159459107,-0.03266897126205679,-0.05076080780190248,-0.003959639372492036,-0.045027884675335084
2022-05-25,0.0011393418364326017,0.025371870055026394,-0.0015584321749579526,0.011108491525640377,0.04957430783961682
2022-05-26,0.022934198245898856,0.03950431937060653,0.018610293183113948,0.012792973701854662,0.05031789478035139
2022-05-27,0.03994812268374284,0.0359770770988458,0.04111269577972727,0.027229965005645153,0.05238239687050556
2022-05-31,-0.0053605008859361125,0.043030852834664374,0.012787802669815015,-0.005026444086700451,-0.007416770063756469
2022-06-01,-0.0008738006330048712,0.01219142464906909,0.0011419703830022542,0.002021182708096006,-0.019031819349404913
2022-06-02,0.01667152116965206,0.030965911805553418,0.03222985047714873,0.007897558762019858,0.06712782543673754
2022-06-03,-0.0393184874438288,-0.0255076393596147,-0.026547537521610404,-0.01674676545338805,-0.045528824176066594
2022-06-06,0.005213934156918172,0.01974655443905197,0.019705766255945174,-0.0047141885976102185,0.003519530045273479
2022-06-07,0.01743303211725859,-0.014447976483889591,0.002812314891127499,0.013856862383670392,0.007424733833598031
2022-06-08,-0.0050559513535433686,-0.014907309337206952,0.0003797914619621466,-0.007699099317043491,-0.014586450860915737
2022-06-09,-0.036617945382922255,-0.042394573681651705,-0.02032999269857921,-0.021002479374781904,-0.03270408240903986
2022-06-10,-0.0393949037141439,-0.057588983573757455,-0.0325166325667728,-0.04558701402634688,-0.061352142840993565
2022-06-13,-0.03903694997553177,-0.05608072910711982,-0.043849055327123514,-0.0433385265508321,-0.08140349546068454
2022-06-14,0.006650832399089053,-0.013205363644664271,0.0030313858400305366,0.009162788931636063,0.012006774603418171
2022-06-15,0.019911721088170853,0.05106358079343476,0.028170704766659376,0.029302100256232668,0.04270951050095278
2022-06-16,-0.04045905583698093,-0.03795462873180644,-0.034582012697013165,-0.02734062288114248,-0.057660474982221994
2022-06-17,0.011467438907391568,0.02439607839682275,0.010414025104625592,0.010880761645216501,0.01772545662291193
2022-06-21,0.03223521829053351,0.022895360879700146,0.04024998046697114,0.024293707402968902,0.042291968767815546
2022-06-22,-0.0038345208994991654,0.0024812460138330314,-0.0005065953733759838,-0.0024069276890767667,-0.01251274014979945
2022-06-23,0.021344479272048123,0.03153073437129849,0.006744697228312915,0.022384104422752786,-0.008286044402046716
2022-06-24,0.024221411424917065,0.03512809079637085,0.04981547937000641,0.033579755557911595,0.0540440871579741
2022-06-27,0.0,-0.02821501915746544,-0.018318869942183846,-0.010552589704119908,-0.015119868814862047
2022-06-28,-0.0302424243986785,-0.0527726431080026,-0.03358800117711976,-0.03226387422153191,-0.05401458649423562
2022-06-29,0.012939907005288355,0.01405345471235067,-0.0027357497005524754,0.014630613030490241,-0.027917090797770282
2022-06-30,-0.018192173423658878,-0.025195393281078386,-0.024821736341530568,-0.013266907564443023,-0.024951777702829313
2022-07-01,0.01603512897929002,0.03105406439766482,-0.0020716222819036705,0.010650571723882379,-0.04286068212882189
2022-07-05,0.018753246518746717,0.035330514810317494,0.04077596219973707,0.012518828001570316,0.029913765701444786
2022-07-06,0.009561707078481647,0.007286182647943523,0.011490841541032415,0.012701660709390031,0.011032146358328623
2022-07-07,0.023715884231692956,0.017341975999450154,0.03609467015014587,0.008192812730938338,0.04699456877706774
2022-07-08,0.004703437872711374,-0.006814197291832153,0.004791468591585145,-0.002760527389706087,-0.0012619388064633388
2022-07-11,-0.014867710345183178,-0.03335256478334072,-0.03129217141901234,-0.011838458676574936,-0.04427953412702841
2022-07-12,0.006810377847143912,-0.022900025593117632,-0.01441931428444898,-0.0418450603417015,-0.004630656513511312
2022-07-13,-0.002539673389535653,0.0107459397638012,-0.023668465877767525,-0.003752125710895443,0.005422147572668282
2022-07-14,0.0202753467693856,0.0020811275557193875,-0.008894008257135008,0.005367070293752974,0.013623384961768556
2022-07-15,0.011385095936205078,0.026052020207380393,0.012694473314707478,0.010336955223951717,0.02505450833667118
2022-07-18,-0.02085915520165581,0.0018476894058662332,-0.024887194077645607,-0.009668061285214517,0.021279325588861357
2022-07-19,0.02637085780995829,0.0383717111840348,0.04290742989330943,0.020554233350192255,0.05386123874986946
2022-07-20,0.013419339678012919,0.037849962832112935,0.0007904938998372506,0.010502168313763167,0.04684906573510293
2022-07-21,0.014981516940929704,0.015036666950921374,0.0038554652823300397,0.009751589140233425,0.013554010572413766
2022-07-22,-0.008143652328901112,-0.017891585334626356,-0.05797150190293225,-0.017060641202830906,-0.041341311290905604
2022-07-25,-0.0074257968994514935,-0.010510843951367622,-0.003620930422857155,-0.005893896372381274,-0.017179990058022187
2022-07-26,-0.00886554335067968,-0.05366832967343516,-0.02343320637666489,-0.027139342892979305,-0.029265849105717247
2022-07-27,0.033661619208855166,0.05226402422174665,0.07376788376215693,0.0647121321988519,0.0732781727276846
2022-07-28,0.0035653000402016207,0.0107708959770675,0.010207749968732464,0.028140830152348775,0.01084559923580297
2022-07-29,0.0322672087941933,0.09859082981024253,0.01821874016522029,0.015543608750677673,0.009904211790189443
2022-08-01,-0.006172543302338395,0.003255181148895761,-0.012631120615560655,-0.009771408643630002,0.015189999528670155
2022-08-02,-0.009330992233950872,-0.009126353187385704,0.0023479730697283175,-0.011541069550162762,0.004598714796426756
2022-08-03,0.03753454691561022,0.03917484597170419,0.0253003807191282,0.027456175533977976,0.019616369614938605
2022-08-04,-0.0019282643287322303,0.0216251677554199,0.0009312206587749834,0.004168636673301296,0.016899783361916526
2022-08-05,-0.0013898177320793312,-0.012492693140300751,-0.0061105657960655955,-0.002612029093371335,-0.011831382633690053
2022-08-08,-0.002907431158312934,-0.009921207364734218,-0.0014481876449710396,-0.009197164162555288,-0.0650547121137669
2022-08-09,0.0003035270144905224,-0.011398203042398835,-0.005728331948054527,0.007038396528924055,-0.04054579005874276
2022-08-10,0.02585707638796147,0.03465340706112098,0.025982176689976617,0.02400991079372213,0.05748689415379495
2022-08-11,-0.0044413640818057295,-0.014471032455294032,-0.007210502647687438,-0.007428177277574307,-0.008602045804587484
2022-08-12,0.021199362033367378,0.020479998229218345,0.023616461982226774,0.016893615414967374,0.04186026155251667
2022-08-15,0.006313576525084627,-0.0025808990121560286,0.003281980898134336,0.005329944036973787,0.017117082978195437
2022-08-16,-0.0009244754713934504,0.011112811619446402,-0.0031176257804665605,-0.0025931544143913622,-0.00807145798641962
2022-08-17,0.008746241428342912,-0.018684262378250237,-0.01782432084039765,-0.002639655054447412,-0.029238439976233332
2022-08-18,-0.002294128105875426,0.0014064484864398943,0.005172745611731684,-0.003955346401904056,0.023607940458889105
2022-08-19,-0.015217164602289697,-0.02901859297383289,-0.02494022182033924,-0.013950905727450313,-0.050472186492882175
2022-08-22,-0.02329866542441282,-0.03691702741982209,-0.02566571406904564,-0.029794501297526227,-0.04673620831775712
2022-08-23,-0.0020310559546280315,0.002998007806707862,-0.003331869982367748,-0.0047277921038393,0.008592938293445327
2022-08-24,0.0017923603982648254,0.001346256547678855,-0.0014941377036535152,-0.002354044228276872,0.0023834829253840985
2022-08-25,0.0148124633701363,0.025676456345101635,0.02570256458266345,0.01103434627642222,0.03933884543217644
2022-08-26,-0.03842833125612588,-0.04873552390255167,-0.05561165155839853,-0.039351312003467365,-0.09681861966525786
2022-08-29,-0.013784773704508842,-0.00736939497405998,-0.008372625963945264,-0.010725576007208746,-0.028634741687284002
2022-08-30,-0.015423651388868788,-0.00820055348874808,-0.0043963575422751545,-0.008557189084682747,-0.021299983856400122
2022-08-31,-0.01069209388908782,-0.01534276001209404,-0.0066312032953017045,-0.005720506975408108,-0.024475906246424508
2022-09-01,0.004696003127330748,0.008248627364462172,0.013947647866442689,-0.004100653423644816,-0.07975002510394627
2022-09-02,-0.01370467313751202,-0.002428212185707223,-0.017372460055320983,-0.016807183873576218,-0.02102755335735309
2022-09-06,-0.008249113085428871,-0.011040262841267292,-0.009689783630092931,-0.011034501383130677,-0.013425970490633174
2022-09-07,0.009211327740898563,0.026371849253352748,0.024416156530611344,0.018931134059978472,0.018620432320193284
2022-09-08,-0.00966436766611203,0.002622535962612139,-0.009824226166537296,0.001664612534681609,0.019925721208259913
2022-09-09,0.018664511213375413,0.02622824562673727,0.020728602686182377,0.02271716218299367,0.027982132370303902
2022-09-12,0.03778481027594224,0.023581047138634757,0.0018960433990431686,0.008247112383626147,0.008168533677989368
2022-09-13,-0.06047127778652156,-0.07318946892343868,-0.06080503616858081,-0.0565478858097668,-0.09951773913997569
2022-09-14,0.009509790368416378,0.013549201586232946,0.006497299537315175,0.0009124523085231942,-0.00022823064835185056
2022-09-15,-0.019111293883018226,-0.017816303428596674,-0.02010553448124612,-0.027493688226546298,-0.015274696872396853
2022-09-16,-0.01102062956231554,-0.02201762235626526,-0.0010694867431170132,-0.0026117725383549874,0.020592558877424495
2022-09-19,0.02477349280135949,0.009106029090597056,0.0026230648369221215,-0.0008991613740892816,0.013844980387026227
2022-09-20,0.015543919115094437,-0.020012830448643673,-0.018902723789447042,-0.008501621489356072,-0.015513401913958117
2022-09-21,-0.020475789601226584,-0.03032676622578613,-0.018561593933349236,-0.0145411152471438,0.006430315179362653
2022-09-22,-0.0063955506912285595,-0.010430481377003758,0.008625072736990405,0.008459422504389549,-0.05423048133870562
2022-09-23,-0.015239565573073119,-0.030553234112175698,-0.014079105018814047,-0.012779322001907196,-0.003588940386494271
2022-09-26,0.0022578347165080706,0.011968890924047326,-0.005789493330090881,-0.00197753113877111,-0.023279390480828565
2022-09-27,0.006544808829850464,-0.00644711979642255,-0.0068481837025602624,-0.004389385857278535,0.01501594339711806
2022-09-28,-0.012732033556240325,0.030980865018271533,0.02581769627400151,0.019519784254604645,0.025688129536631774
2022-09-29,-0.0503665549230778,-0.027577874271049258,-0.026638561189635285,-0.014919726796493348,-0.04135863086239112
2022-09-30,-0.0304998199739116,-0.015803691756381338,-0.018335855639931155,-0.019558507868237075,-0.006650353555538975
2022-10-03,0.030289140096295377,0.02516733048685826,0.030781182643435663,0.03310834360604383,0.03026464554600456
2022-10-04,0.025300283877977132,0.043978891324203705,0.029960244260512907,0.03325329276861566,0.05102545673235889
2022-10-05,0.0020512121349046293,-0.0011568286989317087,-0.0020682159275293844,0.0012850158670025588,0.003184678940709162
2022-10-06,-0.006647572149890198,-0.005388563475942462,-9.867270805472589e-05,-0.009718061740530979,-0.00599850817626231
2022-10-07,-0.03740992309538931,-0.04888996644735092,-0.027387915264758,-0.05219136253175371,-0.08367976737467918
2022-10-10,0.0023528881541610537,-0.007799184311071454,-0.008344483307591825,-0.021533130696618406,-0.03419853802189904
2022-10-11,-0.010307760310663012,-0.01292739007238406,-0.006972929478456841,-0.016892245850486685,-0.007224052951195756
2022-10-12,-0.004615866640455423,0.006130377153208065,0.0039027171331405324,0.0015071865233424124,-0.007450484134456658
2022-10-13,0.03306057086266865,-0.0032826427568259787,0.015258124966557457,0.03691819002376259,0.03922069399090711
2022-10-14,-0.03277140500864697,-0.05132600960921381,-0.025561234571546392,-0.02454751362703637,-0.06324602425590634
2022-10-17,0.028706887665605696,0.06246082010978991,0.03470566414359475,0.038495082429887285,0.057207650660265896
2022-10-18,0.009365496349259872,0.022334186457693587,0.007970393798575835,0.004075474075511129,0.006623453251407696
2022-10-19,0.0007648262463073324,-0.011148202689094493,-0.01137727426850855,-0.00850590154039396,0.0069949392062606955
2022-10-20,-0.003272553435954505,0.0015630456934787908,0.0034068804699326346,-0.0013964323491771251,0.011796461666932375
2022-10-21,0.026699559990699548,0.03470527521216521,0.011536662333740464,0.02496635671174499,0.02206082011400034
2022-10-24,0.014694303249173339,0.0041816570199037775,0.013650961085416467,0.0209666406881947,0.010612585312187178
2022-10-25,0.019152694622273734,0.006488657531862419,0.018937821427836742,0.013697398164523547,0.05120971318357381
2022-10-26,-0.019822084929894474,-0.04182438724790477,-0.09585598624200577,-0.08029542911026584,-0.027910140004437516
2022-10-27,-0.030939196636256206,-0.04148511663717591,-0.02896255283852699,-0.019954027335642183,0.021479824825074982
2022-10-28,0.07283468291525301,-0.07046806314523207,0.04318735194623361,0.03943266996215599,0.04873244858719078
2022-10-31,-0.01553023732679827,-0.009424419446504203,-0.018658848753527746,-0.015983096342618172,-0.024661937291049155
2022-11-01,-0.01769865394276895,-0.056733592543971104,-0.04368724563694105,-0.017206547993461812,0.0034025585399963844
2022-11-02,-0.03801856565805672,-0.04945158785215439,-0.03945502577196189,-0.03600913417713443,-0.024214853658611184
2022-11-03,-0.043330294999577613,-0.03109058271107464,-0.041555325193898845,-0.02693838611806693,0.015165387998636416
2022-11-04,-0.0019492014128925277,0.018638216982674413,0.03706076308973239,0.03278237318803226,0.05331792072643279
2022-11-07,0.0038947225326721093,-0.004958465035960488,0.021820766184712133,0.02884953189499291,0.010190943327218455
2022-11-08,0.004166203821386944,-0.006093813282808144,0.004622763966644368,0.004378669663852489,0.020829170448460478
2022-11-09,-0.033753166751261394,-0.043613588180190316,-0.017932857801260565,-0.019233992220535436,-0.058230658236988635
2022-11-10,0.08523645505474534,0.11491535104712981,0.0730769248256796,0.07905900421332689,0.1339124044620569
2022-11-11,0.019085590676233485,0.04214992986278232,0.025953647571826423,0.01685444990605391,0.03597975682946048
2022-11-14,-0.009531117832666872,-0.023084154958510447,-0.007391930904823294,-0.022757142183858894,-0.0019616039965019744
2022-11-15,0.01179971265535387,0.004558631983396615,0.02822929655149852,0.0017372609980902689,0.02251250148635156
2022-11-16,-0.008366129042779549,-0.01856627488370591,0.0041560896314998185,0.0018217645804568877,-0.04642302339844377
2022-11-17,0.012887834296141437,-0.023650675297741616,-0.004969191076514813,-0.00020679260875495708,-0.01475333833115252
2022-11-18,0.003774909411266699,-0.007513650804188213,-0.009500144626848676,-0.0019050215966789398,-0.017242833472412216
2022-11-21,-0.021918823224855038,-0.018006920831346168,-0.018961307245149515,0.003434988411047802,-0.0059884529435278375
2022-11-22,0.014554763009629402,0.007971580289157953,0.015053451418675874,0.01223631404849769,0.04599733331521618
2022-11-23,0.00590876934368275,0.009929087433161624,0.014424098212127428,0.010353052659804084,0.029550534622501207
2022-11-25,-0.019788049518560936,-0.0076783312910851725,-0.010208291718321811,-0.00036352326587834894,-0.015188225399606785
2022-11-28,-0.026615386819809926,0.0057642482872482335,-0.014573261471146516,-0.02342483278146884,-0.027605648115067404
2022-11-29,-0.02137519001649274,-0.016419307746887702,-0.008993921829728371,-0.0059324975948324005,-0.011949601758534881
2022-11-30,0.04745012224708648,0.0436140540859465,0.059146537318205475,0.05979940006274419,0.07916136217299649
2022-12-01,0.0018901575972190274,-0.010831192229061232,0.0,-0.0017651800998258744,0.012449974057669705
2022-12-02,-0.003377416901856174,-0.014449471106160492,-0.0054609937686703105,0.0012948397268434434,-0.015230608181888188
2022-12-05,-0.008015376851850749,-0.03370736231877925,-0.009603787123188778,-0.019081334422459097,-0.01588772897926931
2022-12-06,-0.025697104681748892,-0.030795718248338627,-0.0254518517390819,-0.020512880108910024,-0.038229017678741324
2022-12-07,-0.013880871947388082,0.002376766277155038,-0.02125965395892311,-0.003064324303618654,0.00828486864133974
2022-12-08,0.012059778501412767,0.021140538059143867,-0.013040286415191404,0.012323027193543843,0.06304465137432962
2022-12-09,-0.0034407068343540828,-0.014043946522882085,-0.009434972548084158,-0.00803553362250312,-0.009833318282616861
2022-12-12,0.016257061292546653,0.016255164405059676,0.0051573508664110946,0.028479862721137224,0.03092675526247391
2022-12-13,0.006759745814444837,0.021198289437405628,0.024559266477561625,0.01731398299534411,0.03016501476534274
2022-12-14,-0.015657949535629025,-0.009887580246293281,-0.005873145477467174,0.001167023294567883,-0.022269180000322523
2022-12-15,-0.04798773104099013,-0.03477554111983318,-0.04529345588590245,-0.032438820417209406,-0.041709156785237816
2022-12-16,-0.014686056810199648,-0.006692740608663019,-0.006625419295705088,-0.017500845829529786,-0.02273139834527831
2022-12-19,-0.01603734447246152,-0.03403503022155705,-0.02037024678994432,-0.01747993893971935,-0.019315135960217753
2022-12-20,-0.0005290826730650797,0.003174469440173832,0.006536916419189732,0.005598731912888072,-0.010451839564840965
2022-12-21,0.02353048104383261,0.018376816404560806,0.006270961589491904,0.010817989646841775,0.02553383567635314
2022-12-22,-0.024059726439206515,-0.034947221566029855,-0.020526300644539475,-0.025860244923390733,-0.07302232111697021
2022-12-23,-0.0028020016970537907,0.017274436611979943,0.016611538894570056,0.0022644767172382706,-0.00870860515377563
2022-12-27,-0.013975577573509791,-0.026265685720911106,-0.0208365742695205,-0.007441869522535394,-0.07402698999115435
2022-12-28,-0.031165856309423774,-0.014800721671305868,-0.015801062614519735,-0.010307822071992514,-0.0060377286527144285
2022-12-29,0.027930575207907087,0.028435658196292006,0.02785767433545751,0.027254913838369046,0.03960160671594858
2022-12-30,0.0024660187719123326,-0.002140568124387558,-0.0024903388096761316,-0.004949582896764393,0.0007530400597312834
2023-01-03,-0.03812239183251395,0.021435277164066735,0.01003666232554154,-0.001001365430103156,-0.020672118636678644
2023-01-04,0.010261514968249084,-0.007955122776173124,-0.011738242919445979,-0.04472881869620805,0.02986745851511981
2023-01-05,-0.010661232825633058,-0.02401157339665977,-0.021575543882207122,-0.03008586708973789,-0.033366443769953576
2023-01-06,0.03613337145484326,0.0349917378504728,0.013138529249358544,0.011716409296837028,0.04079685193567145
2023-01-09,0.004080430295250687,0.014760401298199752,0.0077553960725847875,0.009689339227284816,0.050458498358032074
2023-01-10,0.0044463754304073875,0.028326693248784427,0.004534299411957864,0.007588397705084004,0.017820732645557377
2023-01-11,0.02089248236219191,0.05645956080731301,0.034459468496100966,0.029789804399524424,0.005766215428354627
2023-01-12,-0.0005991985012918376,0.0018911574433712077,-0.0042707174429598435,0.0115543498550022,0.03137537181963872
2023-01-13,0.010068085568171835,0.029476316899670684,0.010805218741492992,0.003014405794077976,0.02322793268609963
2023-01-17,0.00871854999787351,-0.021322326395198637,-0.00905099168080953,0.004670726106213731,0.046423124898105385
2023-01-18,-0.0053847307482263575,-0.0061616190001011146,-0.0018637152322927147,-0.019069764515122403,-0.01853013637697229
2023-01-19,0.00044347946794454427,-0.018822579439957077,0.020959635824087275,-0.0165907906185987,-0.035854109636657104
2023-01-20,0.01903844397946316,0.037400259951453026,0.05203447930636913,0.035119717063198705,0.062093610853177814
2023-01-23,0.02322874277204288,0.0027724682514327437,0.01789638427660727,0.009776139861392325,0.07315879671594314
2023-01-24,0.010012554099580752,-0.012381472357830799,-0.021166425885464486,-0.002228497066240494,0.003744155534171242
2023-01-25,-0.004711485208924468,0.008888953725914,-0.02571147783686549,-0.005925613975729105,0.00300625167651025
2023-01-26,0.014694525062562,0.020774687057825685,0.023867448253861688,0.030251381769800086,0.024486436355533086
2023-01-27,0.013591755505173842,0.02998335055905419,0.018792810466775802,0.0006449211953683436,0.02803518230097322
2023-01-30,-0.020282545740635947,-0.016667823165641346,-0.024758018369313285,-0.022206484675458337,-0.06088862361775405
2023-01-31,0.008980475854514199,0.025335155126435763,0.019410042207377888,0.020795087922114912,0.019380975775551656
2023-02-01,0.00787000806617003,0.0193976149644124,0.015958576853807225,0.01973851794331426,0.06949418156914164
2023-02-02,0.036391796777087176,0.07120315696615197,0.07025993791069333,0.04581858997546557,0.035922527559594845
2023-02-03,0.024107171683947933,-0.08808283393109906,-0.02785794641534286,-0.023903994123965936,-0.028453897985842826
2023-02-06,-0.018091461288340605,-0.011772272805910223,-0.018105239390999412,-0.006134778300212531,-0.0005212738733319463
2023-02-07,0.019061930228865227,-0.0006852973444615529,0.04503464843232574,0.04116319059404207,0.0501235671069175
2023-02-08,-0.017810492506798427,-0.020380578012770365,-0.07994200122854879,-0.0031069770610194685,0.0014420247221345358
2023-02-09,-0.006935590819442838,-0.018256648878253772,-0.04486815451593839,-0.011727931872469323,0.005927174151425497
2023-02-10,0.0024532735125762603,-0.006433489213979958,-0.004641935208764618,-0.0019746390104259264,-0.049182122928368384
2023-02-13,0.018631992436050824,0.019579629188155288,0.0004229669400260494,0.030764851629446224,0.024297046963666462
2023-02-14,-0.0042339020143621585,0.0016060637303953276,0.0007397010022354075,0.0031277250861490354,0.052873280250334824
2023-02-15,0.013807867669170491,0.014537811644538115,0.023589403413128457,-0.008024990324566552,-0.009052358608196075
2023-02-16,-0.01048438815027648,-0.03020652173405669,-0.014861313949087329,-0.026983492681664896,-0.034047041459597756
2023-02-17,-0.007574977436372307,-0.009726256199159738,-0.012219667370240113,-0.015724718154574838,-0.028303209801047082
2023-02-21,-0.027042186505793073,-0.027324623494127318,-0.02750801427749624,-0.021107802254948294,-0.03487277899257235
2023-02-22,0.002891568279799074,0.012712248376870527,-0.0015264136209190615,-0.004601566407453969,0.00478168949563446
2023-02-23,0.003285287640588867,0.0003131233176392935,-0.008326893459954653,0.012878565186331728,0.13121592253073852
2023-02-24,-0.018169381246440738,-0.024509991975448668,-0.01955411641298886,-0.02202516933257497,-0.016102587867144563
2023-02-27,0.008213715594338072,0.002776912318089041,0.008268358450103907,0.003764632912925043,0.009190643946636552
2023-02-28,-0.003453689026478274,0.005000289230826088,0.0021118871550283506,-0.0029624700944080513,-0.012201230484193703
2023-03-01,-0.014348597316056463,-0.022103959704043146,0.0033257239618692674,-0.012709803475408087,-0.02256488850963216
2023-03-02,0.004120665776862206,-0.00043408483069996514,0.01798671459471237,0.019462684995836692,0.026777225559874333
2023-03-03,0.03448837365097472,0.02962312838587694,0.017775853269586625,0.016508954662230468,0.02440587785637369
2023-03-06,0.01836971979701769,-0.012192056844170188,0.01567991624229508,0.00616991770527456,-0.014164298211027269
2023-03-07,-0.01460234840623402,-0.002135579508745822,-0.013439910907873836,-0.010645247113192357,-0.011187616998753125
2023-03-08,0.008342244416514301,0.003947251242114423,0.004146348092014469,-0.0017723815997689374,0.03762890844978725
2023-03-09,-0.01502731041682887,-0.017941053663252087,-0.020689916065178882,-0.005454126609352268,-0.031293894220311286
2023-03-10,-0.013975644425767653,-0.016614182739941783,-0.018475612102525713,-0.01489322612191372,-0.02030188254850083
2023-03-13,0.013178860463312165,0.01856350439768763,0.005282382482582739,0.02121427028019068,4.3558181392906276e-05
2023-03-14,0.013990528149389404,0.026161301723076753,0.03090809139958357,0.026696344145155333,0.046660429488682625
2023-03-15,0.002617947221102719,0.013816419647146834,0.022517719970447464,0.017672979256286556,0.006833676722939201
2023-03-16,0.018521617741050798,0.03914078921242492,0.04287157051203799,0.039736695249591315,0.05277606743553371
2023-03-17,-0.005468932556439628,-0.010955473953869753,0.01287545391249749,0.011626386192585584,0.007178301718450853
2023-03-20,0.015365258947236093,-0.012610742620752338,-0.003943997971550799,-0.026104464174839536,0.00677959422361887
2023-03-21,0.011873182320847086,0.029247763784060337,0.035901712650414225,0.0056776610054685645,0.011478166904594671
2023-03-22,-0.00914506168707363,-0.019166746850565873,-0.014883278674129348,-0.005457219676898107,0.0102153065266296
2023-03-23,0.006945473070776844,0.00010133363497333344,0.0213434696475931,0.019529681175976907,0.026949513118369902
2023-03-24,0.008271175664923209,-0.005893146925693497,-0.001516183015037212,0.010425947253735926,-0.015268067282377184
2023-03-27,-0.012369565879228408,-0.0009175342309671865,-0.028669682857477823,-0.015046427329800823,-0.009303892388954
2023-03-28,-0.0039881698731652065,-0.0081934405189327,-0.014055088394297234,-0.004169632133457183,-0.004571297155929556
2023-03-29,0.019597397939454236,0.03048493870739539,0.003557031300598165,0.0190020127531633,0.021501362138813054
2023-03-30,0.009841447653905669,0.017305747097592427,-0.004943669171062323,0.01254098308132964,0.014678432770185776
2023-03-31,0.015523014073333289,0.012567761597929928,0.027760697761290004,0.014851191871049083,0.014285765404479414
2023-04-03,0.007672070802872854,-0.008556175035560798,0.006054908349346517,-0.0037182497106735507,0.00674552755768978
2023-04-04,-0.0032548861207348503,0.014925585099441625,0.0034437994069970103,-0.0001739785252099377,-0.018478342744226727
2023-04-05,-0.01135462801920778,-0.027799874012424952,-0.0023902174017954897,-0.00993851766916224,-0.021055628510269653
2023-04-06,0.005480933067508065,0.009450740780884159,0.03711266781657449,0.025212517679321107,0.005786468200173423
2023-04-10,-0.01610143457448624,0.001077222967143844,-0.018431113484613827,-0.0076077302179884485,0.01984833198613021
2023-04-11,-0.007619953511958571,-0.022268227189570028,-0.010293352740663592,-0.02292942144194059,-0.014978139605315046
2023-04-12,-0.00436249810819485,-0.0211385503060785,-0.006762232346906555,0.0023308493923993273,-0.02512040005175923
2023-04-13,0.03353466155585555,0.04565543032053191,0.02631356866972725,0.022151997875983584,-0.0012084777450336484
2023-04-14,-0.002116065837964141,0.0010736481279812137,0.013315072434725425,-0.012847538601063413,0.011085736614801469
2023-04-17,0.00012097444649950815,0.0022411286119839928,-0.02699833186502625,0.00925304942040729,0.009077365138066161
2023-04-18,0.007476910101437827,-0.004291801457498827,-0.013969150559139767,-0.001490189070623796,0.02432963227971493
2023-04-19,0.0069438543253826255,0.01936168847711433,-0.0030668826809275235,0.00027757169346440683,0.009496911103675808
2023-04-20,-0.00586347147419526,-0.0047091095790211925,0.010598326373596827,-0.00814525692014739,-0.030055885052392647
2023-04-21,-0.009828818495074481,0.02989264254702952,0.0011390816072848915,-0.0012242442593624694,0.0005532451007342343
2023-04-24,0.001876553215094114,-0.007036666520682404,0.005298625259185676,-0.014061091449462822,-0.0028434136757148425
2023-04-25,-0.009480336239533087,-0.03487276836944828,-0.020208566451545118,-0.022793947094347438,-0.030068122155692566
2023-04-26,-6.130847037094818e-05,0.023224398457013323,-0.001349032818491985,0.0699316844922747,0.02688280833638085
2023-04-27,0.027999720029521512,0.04507277127081395,0.036729120420214395,0.03152537022695802,0.009966523371677406
2023-04-28,0.007512859827688346,-0.040605781087400955,-0.002326454983697177,0.00794004485076563,0.01902732864603449
2023-05-01,-0.0005304905691518024,-0.03277395882406449,-0.0013050708750093724,-0.0055482079580762515,0.040987755855095606
2023-05-02,-0.006210675827792777,0.01536391753200235,-0.01769288313060164,-0.0004909082659721917,-0.024511032816761306
2023-05-03,-0.00648855784451743,0.00019301691085338006,0.0008542625799452597,-0.0033125953105234236,-0.01456840703230258
2023-05-04,-0.00996263923846834,0.0033710455381283566,-0.006853886961531136,0.003312595310523511,-0.008670097779793405
2023-05-05,0.04585901080635303,0.015835527254169667,0.008370501167742853,0.017011578267630976,0.039762102299976246
2023-05-08,-0.00040347982471943537,0.0016076240119395433,0.0206250406171789,-0.006458773549768074,0.01628918564807951
2023-05-09,-0.010021105263361613,0.007437086747609261,-0.0039046607572136827,-0.005360174572294011,-0.02009699408943461
2023-05-10,0.010366827547347034,0.03293503350092615,0.04016961670323557,0.01714849010201499,0.010930157038993403
2023-05-11,0.0010943263466421463,0.017898556144584802,0.042227699746253004,-0.007069445165287987,-0.010685301615543522
2023-05-12,-0.005432359599840144,-0.017263494264582374,0.008031569868474423,-0.0036825375957136564,-0.008362810741463368
2023-05-15,-0.0029014932048370048,0.008489121836596263,-0.008546424219633806,0.0015844583264120748,0.021399373530941568
2023-05-16,0.0,0.01959105037675755,0.025422963772895425,0.007340570014872474,0.008940101738676381
2023-05-17,0.0035965684123051033,0.018349125212474244,0.011067321820482274,0.00940725438852888,0.03249934064349359
2023-05-18,0.013573775187592512,0.022684486585828632,0.016333981739804986,0.014292100168668187,0.04850941038978986
2023-05-19,0.0006282568386209592,-0.01621197208021114,-0.000570066441332194,-0.0005649883667431897,-0.013155263357183504
2023-05-22,-0.005496154362143787,-0.01072394478867387,0.018482461957556567,0.00888151793922452,-0.0028187362474097434
2023-05-23,-0.015270822757088595,-0.00017395019575110725,-0.020113016189121816,-0.018604053069861425,-0.015776916809440895
2023-05-24,0.0016305370127316886,0.015189747065965913,-0.013636887049981575,-0.004482438835360925,-0.004899786752301398
2023-05-25,0.006670208947947036,-0.01510276818575663,0.021115395452666705,0.037736811004984765,0.2180879798037061
2023-05-26,0.014006219810820841,0.04347586628475364,0.009109582870580368,0.021160173210931006,0.025116155050127032
2023-05-30,0.010603286088831019,0.012822304345733589,-0.007572088239004237,-0.005059510102230313,0.029474577032320086
2023-05-31,-0.00028217882914748993,-0.008916850747084985,-0.006489775957265653,-0.008550512770624968,-0.05844235137956936
2023-06-01,0.015895471874137188,0.017999210602823053,0.006894065762999787,0.012678282981307437,0.0499046028129054
2023-06-02,0.0047641314652262885,0.011983006127262639,0.007649193867187223,0.008443524153792445,-0.011201740805472666
2023-06-05,-0.0076001294715852975,0.008415221280893264,0.01069109990135759,0.001608563516684245,-0.003974211316192328
2023-06-06,-0.0020622230941331997,0.010400614095251953,0.010263737248859862,-0.006749943332556166,-0.013286454335017567
2023-06-07,-0.007786619256139284,-0.043421904903774046,-0.038514009025995666,-0.031354438743608035,-0.03087286869809793
2023-06-08,0.015346768425696582,0.02460606952762862,-0.0029430313841666894,0.0057967697996886836,0.027243991783043174
2023-06-09,0.002157525656249504,-0.006621468748440394,0.0007365387865582487,0.004692881560986881,0.006728586409041058
2023-06-12,0.015517557870152613,0.025121316164936732,0.011469565767556998,0.015365244207990993,0.01819824447388502
2023-06-13,-0.0026150617828255072,0.0007108476079609743,0.0015355065762832926,0.007325930149971818,0.03826368966750627
2023-06-14,0.00348534372257827,-0.0018966774409432219,-0.001292891543375093,0.009082602534757095,0.04702201320240257
2023-06-15,0.011136398324989206,0.005443175548084132,0.011416717027415093,0.03139829450165488,-0.008032902778102922
2023-06-16,-0.0058770840489710775,-0.012826801009232924,-0.012549486723476094,-0.01671460327061387,0.0009138811933012476
2023-06-20,0.0004865204814345619,0.002308282311188502,-0.0034868865815278916,-0.012581341998593263,0.02580497055963026
2023-06-21,-0.0056915829257356805,-0.007581513078945846,-0.020932377115049784,-0.013371097728197997,-0.017570488408719987
2023-06-22,0.016390523361620373,0.04173475821321792,0.021338476077200276,0.01826963577100689,-0.0004647571315181394
2023-06-23,-0.0017128132282949657,-0.006320292959406817,-0.006599005776008537,-0.013902112659762083,-0.019147746605999855
2023-06-26,-0.007581515627652034,-0.01558513561942593,-0.03324226063441763,-0.019348933593282668,-0.03807742176513697
2023-06-27,0.014946547143004975,0.014424567940817595,-8.450742867577794e-05,0.018004805292194923,0.030156620640425912
2023-06-28,0.006307944376085178,-0.0010843421189455317,0.015513318682866983,0.0038186412551441157,-0.01829094418771814
2023-06-29,0.0017949388602412873,-0.008873661272556729,-0.009027182271250518,-0.0023850929240125094,-0.0072006886151494785
2023-06-30,0.02283973153874483,0.01905113813636069,0.005025165502068932,0.016252900824665958,0.03561320984390729
2023-07-03,-0.007815150830529584,-0.0010745214685311468,0.0016694805565827472,-0.007516284242654128,0.0026206199336546105
2023-07-05,-0.005888909853860478,0.0012279637641415527,0.01531160354848054,0.00047321068040099163,-0.002266007377087223
2023-07-06,0.002505825383456445,-0.015614479950363446,-0.013561771575681843,0.009184549859902049,-0.0050698996680454975
2023-07-07,-0.005908763058241457,0.011001878790426247,-0.005259030444107816,-0.011938704697838325,0.009455781592499672
2023-07-10,-0.010915160077588516,-0.020630536429565062,-0.025687088159662752,-0.01611246155063024,-0.0076286327251918066
2023-07-11,-0.0028139976701678305,0.01289534927354112,0.005907980895685306,0.0019266738661153462,0.005320165241255137
2023-07-12,0.008945441146214976,0.015563949723523061,0.015165241373151077,0.014126775000059431,0.0346935920193764
2023-07-13,0.004049329249643736,0.026406663898050423,0.046091903760662266,0.016062309646770412,0.046181398805664894
2023-07-14,0.0007868867130121096,0.0028254136578632553,0.007041041218080381,0.007501007010462626,-0.011110484608802668
2023-07-17,0.017157474885641857,-0.008350743114511814,-0.006158164231553636,0.0014186410003123023,0.021582415019440852
2023-07-18,-0.00134111170972507,-0.005480667866621604,-0.007165675574576748,0.03902817183799499,0.021990117440014553
2023-07-19,0.007046809273456386,0.01886777143765127,-0.014077240168930999,-0.012343446346512084,-0.008818855746911429
2023-07-20,-0.010148712040492872,-0.04071113790508541,-0.02346415277082211,-0.02339305605378486,-0.03363265374970026
2023-07-21,-0.0061806635772705615,0.000307687993656272,0.00685564016659248,-0.008977167452815257,-0.026964021311636607
2023-07-24,0.004211088692591563,-0.009273613091557636,0.01250272887260111,0.003890360970308515,0.0068150138534642055
2023-07-25,0.0045034593659076345,0.002558849307688174,0.00557970857571758,0.016866112061607028,0.023635779175563268
2023-07-26,0.0045347400529305035,-0.007618281489535843,0.05616237321921443,-0.038364156660295134,-0.004981748440209788
2023-07-27,-0.006602701261778382,0.0007800788687019062,0.0010050416485823583,-0.021093036165811666,0.009808310804945262
2023-07-28,0.013417488516475458,0.030410134252966122,0.024277841151366986,0.02286787696931742,0.0183489450999831
2023-07-31,0.003161044547723932,0.0110572111941032,0.0010556607389795812,-0.007266754918846555,-0.000449076285088659
2023-08-01,-0.004285053035806306,-0.014998135236778893,-0.00885480335387614,0.0012492892935466893,-0.004762157685205025
2023-08-02,-0.015611331668090665,-0.026781097330387048,-0.024392374294141275,-0.026634348524515652,-0.04931826248293928
2023-08-03,-0.007348388464488186,0.005444917932495522,0.000545177746925323,-0.0025682861232248604,0.005541548751137456
2023-08-04,-0.049211521294581395,0.07945180513430172,-0.0026504430714569295,0.0034226954049960527,0.0036997654307352225
2023-08-07,-0.017404188456722397,0.018808843040995626,0.02634570873652254,0.007083312872789303,0.0163605760096794
2023-08-08,0.005297704159585734,-0.016161386274731373,-0.00098887483005813,-0.012375095237254292,-0.016718739830425294
2023-08-09,-0.008994793856365249,-0.01504759501753799,-0.01333047881940189,-0.01178502760527456,-0.048393879821241714
2023-08-10,-0.0012354359019452474,0.005137245447970533,0.00023135191006475248,0.0021696749012931568,-0.00390856189480365
2023-08-11,0.00033753091546849686,-0.0010831058272496987,-0.0010030304797360257,-0.005963080792906792,-0.03683600891581515
2023-08-14,0.009349457682016856,0.015485316080358403,0.01356939815980465,0.009394585259098106,0.06853088063179591
2023-08-15,-0.0112637570958268,-0.020846133672850414,-0.011872751464878385,-0.0067503862992414725,0.0042649163770606974
2023-08-16,-0.004971380991927788,-0.019066286976507706,-0.008356632227233617,-0.0024314870791448348,-0.010386070384254473
2023-08-17,-0.014662078404298865,-0.008102713606702033,0.009434819631062167,-0.011046883795056752,-0.0032707290376251066
2023-08-18,0.0028121843000382604,-0.005688597043229265,-0.019116285523832502,-0.0012630709596858879,-0.001038898140653764
2023-08-21,0.007707123902623461,0.010899633762398327,0.007114201913153246,0.01691874186092339,0.08131576585638266
2023-08-22,0.00787366461429895,-0.003197806521519639,0.005515571812346088,0.00180024878596832,-0.028047388205995217
2023-08-23,0.0217114757181196,0.009415529041193322,0.02516854850448919,0.013981096729101205,0.031214973300746823
2023-08-24,-0.026518986319046613,-0.027530224045928062,-0.019760224109984705,-0.02173274664572325,0.0009969480127355356
2023-08-25,0.01256386618190394,0.010713027528748599,0.0007703709175825794,0.009363075095423194,-0.024577191588283847
2023-08-28,0.008807175282426645,-0.0009008643247144191,0.008662634472891801,0.0022267184842264163,0.01759829749019069
2023-08-29,0.021575899944855592,0.013206715007284348,0.026811004565717413,0.014445373708307277,0.040771399517287275
2023-08-30,0.01899082664551939,0.00118530020246871,0.00968758564772442,0.001156632340772776,0.009791447626866597
2023-08-31,0.001171726230287279,0.021532889699268778,0.0021318884067826407,-0.0031376433571273224,0.001845372733170149
2023-09-01,0.008427655966770146,0.0007967306725371615,-0.00375230629422319,0.0027422885855605955,-0.01728976210124184
2023-09-05,0.001265864377286344,-0.006173016781758742,0.0008104238470328719,0.01476888540991202,0.0008039165223608028
2023-09-06,-0.03644957827705548,-0.014011920021062172,-0.009695588311402641,-0.0020107611884991917,-0.03102605285033308
2023-09-07,-0.029685641923149528,0.018228281379293984,0.005932092348184981,-0.008962200673983843,-0.017577955094488833
2023-09-08,0.0034857238687891366,0.0027527518216119884,0.008246409071979382,0.013129193252873404,-0.014573291872575563
2023-09-11,0.006600743366356301,0.03462479564658769,0.003951667615247498,0.01091935432298033,-0.008683286695551714
2023-09-12,-0.017207985320773805,-0.013153992385327589,-0.011606673260374387,-0.018426361925715264,-0.006840913467887055
2023-09-13,-0.011925535542923664,0.02530902952298205,0.010071724890289511,0.012847649079020074,0.01361327438634645
2023-09-14,0.008744220157492067,-0.0008979168301894522,0.010116243095768014,0.007825148819726601,0.002108509237378057
2023-09-15,-0.004162641212089759,-0.03037658988565322,-0.005081775409646768,-0.025355707594951885,-0.03757671188606135
2023-09-18,0.01677179974715434,-0.0029247348968620985,0.005877997417460304,-0.0035190037591429028,0.0015021649444977342
2023-09-19,0.006161973080156226,-0.016930564270193287,-0.0012309037323135746,-0.001246738162323528,-0.01019604735850192
2023-09-20,-0.020194673632662682,-0.01714838747973992,-0.03164579340199363,-0.024269147362688873,-0.029876566788323445
2023-09-21,-0.008929331588393544,-0.04505328140436448,-0.024984147441036497,-0.0038730760713769196,-0.029357431876123146
2023-09-22,0.0049324401032276475,-0.0016251248796010811,-0.0014578154180553105,-0.00791760467383774,0.014354022531627932
2023-09-25,0.007353253436313441,0.01651413665688319,0.006580872606477514,0.0016702267295443229,0.014600796459204859
2023-09-26,-0.02367655061167537,-0.04113311252209692,-0.01956293502053685,-0.01715187602056805,-0.007393107252668744
2023-09-27,-0.00893720508881832,0.0,0.015205998591725677,0.002080040840284056,0.013202603953881105
2023-09-28,0.001524437838964397,0.0,0.013467978974122162,0.0027140307899368205,0.014516745220403977
2023-09-29,0.0030416508568680964,0.009008352994332738,-0.011019459348129151,0.006704796833752651,0.009470300043816389
2023-10-02,0.014726547156596784,0.018240461143240686,0.024979373423238287,0.018979272341549284,0.02906851875419437
2023-10-03,-0.007800015824758698,-0.0373007704408456,-0.013053463400625645,-0.0264815199207903,-0.02865491528294333
2023-10-04,0.007281944841184304,0.018115851921521226,0.020996937423846285,0.01761703950825359,0.011969486614798632
2023-10-05,0.007172322496671804,-0.008222697494164894,-0.0012577248452085425,0.0012533542928758854,0.01458402142193713
2023-10-06,0.014642589034020359,0.015753318962097584,0.01841218312030401,0.02443606241616646,0.02374913349073444
2023-10-09,0.008415857394993998,0.0023417029658428425,0.006087089322239496,0.00779203230752814,-0.010743320972192648
2023-10-10,-0.0033580044628389984,0.00946698516860395,-0.0026039939557056936,-0.00434502481114554,0.011529641405998116
2023-10-11,0.007872934468387691,0.017986831598422272,0.01787481394909089,0.01219732240273846,0.02177101737706766
2023-10-12,0.005048529011840979,0.003785588962598881,-0.011305205008209113,-0.003797518112161292,0.0029652586215660063
2023-10-13,-0.010346068916991786,-0.019381108651019514,-0.011652971901049497,-0.010411658867068883,-0.03212198334577617
2023-10-16,-0.0007271962636241381,0.021042247787508333,0.012587895110754489,0.014870655277922541,0.013849739250320346
2023-10-17,-0.008823589340384762,-0.008181257764936053,0.004447514066076278,-0.001745106606629941,-0.04792489247295374
2023-10-18,-0.0074221174952984244,-0.025733286363791553,-0.012676867866139646,-0.005889667615681968,-0.04045423095235847
2023-10-19,-0.0021635222058590717,0.00210493209093831,-0.001523256909818149,0.00365866654002578,-0.002253730058679288
2023-10-20,-0.014813258771975773,-0.025477545009301914,-0.01573102788482317,-0.014134153328692103,-0.017104759029701818
2023-10-23,0.000693697734121599,0.011043686017449744,0.006615023673219321,0.008079468050164159,0.0376517469115003
2023-10-24,0.002540072832924134,0.01567921771001468,0.01678167936241074,0.0036674272096345064,0.015882417919683017
2023-10-25,-0.013583333325168723,-0.057387204557163146,-0.09992434240461184,0.0302169717999154,-0.04410722482263381
2023-10-26,-0.024913500741231432,-0.015106526502479031,-0.026868315829644215,-0.038236319893912275,-0.03539739228962447
2023-10-27,0.007937836663799611,0.06609496003096194,-0.0008999964292953785,0.005838786510991801,0.004305628944966297
2023-10-30,0.012230253632256015,0.038169415629497834,0.018570896774316375,0.022485590773432217,0.016189128591066276
2023-10-31,0.002814641700397646,0.0028592165427562357,-0.0030578554410334753,0.002368741780037451,-0.009299247230597753
2023-11-01,0.018565332665301977,0.028955362245697565,0.01892037816114233,0.02326980608163074,0.037186114747052475
2023-11-02,0.02048203068576618,0.007779930147075702,0.008191109879977485,0.006480682610564012,0.027520776773958363
2023-11-03,-0.00519445067513863,0.0038312748175106013,0.012549361121973187,0.012779632887432153,0.033874798351407054
2023-11-06,0.014499487723549752,0.008191461641482902,0.008868310683915725,0.010517039304007854,0.016439906459348223
2023-11-07,0.014347325107277582,0.021031053723631822,0.005512593835956146,0.011156832320470557,0.004449090413284274
2023-11-08,0.005867826023663421,-0.004424354026475328,0.006620666683833883,0.0073782851476756044,0.013379809923533971
2023-11-09,-0.0026282100060075857,-0.010471269344291862,-0.012209922204665881,-0.006934552539210056,0.008040657171316431
2023-11-10,0.022954630821852944,0.02083402648617425,0.017882506409714397,0.024591963343618642,0.02907275462833321
2023-11-13,-0.008620663123925112,-0.006779695661997966,-0.003777989899046777,-0.008121326373164392,0.005879125114230508
2023-11-14,0.014184425644293681,0.022262486894446033,0.01151642516854643,0.00974290988658128,0.021084228853076047
2023-11-15,0.0030365717036939634,-0.017993607290294027,0.0074560683583821605,0.0004058900406858189,-0.015587191058319082
2023-11-16,0.00900150142713455,-0.002587108521031568,0.017013828951528556,0.01743040800297264,0.012036594538470856
2023-11-17,-0.00010550693754511513,0.016319176713110995,-0.01190151366776664,-0.01694350684989281,-0.0036849677623117362
2023-11-20,0.009235407499710717,0.006522368493262836,0.0069231206993517124,0.02031393689381388,0.02228610433981822
2023-11-21,-0.004239845035571962,-0.015378098422388055,0.005270475817769123,-0.011645466953775663,-0.009267445935892293
2023-11-22,0.0035083440075815205,0.01933932343605667,0.011036068482508694,0.01273123981265565,-0.024894792333368724
2023-11-24,-0.007028877377408184,0.00020445580612358505,-0.013082329705750084,-0.0011121492315860813,-0.019484083694439155
2023-11-27,-0.0009479309217670666,0.006723903692254734,-0.0020504569953478814,0.0031215062584767006,0.009706530954188006
2023-11-28,0.0032088019156978026,-0.00474961512561893,0.005774428886058692,0.010744757943915276,-0.008765097647590038
2023-11-29,-0.005424304430597905,-0.004840585148378569,-0.016238978341797237,-0.010111178743744344,0.006648598511696894
2023-11-30,0.0030579896620656698,-0.001573209061844679,-0.018391549326222827,0.00015847578190678334,-0.02887135231049112
2023-12-01,0.0067683698799520815,0.006413794210223246,-0.00506837558358145,-0.011680182940991518,-0.00010692782969387308
2023-12-04,-0.009509581781860264,-0.01500697967354326,-0.019837530375783605,-0.014442576640524672,-0.02720298937314744
2023-12-05,0.020844357048957807,0.013986300502114904,0.013217519660298006,0.00911450759051861,0.023026483699324307
2023-12-06,-0.005703281295547278,-0.016198024273178,-0.0074324857246555265,-0.010036010402508361,-0.023092415304115817
2023-12-07,0.010088147632308425,0.016198024273177868,0.05178160617491904,0.00581275269211849,0.023736412458172658
2023-12-08,0.00738529965354373,0.003669683224747049,-0.014269184824973481,0.008803334684435782,0.01934129310520316
2023-12-11,-0.013011712149176194,-0.010432734440314026,-0.012673503546420847,-0.007860274014893025,-0.018676180200251424
2023-12-12,0.007888971606698738,0.010839635496016388,-0.005793504642278046,0.00826089040429764,0.021849800340630422
2023-12-13,0.016553791076554088,0.009179334477907091,0.000377237384867584,-2.6508864412031596e-05,0.009003137598510598
2023-12-14,0.0007571791826811285,-0.009586235533609468,-0.0047636226772166095,-0.022802734307532345,0.005433415833706426
2023-12-15,-0.0027294540595745142,0.01714963889276147,0.004989896819167207,0.013032091538112297,0.011106711111091752
2023-12-18,-0.008539584167243451,0.026971809898698733,0.023846008361344956,0.0051657351109788965,0.02398887993083276
2023-12-19,0.005345789636106834,-0.0018191003361762064,0.00623970093879302,0.0016355432379060056,-0.009490394557254506
2023-12-20,-0.010771713120475715,-0.01091834083412718,0.012291516690540549,-0.0070980526095891896,-0.030560566127821282
2023-12-21,-0.000770169077495975,0.011243426514228085,0.01492345647815957,0.007847737852732153,0.018105447640162226
2023-12-22,-0.00556311582172999,-0.002733830879625901,0.007591253302468722,0.002780204432547731,-0.003271441094379651
2023-12-26,-0.0028449235190256485,-6.514686816695571e-05,0.00021201058523218506,0.00021375923599757318,0.00915309103112594
2023-12-27,0.0005179265552732415,-0.00045644547960358643,-0.00815929900163033,-0.0015761149187631404,0.002796640132940233
2023-12-28,0.0022238492115208516,0.00026087992298881607,-0.000997770697626651,0.0032296678989547013,0.002122420027500518
2023-12-29,-0.0054389899048477445,-0.009432812028151797,-0.0038583216743017282,0.002023103515611644,0.0
2024-01-02,-0.03644250225374749,-0.013317252487412825,-0.01094096408364623,-0.013844028901142334,-0.027722184309327165
2024-01-03,-0.0075158292179466415,-0.009785543802100045,0.005413407052754611,-0.0007283051677929324,-0.01251358650477802
2024-01-04,-0.012781488425313412,-0.02661905587134582,-0.018379807714636452,-0.007203379764130566,0.008978208699304999
2024-01-05,-0.004021148400654817,0.004623714384981175,-0.004850901680690024,-0.0005166691893354198,0.022638723649415046
2024-01-08,0.023887281752097384,0.026229678338986727,0.022654661728735703,0.018695770673811195,0.06229913724976274
2024-01-09,-0.0022660643518659976,0.015109875810597672,0.015083197754496368,0.0029313918512245923,0.01683273018403155
2024-01-10,0.005655478779281247,0.015470650615520465,0.009391686712622348,0.018403859369734626,0.022514639098283336
2024-01-11,-0.0032278440393984716,0.009387897135060054,-0.001406802300180529,0.004847558821604702,0.008646932959436146
2024-01-12,0.0017767154819035415,-0.0036152239546972612,0.004003657567532517,0.00993404014624419,-0.002045121543992811
2024-01-16,-0.012393721211514705,-0.009487311793446907,-0.0011221690731959117,0.004622841584232493,0.030103451639705972
2024-01-17,-0.005186761281910742,-0.009512302504832145,-0.007183950541121603,-0.0020518252281648917,-0.005852240316028699
2024-01-18,0.03205145612570614,0.011729719012639512,0.01410780380007787,0.01123404415686715,0.018628963682229226
2024-01-19,0.015413468295011145,0.011915672389449407,0.020010489059763527,0.012113128744686463,0.04089837363134249
2024-01-22,0.01208993210815802,-0.003611493461086361,-0.0026679036579159085,-0.005432832335872086,0.0027362040333396985
2024-01-23,0.006631365118662799,0.007979485588611064,0.007166560963066891,0.00600958439220878,0.003664418494167577
2024-01-24,-0.003490230227232172,0.005433174197432314,0.01122609238112876,0.009133387546795633,0.0245651018258829
2024-01-25,-0.00169795485443465,0.005594095679664069,0.021094125252314314,0.005721842034801048,0.00414718666127274
2024-01-26,-0.009053634394737322,0.008647102438040672,0.002104786607060847,-0.002324597111013861,-0.009556090068321277
2024-01-29,-0.0035923741938668117,0.013359331333490848,0.008636031829244769,0.014232582336671306,0.02322447973683284
2024-01-30,-0.019433416120086824,-0.014113732972622603,-0.013444196950395334,-0.0027618583287560856,0.004934696507601566
2024-01-31,-0.019547562296596387,-0.024189614134501332,-0.07796508844667362,-0.027315835714979763,-0.020064941827327265
2024-02-01,0.013252687899859778,0.02594906400632865,0.007537576659419872,0.015473808337858155,0.02408711727675131
2024-02-02,-0.005419900507550659,0.07572554877189726,0.0086054844527477,0.01825814621103944,0.048512879530706744
2024-02-05,0.009798362406010916,-0.008768909348284514,0.009089019860164445,-0.013637547548008023,0.04683046557310742
2024-02-06,0.00859491815319166,-0.006834432372405122,0.0029190598332828575,-0.00039458668094639497,-0.01612480392372791
2024-02-07,0.0005807342596670106,0.008125368023266808,0.009943220883245202,0.02089052200427707,0.027126684793507386
2024-02-08,-0.005770949581327867,-0.0040544313336464575,0.002539078071350572,0.00014500411634249346,-0.006555021857087815
2024-02-09,0.004085433224292896,0.026781354306300166,0.020956495386827007,0.015431669767991239,0.03515838999168136
2024-02-12,-0.009042796405841581,-0.012168901576895616,-0.009914841922957133,-0.012658552833645396,0.00159289427230867
2024-02-13,-0.01133827558096895,-0.02170298682855135,-0.016332740460042086,-0.02176383477524273,-0.0016623231793582319
2024-02-14,-0.00482147529581229,0.013780303876272836,0.005496781335215913,0.009619043766190381,0.024270540346576153
2024-02-15,-0.001575985976817636,-0.006925273760105457,-0.021960617797135155,-0.0071809999165336385,-0.01694943382097526
2024-02-16,-0.00846614726931273,-0.0017094021256489145,-0.01588508644970628,-0.006168117166890746,-0.0006194648795247435
2024-02-20,-0.004122368094487159,-0.014439139136134756,0.004260516935762342,-0.0031479940280488335,-0.044508158720630485
2024-02-21,0.004177315290668038,0.008996959517601153,0.010082520226559451,-0.0015156021006925337,-0.028922942453167184
2024-02-22,0.011181173297822321,0.03491338968982024,0.010745167068104826,0.023273682686715366,0.15186960100141356
2024-02-23,-0.010084720589780398,0.0023457610294128446,-0.0009024242687715888,-0.003187328166593926,0.003546344033535237
2024-02-26,-0.007479236315505266,-0.0014869599257995307,-0.045402680673604576,-0.00684706193111476,0.0034829465081742486
2024-02-27,0.008081697307032643,-0.006833819221537168,0.009477215213870198,-0.0001472223556299988,-0.00495588497601332
2024-02-28,-0.006647543009780415,-0.0021920379551390117,-0.018165035770396784,0.0005889117462373036,-0.013277043510316647
2024-02-29,-0.003700004135983419,0.02057680546309288,0.015136203318905923,0.014415423449830255,0.01848578216337815
2024-03-01,-0.006048528563893693,0.008225899848415687,-0.009579129771078955,0.004486477966246985,0.03925120568878813
2024-03-04,-0.025708990703186736,-0.0035975271186564546,-0.028025006834152048,-0.0013968322670959209,0.03531978203933464
2024-03-05,-0.028853246907197122,-0.019676533274039055,-0.005112504496429538,-0.030018207933476482,0.00853986847505806
2024-03-06,-0.005895715630924252,-0.0035094856867787733,-0.009618566195368772,-0.0013916284141357463,0.031331309736342954
2024-03-07,-0.000709513707502812,0.018897104445031784,0.022425456325889145,0.017381336686973232,0.0437740041722491
2024-03-08,0.010184434508027146,-0.00834829600574499,0.007635520217972666,-0.0071623974167679474,-0.05707517393987031
2024-03-11,0.011762188896759259,-0.01952208072253206,0.01655227657332004,-0.004193863360709626,-0.020242668321202553
2024-03-12,0.0027747394530746408,0.01975013161880721,0.006010921063043012,0.026251793467439458,0.06912635931039043
2024-03-13,-0.012196523552202214,0.006648685830772736,0.009270922954914877,-0.0004333477376706393,-0.011214244968484771
2024-03-14,0.010867890035601378,0.012327433453265669,0.023402500313505215,0.02408719408186923,-0.03292804380156909
2024-03-15,-0.0021988261486898595,-0.02452200827324045,-0.013508049594586973,-0.020912270985839566,-0.0012174421854037607
2024-03-18,0.0063520112359139016,0.00034392410567333365,0.04501198137192169,0.002158975588188255,0.007011314077707636
2024-03-19,0.013493806561504841,0.008105519638180665,-0.004410996788982763,0.009752851019001873,0.010604517199272207
2024-03-20,0.014601954211642544,0.01271024074657137,0.01156317494565631,0.009024032242438947,0.010835992915724627
2024-03-21,-0.041715685362750714,0.0,-0.007693838440970082,0.009688815227407744,0.011693939803785726
2024-03-22,0.005296412423057018,0.004033399915744371,0.021249566552755624,-0.0014684279291432344,0.03073607202707965
2024-03-25,-0.008335189812100754,0.00468522019633587,-0.004653731510340578,-0.013809658969263767,0.007533360048140181
2024-03-26,-0.006694781385528621,-0.007876935918428052,0.003990135096724754,-0.002865457483801074,-0.026030034926005873
2024-03-27,0.02099056665445265,0.008544428374293455,0.0013265488099354122,-0.0005219224677253421,-0.025284329099570745
2024-03-28,-0.010615181060009696,0.003053793447902987,0.0003976217378969588,-0.0016862299221194177,0.001173927881748936
2024-04-01,-0.00849179602793668,0.00326551461029285,0.02976532003225514,0.009109495690434014,7.746947362360897e-05
2024-04-02,-0.007023339926478112,-0.0015484091821309372,-0.0059990627928017855,-0.007399318408589046,-0.010132787376986259
2024-04-03,0.0047860627588934565,0.009474051539763393,0.0023263288197508327,-0.002352008506701929,-0.005470284414556003
2024-04-04,-0.004904369623486047,-0.013300069884866008,-0.028746388926791235,-0.006131146657306021,-0.034989837185631596
2024-04-05,0.004491666803089698,0.027777320574842966,0.0130022360182079,0.018117622211820592,0.024185777193074146
2024-04-08,-0.006685708459380164,0.0006481667921116775,0.015292196196554492,-0.002188047519327244,-0.009992179682986066
2024-04-09,0.007216139378330481,0.0025885563003378185,0.011237988735808278,0.003972270387657926,-0.020628413260556238
2024-04-10,-0.011201781108572253,0.0015069094018642995,-0.002941699323908448,-0.0071094832798771984,0.019549092085809943
2024-04-11,0.04236089933389994,0.016533742520170792,0.02072635840563118,0.01097293952799475,0.040274495758247715
2024-04-12,0.008589726392395646,-0.015566165935951603,-0.010594793490507133,-0.014191344243127737,-0.027182464494302113
2024-04-15,-0.022105887534256213,-0.013577002419975346,-0.018362978533595208,-0.019772210594794868,-0.025089224028338044
2024-04-16,-0.019353465304970497,-0.0016350785294987403,-0.002975099706933494,0.002269724143611832,0.016307767392939723
2024-04-17,-0.00818077485537317,-0.011190509048215303,0.006906377254920197,-0.006631113281665956,-0.03943356248176011
2024-04-18,-0.0057306968524378655,-0.011428682278624262,0.0034671876195855804,-0.018551800474451575,0.0075399807922676195
2024-04-19,-0.012287761947687171,-0.025944630354616176,-0.012383392858507498,-0.012820849488091503,-0.10541171623396071
2024-04-22,0.00507785087510481,0.01477882204751945,0.014112489042382072,0.004599520864564351,0.042621886737217236
2024-04-23,0.006371522289764302,0.0129496869735391,0.012589922368139373,0.01635116082794843,0.035881167650156434
2024-04-24,0.012622169202193764,-0.01656734624660272,0.005482427298940101,0.0036490457982114805,-0.03388358750098776
2024-04-25,0.005134018282104369,-0.016673704471388103,-0.019865547555331927,-0.024800092622803985,0.036416022654826
2024-04-26,-0.003478675287868405,0.03368654484295438,0.09734766914835181,0.01807927234621725,0.05992396413291237
2024-04-29,0.024505156410369055,0.007432568410519159,-0.03431274668191614,-0.010067252989128007,0.00025072734550537633
2024-04-30,-0.01843987016370688,-0.03349007554568368,-0.02049140808285429,-0.03264642660265117,-0.015560860032680536
2024-05-01,-0.006065286246662203,0.022599831917240992,0.00661274437533928,0.014306594598890651,-0.039676495923526886
2024-05-02,0.02179246024477779,0.031455365813882176,0.016703492215098596,0.007315947041985061,0.03288269432172872
2024-05-03,0.05809564789844843,0.008033933494385928,0.0037140211022275433,0.021927491413211507,0.034045624795518974
2024-05-06,-0.009148558304602324,0.013283331052944075,0.005129229935995597,0.01677678968246712,0.03704651462402455
2024-05-07,0.003790003544512616,0.00031790155490520083,0.0185654208015442,-0.01020812265982287,-0.017362805600730682
2024-05-08,0.0018624724800574552,-0.004034374926922967,-0.01097969946049127,0.0029273740638189353,-0.0015693789293401855
2024-05-09,0.00996442931846323,0.00794706169253194,0.0034182862547102997,0.004326291653333221,-0.018587394559893684
2024-05-10,-0.006914127495957038,-0.010716874256865036,-0.007737425614417854,0.005852068180031785,0.012663585434407166
2024-05-13,0.01749155019304487,-0.004865607224493341,0.002901175799200792,-0.0024624039118618284,0.005780010451488014
2024-05-14,0.006154594479231205,0.002676374471979152,0.007069706401201484,0.006841147654906537,0.010530659962452506
2024-05-15,0.012143893649810385,-0.005789979151338669,0.01265864340240968,0.017332903218961856,0.03521069677017653
2024-05-16,0.0006323288609372636,-0.012770048240180699,0.009634132694790805,-0.004952317892696571,-0.0028679359138335863
2024-05-17,0.0001578373737614182,0.005809980560830076,0.01073553562541624,-0.00185445179116001,-0.020125199286638196
2024-05-20,0.006143395776908847,-0.006300279871404103,0.004872723949188622,0.01213412462475646,0.024577024455281024
2024-05-21,0.006833729885267733,-0.00212713491141393,0.005242943614507545,0.008661402480790614,0.006373333690110484
2024-05-22,-0.007566809607148184,-0.00010914608364277473,-0.008299633983299519,0.0034437504147895614,-0.004581286726431695
2024-05-23,-0.021283098436015675,-0.011423056748417279,-0.016175141816825226,-0.008209861107307644,0.08910589670256983
2024-05-24,0.01645195447931619,-0.001658392028660058,0.008263065210761691,0.007373310226605859,0.025397534711666694
2024-05-28,5.2819491506385054e-05,0.007715628907514658,0.008025289393193843,0.000371902798608052,0.06747573615090705
2024-05-29,0.0015777080161790671,-0.0007138953246986688,-0.002838545130606261,-0.0026760688204689265,0.008079498832643243
2024-05-30,0.005241362969396643,-0.014944634490046925,-0.021781811607385904,-0.0343700562558549,-0.03839373425217345
2024-05-31,0.005005987626486173,-0.01619107105787046,0.002263560818160112,0.0011086966801277518,-0.007877004898025449
2024-06-03,0.009216158604185492,0.010710931098535235,0.0038764289268296867,-0.0038859030804372233,0.04779379252066145
2024-06-04,0.0016480757967785834,0.0055916049316681584,0.0035739696887656055,0.006147594723200205,0.01241807826566396
2024-06-05,0.00779034077081456,0.010759365441920877,0.009278414172092776,0.01890350422942033,0.05027092197773089
2024-06-06,-0.007121708715896636,0.02031303453242799,0.007497018774884128,0.0012020713192986662,-0.01184720831922824
2024-06-07,0.012315760582051203,-0.0037909438439048654,-0.012927545983506634,-0.0015794366433482495,-0.0009094696520578248
2024-06-10,-0.01933345083467237,0.014864526720524128,0.004294586783016113,0.009439778092080206,0.007433673451216806
2024-06-11,0.07013144053277892,0.0009083768397987709,0.009157403941641079,0.011179058375908662,-0.007169501815905073
2024-06-12,0.02817764018570634,-0.0018175795783648761,0.006602558697944509,0.019182486577390634,0.03486581073686174
2024-06-13,0.005476015484430527,-0.016508777761010902,-0.014903148793466534,0.0011783735392644308,0.03461748735557247
2024-06-14,-0.008201877602208267,-0.000925185330377967,0.009262604266500109,0.002239342807543043,0.01736259043619188
2024-06-17,0.01948046831688746,0.002175536021534634,0.0025422436626797553,0.013020156719206057,-0.006847780905889778
2024-06-18,-0.011045210295960742,-0.006814429382413544,-0.012204638141171556,-0.00453773414565109,0.034517081960814766
2024-06-20,-0.021747655160835225,0.017836847681061675,0.006886979748163626,-0.0014349804176177685,-0.036045213146254314
2024-06-21,-0.010499394750251386,0.015886019163884733,0.018712143734992043,0.00911243543480856,-0.032721175384517506
2024-06-24,0.003127742803415755,-0.018738006784044702,-0.002285242115640032,-0.004702172488200131,-0.06917908279358653
2024-06-25,0.004458263853892413,0.004140733544431204,0.026484773735690623,0.007300179451859277,0.0653796408094004
2024-06-26,0.019795926743955392,0.03827288718411035,-0.0008153326419723293,0.0026795757147421314,0.0024556201870071367
2024-06-27,0.003978139159483929,0.02166336912708652,0.008286194377015514,0.0015249079017873265,-0.019250606611102696
2024-06-28,-0.016387805165370795,-0.02352451121310858,-0.01773912916743282,-0.013114221893965735,-0.0036359282993508016
2024-07-01,0.028689160142552406,0.020233739225558187,0.004601013061944494,0.021645638668184367,0.006133086985363393
2024-07-02,0.016109481334685347,0.01409893985494711,0.012220682185889562,0.005567535532522764,-0.013200273489270255
2024-07-03,0.005794185025533637,-0.012123208336190894,0.0031263006321688297,0.003239100071848744,0.044717458123474475
2024-07-05,0.021389962686034176,0.012123208336190851,0.02539854447745983,0.014628668972337009,-0.019283547617196976
2024-07-08,0.006517665480891578,-0.0035563498917093785,-0.008271403206558463,-0.0028272585334678905,0.018659521150225147
2024-07-09,0.0037676729255901515,0.0002508745118109151,-0.0002645701839471362,-0.014474422716099855,0.024502692733168407
2024-07-10,0.018629057654290487,0.0022548901390979956,0.011574248945860883,0.014495963082314794,0.026514046042048243
2024-07-11,-0.023494738425323687,-0.02401082970854252,-0.029783167960754472,-0.02508407643286073,-0.05727623821578353
2024-07-12,0.012966478166253327,-0.0028751754997392003,-0.002697896942242854,-0.0025324704992928672,0.014339500438267644
2024-07-15,0.016604645461826724,-0.009142411458262565,0.007857857010351688,0.0009035026265320932,-0.006209326326608243
2024-07-16,0.001790288653562023,0.0015554679731073517,-0.01409124188689743,-0.009828686781206429,-0.01632699013484076
2024-07-17,-0.02562143727793435,-0.026724318518412248,-0.01589337359247319,-0.013437453712657014,-0.06853517049095172
2024-07-18,-0.020748485229607348,-0.022493376002440963,-0.018567117992336964,-0.007127464447682767,0.025934236588817473
2024-07-19,0.0005796192650634061,-0.0033798282769946274,-0.0001687436949454833,-0.0074304846358077825,-0.026442784609792987
2024-07-22,-0.0015614485658224178,-0.003172184996925187,0.022320219140815407,0.013249469446432467,0.046473788823079544
2024-07-23,0.0046773239178589075,0.02092444370758336,0.0006602521205479837,0.004302860845409899,-0.007719698219345327
2024-07-24,-0.029175821015094007,-0.03039119500388669,-0.051701494448358816,-0.036513435846721655,-0.07045632129685964
2024-07-25,-0.004816203673164572,-0.005434169444389781,-0.03148146313447779,-0.024785921074359035,-0.01739325121854663
2024-07-26,0.002158589069431931,0.014626968944213104,-0.001675284136623427,0.016286347544421848,0.006922839575796866
2024-07-29,0.001283921702051468,0.0038282625594168156,0.015035938084992793,0.003427302547494342,-0.01308707588949164
2024-07-30,0.002562697568781216,-0.008166388972744573,0.004472984637610379,-0.008968430470839726,-0.0730401060202735
2024-07-31,0.014879675820925259,0.02858958980412218,0.007313634080627137,-0.010864651861684959,0.12055345914773895
2024-08-01,-0.01689265566757497,-0.015685476578311947,-0.004557392236530059,-0.0029685283450865928,-0.06907222545760987
2024-08-02,0.006845990103552301,-0.09194763210362274,-0.024303264631705485,-0.02088240949724456,-0.017923674639047392
2024-08-05,-0.0493657724513878,-0.041839920325843556,-0.04548034393714185,-0.0332021766706293,-0.06568891352300595
2024-08-06,-0.009796050640925261,0.005635490449044775,-0.006046650430060735,0.011223785951743484,0.03713172878127918
2024-08-07,0.012420842045709223,0.005174089797253657,0.0040979111543715,-0.002957327268024348,-0.052581428094887125
2024-08-08,0.016496458422253012,0.0184440734555928,0.019254849895303936,0.010635301497579276,0.05946428215852726
2024-08-09,0.013642366558736178,0.0068522199395901024,0.010070668844146204,0.00823529935528426,-0.002098113127325948
2024-08-12,0.007104697004127898,-0.0008389728264874979,-0.008467321439046665,0.0019438887002344212,0.03995481338731912
2024-08-13,0.01704690743759989,0.020354930507755713,0.01145658814138614,0.017544020107093418,0.06326494963811401
2024-08-14,0.0020315958167308546,-0.0007639034445704183,-0.023357906036409883,0.006860168639138885,0.016566122335569977
2024-08-15,0.01343984942002915,0.043090966761615855,0.005782506936771623,0.011754502182313345,0.03968311859390376
2024-08-16,0.005900939830689904,-0.002988857651035908,0.010238802876407584,-0.0060989606684062085,0.013902510342256475
2024-08-19,-0.0007079402602538291,0.006530104639669463,0.02251101133744307,0.00728577793479293,0.04258649646966372
2024-08-20,0.002740939342302288,0.0036964682293246748,0.0030550434263182753,0.0077274773099658385,-0.02138095536908518
2024-08-21,-0.0004858617024453227,0.006852561474421805,-0.007987163544679996,-0.0015548343454544807,0.009775247037409384
2024-08-22,-0.008293918357779656,-0.02234539227075752,-0.012437458834269744,-0.020460613241840103,-0.037746252142804554
2024-08-23,0.010235679317728896,0.005153271352930898,0.011049782576733532,0.0029795733025403536,0.04449376475192016
2024-08-26,0.0014977012115118362,-0.008736614913990125,0.003255113596735483,-0.00794930402047315,-0.022750364144822233
2024-08-27,0.0037344687251517376,-0.013654075452589952,-0.008947205420302688,0.0008461178381234942,0.014445323827678682
2024-08-28,-0.006776303741742288,-0.013491668231426824,-0.011174450796359581,-0.007859844668573139,-0.021189477302884643
2024-08-29,0.01446501037218936,0.007698580379841969,-0.006592189384019534,0.006118510227528658,-0.06597788333371386
2024-08-30,-0.003443830085628291,0.036396721617948,0.009841443463619433,0.009683867712470113,0.015023933651836126
2024-09-03,-0.027582195409840964,-0.012685159527315687,-0.03754252459455534,-0.018631570149792203,-0.10009672884340852
2024-09-04,-0.008655979868392312,-0.016706139175178974,-0.0057997248954772245,-0.001319719614292365,-0.016712903649258166
2024-09-05,0.006903821011409885,0.025968075788917713,0.005036832512707649,-0.0012480451936857414,0.009371273527181673
2024-09-06,-0.007039776842194427,-0.03722372046282126,-0.041023422657009555,-0.016516977687508108,-0.04171233747404253
2024-09-09,0.00040753369216270797,0.023127387297091972,-0.013425702157382589,0.009957652126026222,0.03478603170428085
2024-09-10,-0.00362790809586857,0.02338469252840609,-0.00033638597815791813,0.020685808097952764,0.015193371104909347
2024-09-11,0.01151842752389934,0.02730414417528586,0.016677025268782356,0.021117697215644136,0.07834783561863999
2024-09-12,0.0004938825789835336,0.013350735010507195,0.023084250462491348,0.009317290215538551,0.018980410397306097
2024-09-13,-0.0012126741036585641,-0.002730969055689944,0.01774839626973758,0.008372367937755832,-0.0003358726283659943
2024-09-16,-0.028168308687815325,-0.008616597457795744,0.0038032654117278425,0.0017402553187957153,-0.0196716222704719
2024-09-17,0.0021702268293856642,0.010705675426824473,0.007940121011839253,0.008794090629385949,-0.010242385794682224
2024-09-18,0.017829952260333706,-0.002410931547252041,0.003070729007116912,-0.010023636575859236,-0.01939267623995325
2024-09-19,0.036395171765807234,0.018283807518041345,0.014474533029277281,0.01812593827009972,0.03892557170898064
2024-09-20,-0.002931826092953033,0.009070295653554553,0.00890308064422477,-0.007826593836746828,-0.015992100011663485
2024-09-23,-0.007609972826577189,0.011829538769620484,-0.010693324085059847,-0.004051543844590359,0.0022388573011959583
2024-09-24,0.003966259687109894,0.00041255068996117736,0.0027149460058825685,-0.010061819229364147,0.038886564096068776
2024-09-25,-0.0044077920185332,-0.007400007450933529,-0.004941562384879976,0.006827054846576801,0.021606479583318294
2024-09-26,0.005067342351876022,-0.007141186533660476,0.007649157411955109,-0.0018530021828871955,0.004281993127690512
2024-09-27,0.001185933518603447,-0.0168284107446147,0.007469035325707352,-0.0076573113931488355,-0.021513221222779034
2024-09-30,0.022614364430828277,-0.008763077056375612,0.01152221675215192,0.005312742442450049,0.000329510337549388
2024-10-01,-0.029574579331750773,-0.006460997690134298,0.006850248560223476,-0.022586350544685573,-0.03724644234347865
2024-10-02,0.002516505963106316,-0.002000651545077023,-0.006789825138217602,-0.008498285702820275,0.015688189712374807
2024-10-03,-0.004906717668419714,-0.015270736231762942,0.0,-0.0014154808314884898,0.03310195892506669
2024-10-04,0.004994839389247269,0.024697907897679776,0.007208907418489588,-0.001152926454959149,0.016709342762345956
2024-10-07,-0.022788547779381756,-0.031093362659704415,-0.02472556267153088,-0.015794991307688695,0.022166890368659976
2024-10-08,0.018236746214728466,0.010563468311108654,0.008553361955159237,0.01254505444400741,0.03968131682871131
2024-10-09,0.016560498850388693,0.013319379012842232,-0.015449101355513153,0.0066089799145620035,-0.0018075912927999847
2024-10-10,-0.002180699997331971,0.00796086049904925,0.0013584524810356193,-0.003887937039531283,0.016152226570336447
2024-10-11,-0.006526526243806422,0.01155904643352474,0.007131347739708051,0.00115353604045532,-7.405664408115913e-05
2024-10-14,0.01634561284817792,-0.006802098901968148,0.010481533667770774,0.006750725389128374,0.02396862957161232
2024-10-15,0.010964224425503072,0.0007995584839864811,0.0030264657509887624,-0.0009547422856632593,-0.04799380089788591
2024-10-16,-0.008891228931429277,-0.0042714734594326426,-0.0018146871683927676,-0.006276585348575513,0.030826887966629458
2024-10-17,0.0015950751966288344,0.003418620886077508,-0.013594113320444164,0.0014408916046595853,0.008875781018166216
2024-10-18,0.012201807667000455,0.007755306570388279,0.0030027938545869725,0.0034497814005057044,0.007783981142865537
2024-10-21,0.006278084577474756,0.0004232229251258213,0.003969608514778598,0.0014815236514486275,0.04054367112187221
2024-10-22,-0.002625164359778162,0.0033265052557146266,0.006500348231587135,0.020632020914954717,-0.0008352359522236715
2024-10-23,-0.021860283213003803,-0.026656796914304174,-0.014393819131876123,-0.0068301514784436515,-0.028467573344633484
2024-10-24,-0.0008235593201725486,0.009000562616286057,-0.0003687971272418857,0.0003060151899217649,0.006072150576929348
2024-10-25,0.003636415925019152,0.00774968161813032,0.015549632172806669,0.008020039540620593,0.00801561364956664
2024-10-28,0.008562672971425022,0.0029769707636567114,0.008735202057110057,-0.003650319091093241,-0.007232402857319112
2024-10-29,0.0011562054870414215,0.01286871001658346,0.01759866045247803,0.012486504584813374,0.00518140000496346
2024-10-30,-0.015395818635662731,0.009907234588807736,0.027781131425914114,0.0013418399420045072,-0.013614365766067709
2024-10-31,-0.018377393862728672,-0.03339535403553647,-0.01938885502741846,-0.062436894245329576,-0.048373896648429816
2024-11-01,-0.013368578142622366,0.060018526321249224,0.00105142418306129,0.009844338539194114,0.019690320908507957
2024-11-04,-0.004045708472273717,-0.01092182223034851,-0.012040159248194984,-0.004665234825317199,0.00478915923530701
2024-11-05,0.006465272749537412,0.018822662731709527,0.002949950135543713,0.007317788131700101,0.027976817218828647
2024-11-06,-0.003272207415545704,0.03733922736991443,0.03910964360745002,0.020971462330288276,0.03993244359178733
2024-11-07,0.021146857030306387,0.014192148444279072,0.02373739216757749,0.01241712255629373,0.022208924224246574
2024-11-08,-0.0011888361710883652,-0.008942557238934116,-0.013366918027696194,-0.006816209368041543,-0.008431620240758065
2024-11-11,-0.012101584819661835,-0.006457525082191786,0.01115145529922256,-0.010778708599341637,-0.016183930338923576
2024-11-12,0.0,0.009958024917575062,0.007017027573803128,0.011937662503231857,0.020644539773887135
2024-11-13,0.0039612314210889605,0.024539669362855586,-0.01520126136387324,0.005116581798672349,-0.013715563230483988
2024-11-14,0.013676629630882719,-0.012312812938838414,-0.018620312732060523,0.003966769497633568,0.0033443801879045514
2024-11-15,-0.01420972572986415,-0.04284745921407266,-0.01775555184673001,-0.028247802976064634,-0.033112302460422585
2024-11-18,0.01333299345609152,-0.004501522120521847,0.01615945282584533,0.0018296095467211317,-0.012973105668497487
2024-11-19,0.001139454144490976,0.01432430133148399,0.015958736438016936,0.00487067948746246,0.04778747181089832
2024-11-20,0.003149168054939831,-0.008491035845116046,-0.01208714280669311,-0.005520439948383738,-0.007647675353840602
2024-11-21,-0.0020982982677535743,-0.022430287385072762,-0.04861129432227464,-0.004326054921212119,0.005332271265106755
2024-11-22,0.005890202773736386,-0.00637175235688548,-0.01726916819251641,0.00995350545926603,-0.032710356948934205
2024-11-25,0.012966370936938485,0.021728540914003922,0.017388545194843563,0.0042832269906921865,-0.0426727915584615
2024-11-26,0.009360529387291922,0.03132358260823746,0.00873006686625176,0.021730285242964928,0.006594654136738831
2024-11-27,-0.0005532952262558315,-0.010251516694207487,0.0006502532388443982,-0.011751208254068099,-0.011606703072908339
2024-11-29,0.010164053964483975,0.010395828320660513,-0.0016559481602785085,0.001110491205092667,0.021273715587895096
2024-12-02,0.009477610407346225,0.01347372166869659,0.014922256946499932,0.017602667846744,0.002744673886750865
2024-12-03,0.012690753731301477,0.012872961773847143,-0.0008750728107002971,0.0005103025128670246,0.011689512398268214
2024-12-04,0.0014826340577921936,0.021872981158048213,0.017529502475343444,0.014321780974673999,0.03420085416123337
2024-12-05,0.00012340628273707047,0.01089568506430291,-0.00997094645025633,0.011817717387783236,-0.00048233551045915354
2024-12-06,-0.0008232493033495472,0.0289577215747153,0.011918985225690086,0.002144174944563267,-0.018226581700649638
2024-12-09,0.015972889432687393,-0.004149028072046304,0.004915753989139976,0.005508141851399943,-0.025814901171342337
2024-12-10,0.004125196972770384,-0.004654999543156226,0.05437636596117108,-0.0060494837337090905,-0.027312890067357407
2024-12-11,-0.005179439036908281,0.02293094704166905,0.05377449792075192,0.012686168628531896,0.030908435127401213
2024-12-12,0.005945998449852517,-0.005618085452278564,-0.01776169263755805,0.0012687944431258513,-0.014241993437873687
2024-12-13,0.0006853972735354901,-0.006616567663893641,-0.011210790979308015,-0.005106958117569433,-0.022755880284121857
2024-12-16,0.011659484135205381,0.023763519526408726,0.035400143368440766,0.009612307620700292,-0.01690196132161028
2024-12-17,0.009672595130981274,-0.0076711237701660145,-0.006325286387826393,0.0063352395964357015,-0.012271801418391242
2024-12-18,-0.02165444410971981,-0.047078410933269275,-0.03658376057408664,-0.03828458198616134,-0.011415412673756687
2024-12-19,0.006990059157491245,0.012482931876037162,0.000583711204476988,-0.0008235315190065523,0.013636898095124089
2024-12-20,0.018641054768084406,0.007273430311082978,0.015266604734086383,-0.0009843244105251629,0.03029856619282355
2024-12-23,0.0030602324920422715,0.0006222471909635992,0.01668261228696357,-0.003096923918239146,0.03623239127367423
2024-12-24,0.011412703502856704,0.017573311182246015,0.0075754900568580415,0.009330117378395507,0.0039302304160751846
2024-12-26,0.003170660732275668,-0.00877006267142877,-0.0026039254843785637,-0.002780658735084539,-0.0020704058459397423
2024-12-27,-0.01333059760546277,-0.014640913829901727,-0.014626045175633104,-0.017452908343448044,-0.02108833449043473
2024-12-30,-0.01335213781759899,-0.011010096307821616,-0.007916604103806226,-0.01332814672334659,0.00349716305354325
2024-12-31,-0.007082945878119779,-0.008668295678212696,-0.010196144995549505,-0.007869227211528175,-0.023549378486750698
2025-01-02,-0.02658616171226001,0.0037760870596221323,0.0006864666134391599,-0.006951688737360282,0.029495854198452288
2025-01-03,-0.0020114048125842404,0.017866865271653997,0.012381523926354552,0.011331237878659191,0.043574381550611226
2025-01-06,0.00671621168658751,0.015139723199454136,0.026142525431221954,0.010573388610832209,0.033756070053507004
2025-01-07,-0.011452988795137072,-0.02446088330127337,-0.0070343472790841775,-0.012891003186146752,-0.06418613606176692
2025-01-08,0.002020945345819096,9.006065292234922e-05,-0.007908833898035652,0.005171733825563461,-0.0002140470771220685
2025-01-10,-0.02439910524175786,-0.01446508722386957,-0.009896812008164424,-0.013301734278429725,-0.030434810508772607
2025-01-13,-0.010397981154345072,-0.002194768679336334,-0.00537778568715779,-0.004209860775360035,-0.01991594804979075
2025-01-14,-0.004789521127315873,-0.0032094484707197966,-0.007092669564252721,-0.0036501197316002546,-0.011095060700391828
2025-01-15,0.019484886048476428,0.025346561447878488,0.030582970068506375,0.02527496102862214,0.03343616578197316
2025-01-16,-0.04123899607434342,-0.012117003196939351,-0.01359227522798531,-0.004066334434841388,-0.01979237157166056
2025-01-17,0.00750699792456,0.02364641617601076,0.015890795341398936,0.01042647080199076,0.030524318440046147
2025-01-21,-0.03243620396100727,0.02089205157407654,0.010404900694758846,-0.0012360054332434811,0.022403425677288254
2025-01-22,0.005330735982338231,0.018466503377704703,0.0016144487941715867,0.04047655315034565,0.04335520583876181
2025-01-23,-0.0007598353518101169,0.0017431021503980866,-0.0019678482939166604,0.0011423493894223509,0.0010193839943005109
2025-01-24,-0.003942403994085478,-0.0024241067445138365,0.0112006661023614,-0.005950053792459578,-0.03174443740492834
2025-01-27,0.03128567931408261,0.002424106744513845,-0.04286151419169361,-0.021625564405378928,-0.1859460486826266
2025-01-28,0.035892119876211076,0.01152955641148476,0.018031532274252568,0.028671851020683575,0.08549730054987718
2025-01-29,0.004606248776426157,-0.004545214548105975,0.0005631728065690308,-0.010949763281502843,-0.04187567717055714
2025-01-30,-0.0074221761809042195,-0.01030306500192206,0.027558024530768523,-0.06380179062938528,0.007650554502455861
2025-01-31,-0.006714777691679628,0.012872778270920829,0.015560140075567224,0.00016874874482936177,-0.03743489633417001
2025-02-03,-0.03444229542688905,-0.0010944834258047257,-0.01376956991557269,-0.01002460953017712,-0.02881111168562612
2025-02-04,0.02079025970009404,0.01935490231141661,0.02527065449240606,0.0035225644071604813,0.016914206165716338
2025-02-05,-0.001418625110453367,-0.024633742288564034,-0.07571952573124227,0.002228436847698884,0.05077485051581471
2025-02-06,0.0032210985518090545,0.011200132499427723,0.00141015634403767,0.006102941504934443,0.03037583582212831
2025-02-07,-0.02426067803105337,-0.041375225115693685,-0.03321793833898597,-0.01470511652424833,0.008974120050238163
2025-02-10,0.0011866194157452807,0.01726234455405195,0.0060784019465024205,0.006009889178562548,0.02832296972128091
2025-02-11,0.02159692967479855,-0.0016312726853763525,-0.006186260634851828,-0.0018941067513238625,-0.005781540451379172
2025-02-12,0.01810530840941033,-0.016591608211964908,-0.009270130773755172,-0.005850160714098243,-0.01257865126465079
2025-02-13,0.019482183788990057,0.006270442838655877,0.013685213481185749,0.003660359155991342,0.031154902860570374
2025-02-14,0.012630594967861392,-0.007363076447512864,-0.004900756338015634,-0.005152758502644317,0.025973733309642755
2025-02-18,-0.0005315647253765999,-0.008916663909923439,-0.007913383127669824,0.0029582265703962454,0.003953285283349827
2025-02-19,0.0016346913736276455,-8.819720145894445e-05,0.008129276389357513,0.012445270303297593,-0.0012203144289284471
2025-02-20,0.00391285274048504,-0.016685221316839496,-0.0038397367338652306,0.005276765178596917,0.00630060974003788
2025-02-21,-0.0011396081644735152,-0.028673529284667792,-0.02690830238538864,-0.019216021944854122,-0.04138426330905019
2025-02-24,0.006292526993913915,-0.018030235415601108,-0.002284686901166918,-0.010366770977642756,-0.03135748577583991
2025-02-25,-0.00024293974720204436,0.0004230045694208501,-0.021598484786719836,-0.015214278200339508,-0.028416584572387975
2025-02-26,-0.027412372531608897,0.00725744971005982,-0.015453455884694604,0.004588660567726531,0.03606298840298956
2025-02-27,-0.012812627568664548,-0.02652073681079192,-0.024793882909479894,-0.018176343055610267,-0.08859145138795066
2025-02-28,0.018951147614888475,0.01681666750153127,0.010508368760306277,0.011298163231421954,0.03893246799676826
2025-03-03,-0.015879648331593207,-0.03479859601476046,-0.019390402893110857,-0.02164377946551058,-0.09094886812093542
2025-03-04,-0.00886161467129036,-0.005968420431592876,0.023141960500029087,0.00030885233368355185,0.01677934865633183
2025-03-05,-0.0008056225157174363,0.022128220043401252,0.012211471553817426,0.03143501940622593,0.011230835522425093
2025-03-06,-0.0017407488832486741,-0.037456115209580504,-0.0038797192510159535,-0.01035202909339353,-0.05908597552508898
2025-03-07,0.015767717021972816,-0.0072509229263983,0.00872299901399697,-0.009061091755342875,0.01899190692690696
2025-03-10,-0.04969413952822101,-0.023922554740530594,-0.04589507752583195,-0.034005785497095715,-0.051998856567778945
2025-03-11,-0.02962380670226798,0.010482560161564325,-0.011093912795603405,0.0007624533018293307,0.016501737643914757
2025-03-12,-0.01763338945000845,0.011631581915007516,0.018541857879946652,0.007384897218583521,0.06229466722872613
2025-03-13,-0.034222534378493756,-0.02546092021137873,-0.026375602775305047,-0.011810505089285162,-0.0013833270351496358
2025-03-14,0.018007449695951448,0.020723473340341268,0.016634136464753015,0.025518483597740883,0.051349503358979635
2025-03-17,0.0023860442152827004,-0.011227182074080659,-0.007277662406245742,0.00036025350404682315,-0.017745076192819703
2025-03-18,-0.006140313816847984,-0.015030126840267754,-0.02228053658287584,-0.01341609797870548,-0.034903127403256934
2025-03-19,0.011917875237583938,0.014007778521538292,0.019842831475565363,0.011149488401198147,0.017944185713931787
2025-03-20,-0.005310391928647177,-0.0030218279679656837,-0.00667288628527849,-0.0025300010368344054,0.00855759219508468
2025-03-21,0.019289650746223203,0.006442448675219972,0.007283056628403473,0.01136108557600508,-0.007027070855381454
2025-03-24,0.011207322790328003,0.03530037223454001,0.02225174649211297,0.0046407934402340955,0.031034325734698574
2025-03-25,0.013589159300328122,0.011981521917604297,0.01702978798648185,0.005277558866266109,-0.005947997580503561
2025-03-26,-0.009971320874512928,-0.022515953159889142,-0.03277805363962243,-0.013220846898658658,-0.059134310275674694
2025-03-27,0.010418206350687718,0.001142864416179142,-0.01723233240692641,0.0015629417165446378,-0.020694319286351886
2025-03-28,-0.02694003354278616,-0.043855989217514546,-0.0499835065982499,-0.0306244962516387,-0.01592077694349004
2025-03-31,0.019226538745356993,-0.012846835734262254,0.0020065730526658836,-0.009042770109046309,-0.011832353585052373
2025-04-01,0.004760559539634078,0.00998885850959942,0.01559181108354812,0.01795241208313827,0.01619958812828833
2025-04-02,0.003131496519068399,0.019785262896236874,-0.00019108547330840995,-0.00013079818197888693,0.002448127312958385
2025-04-03,-0.09701329087008287,-0.0940813573992858,-0.04107671005519033,-0.023913966537161362,-0.08128106646665656
2025-04-04,-0.07568032046579382,-0.04242073641032032,-0.034560585755267846,-0.03621370108621614,-0.07642295152473849
2025-04-07,-0.03742591488083676,0.024606997782102066,0.007867220828459202,-0.005517677904490875,0.034700022546239474
2025-04-08,-0.051101920416750976,-0.026597259717812963,-0.014067766123390968,-0.009264184023110985,-0.013818918685907799
2025-04-09,0.14261744902614956,0.11312358861813517,0.09241603187805543,0.09652468068725822,0.1716206566786014
2025-04-10,-0.04331863405620976,-0.053085113655140896,-0.03781795702625332,-0.023684715063598562,-0.06094720820004916
2025-04-11,0.03979218842354236,0.019941079422269643,0.027876348525318107,0.018446933065227707,0.030757562677878148
2025-04-14,0.021814247212016923,-0.014987065296594422,0.012207189621870559,-0.001648915614543061,-0.001985198741229029
2025-04-15,-0.001878136709860532,-0.013989329016472998,-0.017503012577628343,-0.005377930940797431,0.013368805296761056
2025-04-16,-0.039711549127792865,-0.029726389380639047,-0.019248808931775597,-0.03729275929291932,-0.07119154777139383
2025-04-17,0.013853250405553743,-0.00991534732389348,-0.014253612840771252,-0.010360002819785821,-0.02913122409811859
2025-04-21,-0.019583364231764565,-0.031126527586896723,-0.023358793607897974,-0.023828226438393427,-0.04617737977834921
2025-04-22,0.033497787465208734,0.03442328337941731,0.025407504985629794,0.021214542101356083,0.020225297468870862
2025-04-23,0.02404018813969398,0.041953201051518486,0.02529314742464783,0.0204268401646701,0.03790135709485257
2025-04-24,0.018258484389928813,0.032360982528496264,0.024982974264311203,0.03390142545975448,0.0355780124145906
2025-04-25,0.004357773952154758,0.013048475365695443,0.016685771579208156,0.011679615636225436,0.042132911308412305
2025-04-28,0.0041009269569146625,-0.0068492053390797475,-0.008370526577500034,-0.0017623789531737114,-0.020752557799449293
2025-04-29,0.005079000062798506,-0.0016529240033086564,-0.002805531617957733,0.007335708257394689,0.0026634717032644885
2025-04-30,0.006089009921960949,-0.01597624814818092,-0.008527768343236613,0.00309138857707487,-0.0009176760415842781
2025-05-01,0.003851392643997796,0.030860378884021808,0.015620448990978636,0.07348606392615331,0.024397011671066938
2025-05-02,-0.03807750054973233,-0.0011573530932636395,0.016783253427646992,0.022959613092205088,0.02556424954741541
2025-05-05,-0.03196390239753881,-0.019292122294797282,0.0010967849331917049,0.0020426863400607683,-0.0059566391374187445
2025-05-06,-0.0019125250163992628,-0.00721681069789819,-0.005985908141312987,-0.006578776387361993,-0.002462953747123112
2025-05-07,-0.0114502071892861,0.019801632738363693,-0.07536691275413585,9.238302663668128e-05,0.03053137522671381
2025-05-08,0.006298709603308819,0.01770048072706834,0.018975933020044303,0.01106117236817179,0.0026447956189682383
2025-05-09,0.0052522561730470926,0.005089047328858073,-0.009966574603445154,0.0012772050468481692,-0.006153430112763323
2025-05-12,0.061232534979605055,0.07760926703827985,0.03669954897837211,0.023717629106184555,0.05300634876742282
2025-05-13,0.010101179983622185,0.012999853383055317,0.006729776642167206,-0.00026715174007160077,0.05481143125028611
2025-05-14,-0.002821717127117096,-0.005312830342904736,0.03595332899254198,0.00842500194507171,0.040794262711428365
2025-05-15,-0.0041531193839410676,-0.024458403999516362,-0.008562756985853296,0.002253580700858679,-0.003775350441351778
2025-05-16,-0.0008989878747773597,0.002044981599618388,0.013509098076997149,0.002512640710313931,0.004218666534108666
2025-05-19,-0.01180860671302216,0.0027687076543830617,0.0021038695282620855,0.01007525434818192,0.001254695838942981
2025-05-20,-0.009238763777644482,-0.010189475975831261,-0.015491105274151023,-0.0015266622370332876,-0.008816338369222767
2025-05-21,-0.023329135189360545,-0.01456138756787949,0.027547419972059485,-0.01229780006935159,-0.019386093484814387
2025-05-22,-0.0036186981790262067,0.009796778074282274,0.013611169851190295,0.005047157840065869,0.007784472588990611
2025-05-23,-0.030711201244835125,-0.010443315729919826,-0.014145259754903815,-0.0103421754559979,-0.011661537423707832
2025-05-27,0.024983634850397583,0.02471808928544102,0.025955675217101116,0.023077888304662165,0.031562961731518485
2025-05-28,0.0010483354048508517,-0.006330074379308311,-0.0031280663259774075,-0.007254554533967682,-0.005105126806973366
2025-05-29,-0.0023478901995321877,0.004775584008620333,-0.0029051411769889074,0.0028820389567138682,0.03197351965516137
2025-05-30,0.004491076894813233,-0.003360050181079145,-0.0006984737025479225,0.0036559254573618784,-0.02960257386263701
2025-06-02,0.00422304787156913,0.007967779780350723,-0.015905503703894527,0.003491200262615621,0.016513500505562415
2025-06-03,0.0077537796867919355,-0.00455906882030232,-0.017004749745171816,0.002162280790676564,0.02756804517640441
2025-06-04,-0.0022163591491120667,0.007361824330479417,0.011190122010912512,0.0019420499819249367,0.004944626116286623
2025-06-05,-0.01085641755597907,0.003276044436817532,0.000951596646225093,0.008180042258673312,-0.013692452665405617
2025-06-06,0.016265311589657865,0.0268593707089079,0.03200130976948563,0.005756478208835834,0.01228211848812834
2025-06-09,-0.01218652830788699,0.015840481625608374,0.014990542003404576,0.0050259098185064304,0.006400723144077613
2025-06-10,0.006037830522308634,0.0028993089092673027,0.01415357815355993,-0.003878527708841309,0.009281581599223064
2025-06-11,-0.019380304664322945,-0.02047379463536856,-0.007023593781144085,0.003603443493885095,-0.007810998523934495
2025-06-12,0.002110632335517544,0.00018763973740831241,-0.009347168848958228,0.013137408020238899,0.015078685098274031
2025-06-13,-0.01390141153604722,-0.005360427367806205,-0.005879492660626748,-0.008198469099020278,-0.021118073175124843
2025-06-16,0.00997799202842381,0.01868340140955021,0.011950966628925946,0.008762249888579429,0.018977830742543268
2025-06-17,-0.014109671339226077,-0.0059407894922023025,-0.004649618552624543,-0.0022984082372658823,-0.003947309718690903
2025-06-18,0.004793205338059429,-0.010764380578029788,-0.015060175976234007,0.004591545905710506,0.009392319389974604
2025-06-20,0.022235474358199368,-0.013405860444963278,-0.039303899105847924,-0.0059312857551390005,-0.01126743272200272
2025-06-23,0.0024844339906089923,-0.005835109391705959,-0.008739518892053653,0.017853865898786958,0.0022220651174162756
2025-06-24,-0.005973181643514452,0.02041663831593163,0.009519475425762864,0.00842121558421018,0.02554314304890008
2025-06-25,0.0062708567997190896,-0.0036726605052767557,0.023174708339145235,0.004397553030850552,0.04242730300362518
2025-06-26,-0.002782109146813589,0.023911043937020576,0.016617714162494728,0.010467691135128966,0.004590493120936221
2025-06-27,0.0003979183634067224,0.028065998915184062,0.02834852085408585,-0.003040060889426828,0.01745740501441185
2025-06-30,0.02013598512579886,-0.017665207343808734,-0.012966711951590085,0.002959668187111396,0.0015203325251185616
2025-07-01,0.01283348104812217,0.004865337820140418,-0.0022155080138449297,-0.010834317913543303,-0.030134974737803088
2025-07-02,0.021987282881436514,-0.002452467458083949,0.015798194851629588,-0.0019528641263497069,0.025439993152528935
2025-07-03,0.005211293611914645,0.015744829251554494,0.004969729152882846,0.015658015846364143,0.013203438882959067
2025-07-07,-0.01700149564758342,0.00026851753624536286,-0.015379842116905334,-0.002247773931827168,-0.006927356204234811
2025-07-08,0.0002856961320083142,-0.018562963722362966,-0.01384043352057181,-0.0022125750804845453,0.011060928263480669
2025-07-09,0.005366268772479442,0.014392611963869897,0.012878470033628065,0.013778461175865961,0.01783988777058804
2025-07-10,0.0059970332459500465,-0.0012589875178302516,0.005645852413720951,-0.00403985128328624,0.0074622986953861055
2025-07-11,-0.005902207974138676,0.01234146308748988,0.014365437134455117,0.0036624647720248406,0.004984454919256748
2025-07-14,-0.012101822196916256,0.0029730809278073135,0.007574294926136184,-0.0005962504625369658,-0.0051673099282076845
2025-07-15,0.002346032753829585,0.0029201137891530816,0.0024205106733341058,0.0055509838438607215,0.039614420191223965
2025-07-16,0.005008724622513407,-0.014059063272129654,0.005315522391118385,-0.0003954959739490526,0.00391734766955151
2025-07-17,-0.0006663968221358684,0.003086778258328562,0.0033283307441349134,0.011953135030171183,0.009466639146369284
2025-07-18,0.005508060298912894,0.009999860894734277,0.008029545911163794,-0.0032298305195573285,-0.0034161611860592275
2025-07-21,0.006137078072563709,0.013921126445029842,0.026870187859220258,1.9600701150821287e-05,-0.005992059702308101
2025-07-22,0.008995498343452922,-0.008012836242670535,0.006501711031333402,-0.009435369327673974,-0.025709853858088744
2025-07-23,-0.0011667067342310043,0.003598354221935051,-0.005818055458854922,0.0011867184348362016,0.022202635834811597
2025-07-24,-0.0018227390553003818,0.01711152033504944,0.010146379316267676,0.009855023892195464,0.017183810026743608
2025-07-25,0.0005611306155064072,-0.0034075702705456917,0.005242040606877839,0.0055241993295009105,-0.0013823270754584475
2025-07-28,0.0007945872831611002,0.00581605955069594,-0.0031106527588062828,-0.0023581875895633815,0.01855865226448988
2025-07-29,-0.013072685194727512,-0.007675754918146071,0.016326692024330566,0.00013660102696481688,-0.007040184739807816
2025-07-30,-0.010563477354532497,-0.0035559103854630675,0.003976747656240419,0.001306249810519561,0.02119699099576292
2025-07-31,-0.0071048248399941715,0.016886027515609428,-0.023840748011239886,0.038715388453730314,-0.007840175111206516
2025-08-01,-0.02532152842779553,-0.08631653211497635,-0.01453967795903078,-0.017757293864650074,-0.023608121226798857
2025-08-04,0.00478153497173791,-0.014540622735209995,0.0307699238358103,0.021760641141602772,0.035512069773851344
2025-08-05,-0.0021168857193060897,0.009873169687714855,-0.0018988654897956522,-0.014839561179799381,-0.009713718442209087
2025-08-06,0.049653393530185774,0.03926568541504039,0.007268012727722375,-0.005338808203055968,0.00648625663512085
2025-08-07,0.03129869520106027,0.003681789897764909,0.002190461919317486,-0.007841066950261004,0.0074960875747013345
2025-08-08,0.041485325469322876,-0.0019739023688590293,0.024627983848848713,0.0023013202125293387,0.010619919900410979
2025-08-11,-0.00837230955100568,-0.006261419913672536,-0.0020872799154746115,-0.0005172617964493853,-0.0035091545807863955
2025-08-12,0.010813739262220462,0.0007678847964323423,0.011574521194117225,0.014215062335260138,0.006023816556037098
2025-08-13,0.015897409188223566,0.013855775538096454,-0.0068097760093447125,-0.016498310921669652,-0.00860873784140695
2025-08-14,-0.0023600172840491777,0.028188187008165968,0.0048406479722047265,0.003642904469170196,0.0023651897166505477
2025-08-15,-0.005125246266400223,0.00021645874568753922,0.004719304346207403,-0.004431009585436618,-0.008662804692042862
2025-08-18,-0.0030271086609148412,0.001989132843084511,-0.0019636395635978148,-0.005919367033298574,0.008607801368352591
2025-08-19,-0.0014302831382129908,-0.015147236228621111,-0.009529212916283072,-0.014276569713184998,-0.035625106188042995
2025-08-20,-0.01993191516264375,-0.018591996826338653,-0.011225190433829855,-0.007976501440743779,-0.0013673634964971996
2025-08-21,-0.004923337094260738,-0.008345349193359648,0.00215500352401024,-0.0012881681809470667,-0.0023974379006856325
2025-08-22,0.012636571111288266,0.03057093586711227,0.03124632550306463,0.005912160688529342,0.01705581002367675
2025-08-25,-0.002637850248934095,-0.003940606259072855,0.011578211269541552,-0.005872512171712124,0.01017330889317426
2025-08-26,0.009420191929208597,0.0033724076943096397,-0.006496213237187709,-0.004412262225915996,0.010841395706416915
2025-08-27,0.005132723136336729,0.0017910076284830656,0.0016400470136292808,0.009318292757191949,-0.0009356628960004141
2025-08-28,0.00894079103525418,0.010765909591411497,0.019851725087847685,0.005706532947103561,-0.007905624375742408
2025-08-29,-0.0018076532753705872,-0.011289768498294606,0.005982857203497297,-0.005805262963408796,-0.03381165435421267
2025-09-02,-0.010479415315868323,-0.016111647069703763,-0.007353925580598361,-0.0031033525084851496,-0.019713036514491123
2025-09-03,0.03738232170686491,0.00288041832828813,0.0874291658897639,0.0004552817932497732,-0.0009372260023245525
2025-09-04,0.005478258508480344,0.041984146824532165,0.007084854251751155,0.005171080148275848,0.006076904242296264
2025-09-05,-0.00037544004701183827,-0.01431613896889294,0.011555859127978367,-0.025864612563128313,-0.02740216240269134
2025-09-08,-0.0075800439522243105,0.014994810804568525,-0.00319950130122843,0.0064438594374062845,0.007693824414153946
2025-09-09,-0.014950592233048619,0.010124998519937195,0.023604076501328175,0.000421430284394124,0.014451498666018775
2025-09-10,-0.03279128326264767,-0.033765520828453625,-0.0019214925870367874,0.0039247880153606115,0.03775343262051414
2025-09-11,0.014185282152052413,-0.0016511904499798356,0.005004838148942116,0.0012782645216960395,-0.0008462586151700266
2025-09-12,0.017410513088878223,-0.007858600093329492,0.0017872947959423383,0.017588554017360425,0.0036620168169008314
2025-09-15,0.011173207622585361,0.014274139722700788,0.04391355436609088,0.010651038921044187,-0.0003937326094895513
2025-09-16,0.0061072678411055875,0.011257360441086762,-0.0017900718635644308,-0.012338999898703554,-0.01627798588375764
2025-09-17,0.0035210509004652986,-0.010436704109897131,-0.0065110527491523415,0.0019232486561714672,-0.02659722737366243
2025-09-18,-0.00465544610939042,-0.001685208986324988,0.009968996496071043,-0.003082998516371822,0.03434388991210669
2025-09-19,0.03153063426328445,0.001080590559717161,0.010616794339763886,0.01847329440289597,0.0024367633114044094
2025-09-22,0.04219290013168558,-0.016771933038536895,-0.008634841304353685,-0.0067417886864686045,0.038530451374934785
2025-09-23,-0.006464126391678221,-0.030871872178262885,-0.003451085224088669,-0.010198618417527087,-0.028617642790173294
2025-09-24,-0.008367236857623894,-0.002267986025112884,-0.018124001592313768,0.001804968828676149,-0.008216136468703266
2025-09-25,0.01791156533826258,-0.009398795415484473,-0.005477553596576169,-0.006134642002795414,0.004060340737146719
2025-09-26,-0.0055042148040742,0.007444168873481812,0.0030467818366367748,0.008699227106372541,0.0028099031575023995
2025-09-29,-0.004040113676564628,0.010815805882780046,-0.010151114241028419,0.006120400534690977,0.020331822428759798
2025-09-30,0.0007858087357872592,-0.011771724709007034,-0.0039001948597837633,0.00648899388291907,0.02567782632915341
2025-10-01,0.0032151298202565005,0.004815990813160187,0.0073770348997329194,0.0033920896982226226,0.003531195606199452
2025-10-02,0.006555105475919997,0.008035429408424817,0.003220664452227763,-0.007668067426354575,0.008773575541577188
2025-10-03,0.0034552785601604428,-0.01312477732054764,-0.0013848776990732948,0.003116719229398485,-0.006746228303479965
2025-10-06,-0.005167971387568354,0.006312318256467209,0.02049366523968144,0.02145578678755221,-0.011148155872539896
2025-10-07,-0.0008183388500996244,0.003975811225101454,-0.018823996841812764,-0.008721815046370006,-0.002698441213908405
2025-10-08,0.006141440918380204,0.015391813667974614,-0.004649421506269645,0.001658831141876277,0.02175681948046783
2025-10-09,-0.01570053155599148,0.011126943813862119,-0.012712328321986498,-0.004678791882720116,0.018130894630978597
2025-10-10,-0.03513201331059678,-0.05121476887040818,-0.020749506032276356,-0.022142225301303737,-0.05009963153015511
2025-10-13,0.009697244813388845,0.016955828210376053,0.03153864706364657,0.006029234098338622,0.027782585224038966
2025-10-14,0.00044402022615236544,-0.016863378479674927,0.0053104564957054436,-0.0009341584579576793,-0.045019240466326105
2025-10-15,0.006316514957929752,-0.0037966156016826813,0.022479208204932297,-0.00027265974424972713,-0.0011114789856192203
2025-10-16,-0.007608847967879364,-0.005115842622809568,0.0017114621515446425,-0.0035510584269329367,0.01095022271154542
2025-10-17,0.019370592698148312,-0.006689964147498498,0.007290647331614842,0.003843212379011569,0.007725462942447067
2025-10-20,0.03868092101339173,0.016018234695332655,0.012748958212771527,0.006230772970226132,-0.003170638763439442
2025-10-21,0.002018888131504994,0.025314357693141158,-0.024024304144002227,0.0016820092785216976,-0.008136414546060781
2025-10-22,-0.016576708850049894,-0.01854683769726401,0.00489894924126363,0.005548082870082729,-0.004869391502995129
2025-10-23,0.0043625258369113535,0.014304177190941961,0.005507445314819132,3.834800794068392e-05,0.010374211051715317
2025-10-24,0.012404704167094445,0.014013300747685163,0.02666841867215917,0.005841894156140744,0.022258035392054606
2025-10-27,0.022535353479356313,0.012234712914707927,0.035340453975675326,0.014993946805977626,0.027692151144970024
2025-10-28,0.0007065287393462459,0.009995255600938363,-0.006707026124808853,0.019654159742433237,0.04861857742843619
2025-10-29,0.002598862988010724,0.00456970894129321,0.026198806931207897,-0.0009597391008330833,0.02945785122908878
2025-10-30,0.006283466664280875,-0.03283904572023767,0.024855191878668994,-0.029590420376358836,-0.020248085279448852
2025-10-31,-0.00380226296753672,0.09152568904562086,-0.0010308182969828634,-0.015236564413907323,-0.0019734183403692595
2025-11-03,-0.004894298833628012,0.039264803615285844,0.008957177267776225,-0.0015074686283697196,0.021448378486165685
2025-11-04,0.0036729963281676823,-0.018597025701107325,-0.02202271389521682,-0.0052357096217623324,-0.04039310108689996
2025-11-05,0.00037029726863190167,0.0035233445181079427,0.02410008141017029,-0.014038609367540944,-0.01766982230750043
2025-11-06,-0.0013707172835239541,-0.029034574612610754,0.0015464788957030033,-0.02003535345157169,-0.037208545384962245
2025-11-07,-0.0048305427121975416,0.005621146751201347,-0.02100950078009874,-0.0005634072263488708,0.0003721114707823952
2025-11-10,0.004538380514148896,0.0161931675138767,0.03962348673758026,0.018308873913350867,0.05631653285510292
2025-11-11,0.021371148071028613,0.0028141212824006312,0.004162249952029513,0.005282492019027784,-0.030037214335174377
2025-11-12,-0.006487862890758322,-0.01986689759076167,-0.015916709083467206,0.004824391476776035,0.003307882918741538
2025-11-13,-0.001903213145158224,-0.027483132611142096,-0.028801807494152357,-0.015476982425703174,-0.03646711365097375
2025-11-14,-0.001980466546235507,-0.01223891180071706,-0.007784119323152159,0.013597020135189248,0.017558788910905374
2025-11-17,-0.018338285065585238,-0.007785167790615942,0.030674005342199617,-0.0052866477573552135,-0.018951133903844657
2025-11-18,-7.464947758260898e-05,-0.045328527802621185,-0.0025996400053332185,-0.027366597403304452,-0.028483287444823868
2025-11-19,0.0041789849317348,0.0006288715862684946,0.029564284535910354,-0.013599885055362188,0.028054414059495738
2025-11-20,-0.008638554808404069,-0.025238376767976148,-0.01154135250050041,-0.01613073459568025,-0.032032341881092705
2025-11-21,0.01948948732721377,0.01621670892983362,0.03466588822497278,-0.013276695497639966,-0.009790851268402874
2025-11-24,0.016185769721398426,0.025014152157624068,0.06122508002964998,0.003974149543977354,0.020308941393949672
2025-11-25,0.0037982730766835957,0.01487032297548011,0.015140059835671509,0.006288144375202888,-0.02625236853586816
2025-11-26,0.0020917682533082623,-0.0022230225348219158,-0.010848780209191495,0.017683866017517248,0.013628426497535618
2025-11-28,0.004672971434540764,0.01756175380535844,0.0007184689254755741,0.01331975833631881,-0.018250529412443567
2025-12-01,0.0151262172065036,0.002825964858582112,-0.016659913511706734,-0.010769020544935939,0.01636265119304991
2025-12-02,0.010855696011275954,0.0023061862991379644,0.002917331465989703,0.006675349732992619,0.008522905549192543
2025-12-03,-0.007153684504557431,-0.008740386717129234,0.012023411915253851,-0.025359684307076167,-0.010358780113431765
2025-12-04,-0.012215789741831256,-0.014171743534491207,-0.006308441850154081,0.006488876412519228,0.02093976783855516
2025-12-05,-0.00686355564689062,0.0018314943611840917,0.011426102454092469,0.004813241827990891,-0.005303645132968149
2025-12-08,-0.003197540392983899,-0.011568418747626617,-0.02312696870434922,0.016137024080980087,0.017067494481283838
2025-12-09,-0.0025583326534953568,0.004529366309921425,0.010653139934015557,0.002034460923044121,-0.0031307522745196094
2025-12-10,0.005755873046479309,0.016793958483706913,0.009822952520779624,-0.027737718695204278,-0.006454291233027983
2025-12-11,-0.0026938721785778564,-0.006492686132941979,-0.024596615763819704,0.01020763458900203,-0.015629217144241425
2025-12-12,0.0008988005844432756,-0.017920589673159203,-0.010100983850478407,-0.010270345009627218,-0.03320989556876012
2025-12-15,-0.015098408555415868,-0.016268534273204432,-0.003465623769497765,-0.007783100806013461,0.0072300945050929495
2025-12-16,0.0018224664254049999,8.98866451848032e-05,-0.005367682990212155,0.0033010826256549314,0.00807896271619421
2025-12-17,-0.010138247658845124,-0.005813022613826454,-0.032657207132669064,-0.0005669788742274988,-0.03889665598996
2025-12-18,0.001286746577224654,0.024508470639878127,0.019160103930283324,0.016373686322175084,0.01854688041923136
2025-12-19,0.005422681951884745,0.0025985418858299946,0.015419821107802087,0.00400041265745044,0.03858226769342382
2025-12-22,-0.009914939859583293,0.004739078487121393,0.008493507714034763,-0.002060026788581246,0.014807720863768647
2025-12-23,0.005116600880012278,0.016110849706755952,0.014644703786338064,0.003972084647752953,0.02960802520538894
2025-12-24,0.005309660095674185,0.0010333484556670999,-0.0008274762215582041,0.0024002844975317197,-0.003176160869262579
2025-12-26,-0.0014985148401437073,0.0006022774408405259,-0.0018483046983492999,-0.0006354189830467114,0.010128246578782895
2025-12-29,0.0013160418504418513,-0.001937179352692427,0.00015944772873111013,-0.0012514720137883812,-0.012198174039463773
2025-12-30,-0.002487138437606135,0.0019801618568183687,0.0009245293403182192,0.0007797832477031082,-0.003619329992199417
2025-12-31,-0.004477584501558454,-0.007381025988312501,-0.0027120514297977482,-0.007949745031117481,-0.005560855557135792
