Date,BAC,BNP.PA,C,DBK.DE,JPM
2022-01-03,41.4797477722168,44.069942474365234,53.8562126159668,9.815390586853027,144.19155883789062
2022-01-04,43.10552978515625,45.546142578125,54.27442932128906,10.112932205200195,149.6578369140625
2022-01-05,42.37797164916992,45.60375213623047,53.64283752441406,10.249591827392578,146.92176818847656
2022-01-06,43.23127365112305,46.22303771972656,55.40105056762695,10.509076118469238,148.48269653320312
2022-01-07,44.174407958984375,46.446266174316406,56.14360427856445,10.695904731750488,149.95387268066406
2022-01-10,43.94985580444336,46.086212158203125,56.356990814208984,10.702823638916016,150.09739685058594
2022-01-11,44.20135498046875,46.3454475402832,57.278770446777344,10.65092658996582,150.2499237060547
2022-01-12,43.88698196411133,47.043949127197266,57.42386245727539,10.573081970214844,151.10211181640625
2022-01-13,43.79715347290039,48.21770095825195,57.85061264038086,10.552323341369629,150.91372680664062
2022-01-14,43.033668518066406,47.74243927001953,57.12512969970703,10.339547157287598,141.63803100585938
2022-01-17,,47.56241989135742,,10.394903182983398,
2022-01-18,41.551605224609375,47.53361129760742,55.733924865722656,10.315328598022461,135.69947814941406
2022-01-19,41.713287353515625,47.09435272216797,54.82919692993164,10.192506790161133,133.60031127929688
2022-01-20,41.0935173034668,46.16542434692383,55.016971588134766,10.099092483520508,132.4610595703125
2022-01-21,40.34798812866211,44.962860107421875,54.001304626464844,9.927833557128906,130.14663696289062
2022-01-24,40.01564407348633,43.27783203125,53.51481246948242,9.306804656982422,130.03001403808594
2022-01-25,40.806087493896484,44.68922424316406,54.7182502746582,9.578396797180176,131.44737243652344
2022-01-26,41.22825241088867,46.050209045410156,55.264495849609375,9.877666473388672,132.6942596435547
2022-01-27,40.84201431274414,46.446266174316406,54.752403259277344,10.310139656066895,130.3529510498047
2022-01-28,41.201297760009766,45.20769119262695,55.213287353515625,10.303218841552734,131.51910400390625
2022-01-31,41.443809509277344,45.36611557006836,55.580299377441406,10.599030494689941,133.30430603027344
2022-02-01,42.16239929199219,46.244632720947266,56.80933380126953,10.929439544677734,135.59182739257812
2022-02-02,42.117488861083984,45.70456314086914,56.52769470214844,10.93289852142334,134.50636291503906
2022-02-03,41.70430374145508,45.82698059082031,55.69977951049805,11.469164848327637,133.3939971923828
2022-02-04,43.36600875854492,46.302249908447266,56.843894958496094,11.744215965270996,136.856689453125
2022-02-07,43.572593688964844,47.30318069458008,57.084754943847656,11.848011016845703,137.3141632080078
2022-02-08,44.35405731201172,47.52640914916992,57.738525390625,12.432711601257324,139.89773559570312
2022-02-09,44.26422119140625,48.03767776489258,58.35788345336914,12.463850021362305,140.48085021972656
2022-02-10,44.05763626098633,47.92966079711914,58.06540298461914,12.508828163146973,139.89773559570312
2022-02-11,43.04264450073242,46.73430633544922,57.76433563232422,12.453471183776855,138.07667541503906
2022-02-14,42.59353256225586,44.46599578857422,57.1707649230957,12.019269943237305,136.7938690185547
2022-02-15,42.92588806152344,45.74776840209961,57.63529586791992,12.124792098999023,138.79434204101562
2022-02-16,42.82707977294922,45.186092376708984,57.59228515625,12.008890151977539,139.0455322265625
2022-02-17,41.380943298339844,44.66041946411133,55.665367126464844,11.841090202331543,135.84300231933594
2022-02-18,41.28214645385742,44.588409423828125,55.1750373840332,11.732108116149902,136.47991943359375
2022-02-21,,43.9691276550293,,11.502032279968262,
2022-02-22,40.92285919189453,43.68829345703125,54.95998764038086,11.420727729797363,136.2377166748047
2022-02-23,40.22224426269531,42.881778717041016,54.38362121582031,11.135295867919922,133.38504028320312
2022-02-24,39.1623420715332,39.67015075683594,52.190059661865234,9.739275932312012,129.6711883544922
2022-02-25,40.437808990478516,40.86551284790039,53.316959381103516,10.273811340332031,132.7391357421875
2022-02-28,39.70127868652344,37.81230163574219,50.95132064819336,9.739275932312012,127.2042236328125
2022-03-01,38.14735794067383,35.237953186035156,50.400779724121094,9.00234317779541,122.4049072265625
2022-03-02,38.76713180541992,35.979652404785156,51.23519515991211,8.9850435256958,124.94361114501953
2022-03-03,38.351932525634766,36.552127838134766,49.56635284423828,8.737669944763184,124.05553436279297
2022-03-04,36.96189880371094,33.98497772216797,48.680320739746094,7.912513256072998,120.56593322753906
2022-03-07,34.60608673095703,32.620399475097656,47.785675048828125,7.6936821937561035,115.91015625
2022-03-08,34.83174133300781,33.67533874511719,47.20072555541992,7.887429237365723,115.09381866455078
2022-03-09,37.04313659667969,37.02738952636719,48.12976837158203,8.481646537780762,119.70475006103516
2022-03-10,36.70916748046875,35.5331916809082,47.209327697753906,8.424559593200684,118.28736877441406
2022-03-11,36.40229034423828,35.306358337402344,46.589962005615234,8.295682907104492,115.62310028076172
2022-03-14,37.187557220458984,36.732154846191406,46.65018081665039,8.957365036010742,116.77131652832031
2022-03-15,37.45834732055664,36.93378448486328,47.40718078613281,8.931417465209961,118.84357452392578
2022-03-16,38.631736755371094,39.13727569580078,48.8609619140625,9.574935913085938,124.15415954589844
2022-03-17,38.83933639526367,38.201148986816406,49.28247833251953,9.426166534423828,125.72407531738281
2022-03-18,38.72199630737305,38.41718292236328,49.33409118652344,9.535149574279785,125.67918395996094
2022-03-21,38.6678352355957,37.95631790161133,49.01581573486328,9.581855773925781,125.2755126953125
2022-03-22,39.87733459472656,38.59720230102539,49.46312713623047,10.119851112365723,127.9398193359375
2022-03-23,38.893489837646484,37.61067581176758,48.47386169433594,10.028167724609375,125.39216613769531
2022-03-24,38.87544631958008,36.79696273803711,48.534080505371094,9.981459617614746,126.20850372314453
2022-03-25,39.47116470336914,36.004859924316406,48.80935287475586,10.08352279663086,127.3118896484375
2022-03-28,39.30868911743164,36.77535629272461,48.103965759277344,10.086982727050781,126.36994934082031
2022-03-29,39.20940017700195,39.13007736206055,48.57709503173828,10.351656913757324,126.64803314208984
2022-03-30,38.812255859375,38.222755432128906,47.28675079345703,10.062765121459961,126.07391357421875
2022-03-31,37.20560836791992,37.3946418762207,45.936187744140625,9.955513000488281,122.28827667236328
2022-04-01,36.91678237915039,37.22181701660156,45.015750885009766,10.225374221801758,121.38227081298828
2022-04-04,36.85359573364258,36.96978759765625,45.42005157470703,10.21153450012207,121.9205093383789
2022-04-05,36.23078536987305,35.284759521484375,44.37057113647461,10.176937103271484,120.50167846679688
2022-04-06,35.83364486694336,34.05699157714844,43.46733856201172,9.855177879333496,118.82978820800781
2022-04-07,35.553829193115234,33.52772521972656,43.03721618652344,9.860366821289062,118.46829223632812
2022-04-08,35.80656051635742,34.45304489135742,43.76841354370117,10.244403839111328,120.63721466064453
2022-04-11,35.73435592651367,35.10113525390625,43.484535217285156,10.3135986328125,120.19440460205078
2022-04-12,35.355255126953125,35.075931549072266,43.30389404296875,9.348320960998535,118.8749771118164
2022-04-13,35.03934860229492,35.230751037597656,43.14044952392578,9.42443561553955,115.04320526123047
2022-04-14,33.91108322143555,35.64841079711914,43.811424255371094,9.493630409240723,113.97684478759766
2022-04-18,35.0664176940918,,44.99854278564453,,116.09152221679688
2022-04-19,35.7162971496582,35.821231842041016,45.52327346801758,9.516119956970215,118.49542236328125
2022-04-20,35.79753112792969,36.89057540893555,45.67811965942383,9.702948570251465,118.91111755371094
2022-04-21,35.12058639526367,37.73308563232422,45.2738151550293,9.702948570251465,117.98931884765625
2022-04-22,33.90205383300781,37.2506217956543,44.06949234008789,9.702948570251465,114.60039520263672
2022-04-25,33.658348083496094,36.61693572998047,43.98347091674805,8.988502502441406,114.56425476074219
2022-04-26,32.900150299072266,36.32170104980469,43.209266662597656,8.7532377243042,111.17530822753906
2022-04-27,32.719635009765625,35.821231842041016,42.667320251464844,8.7532377243042,109.72935485839844
2022-04-28,33.225101470947266,35.61600112915039,43.02861785888672,8.322495460510254,111.4644775390625
2022-04-29,32.20514678955078,35.79242706298828,41.898799896240234,8.325957298278809,107.86769104003906
2022-05-02,32.62034606933594,35.14434051513672,42.333343505859375,8.197080612182617,108.85275268554688
2022-05-03,33.51393127441406,36.95538330078125,43.541378021240234,8.529217720031738,111.18434143066406
2022-05-04,34.85881805419922,36.732154846191406,45.39254379272461,8.492025375366211,114.86246490478516
2022-05-05,33.88400650024414,36.50892639160156,44.592979431152344,8.174589157104492,111.98863220214844
2022-05-06,33.80276870727539,36.429710388183594,44.862396240234375,8.174589157104492,111.80790710449219
2022-05-09,32.827945709228516,35.8968391418457,43.358863830566406,7.746443271636963,110.12699127197266
2022-05-10,32.27735137939453,36.66734313964844,42.36811065673828,7.871860504150391,107.44295501708984
2022-05-11,32.105865478515625,37.55306625366211,41.42079544067383,8.056093215942383,106.76516723632812
2022-05-12,31.65455436706543,37.02019500732422,40.46480941772461,7.898673057556152,106.67478942871094
2022-05-13,31.744810104370117,37.718685150146484,41.40342330932617,7.898673057556152,107.62369537353516
2022-05-16,31.419878005981445,37.66828155517578,41.246978759765625,7.973923206329346,106.87360382080078
2022-05-17,32.484962463378906,38.52519607543945,44.36701583862305,8.249841690063477,110.41618347167969
2022-05-18,31.48305320739746,38.40998077392578,42.863494873046875,8.191888809204102,108.52741241455078
2022-05-19,31.094932556152344,38.301963806152344,43.26327133178711,8.210053443908691,106.91879272460938
2022-05-20,30.562393188476562,38.67641067504883,43.23720169067383,8.271903038024902,106.04219055175781
2022-05-23,32.376651763916016,40.2840690612793,45.86185836791992,8.851518630981445,112.60317993164062
2022-05-24,32.17806625366211,39.94398880004883,45.78363037109375,8.909833908081055,114.19371032714844
2022-05-25,32.34955596923828,40.09083557128906,45.8010139465332,8.909833908081055,114.98899841308594
2022-05-26,33.09872817993164,40.73236083984375,47.00904846191406,9.201408386230469,116.9771728515625
2022-05-27,33.41463851928711,41.38932800292969,46.6005744934082,9.201408386230469,118.63098907470703
2022-05-30,,41.96901321411133,,9.201408386230469,
2022-05-31,33.57711410522461,41.049251556396484,46.41807174682617,9.16606616973877,119.49854278564453
2022-06-01,33.09872817993164,40.8405647277832,45.53159713745117,9.090080261230469,117.40193176269531
2022-06-02,33.31660842895508,40.73236083984375,45.56636047363281,9.090080261230469,119.29068756103516
2022-06-03,32.85361862182617,40.624149322509766,44.61036682128906,9.090080261230469,117.6278305053711
2022-06-06,32.81731033325195,41.180641174316406,44.67119598388672,9.238518714904785,117.2392349243164
2022-06-07,32.99886703491211,40.539127349853516,45.279563903808594,9.132492065429688,117.54651641845703
2022-06-08,32.58127975463867,40.25315475463867,44.67988967895508,8.959315299987793,115.67581176757812
2022-06-09,31.3284969329834,39.56526184082031,43.428401947021484,8.847984313964844,113.24481964111328
2022-06-10,30.11203384399414,37.56342697143555,41.46426010131836,8.330218315124512,108.03941345214844
2022-06-13,29.06805992126465,36.07170867919922,39.70868682861328,8.172943115234375,104.8221664428711
2022-06-14,28.5596866607666,36.585693359375,39.943355560302734,8.178244590759277,103.07798767089844
2022-06-15,29.095291137695312,37.3199577331543,41.35127639770508,8.390300750732422,104.29801940917969
2022-06-16,28.913728713989258,36.72868347167969,40.75160598754883,8.250697135925293,102.50865173339844
2022-06-17,28.977277755737305,36.89872360229492,40.430049896240234,8.306361198425293,102.14715576171875
2022-06-20,,37.3663330078125,,8.537856101989746,
2022-06-21,29.821542739868164,38.146976470947266,41.6815299987793,8.578496932983398,104.67758178710938
2022-06-22,29.594589233398438,37.90350341796875,41.021018981933594,8.565245628356934,104.09015655517578
2022-06-23,29.122526168823242,36.12581253051758,40.28229904174805,7.520875930786133,102.95145416259766
2022-06-24,29.33132553100586,37.049442291259766,41.59461975097656,7.8804850578308105,106.02411651611328
2022-06-27,29.36763572692871,36.94895935058594,41.56855010986328,7.854862689971924,105.17462921142578
2022-06-28,29.285930633544922,37.03011703491211,41.02970504760742,7.831005573272705,104.66854858398438
2022-06-29,28.922809600830078,36.38860321044922,40.934112548828125,7.5730061531066895,104.1986083984375
2022-06-30,28.260107040405273,35.06306457519531,39.96943283081055,7.349463939666748,101.76761627197266
2022-07-01,28.650466918945312,35.02054977416992,40.73421859741211,7.115321636199951,103.06896209716797
2022-07-04,,34.99736404418945,,7.149779796600342,
2022-07-05,28.35996437072754,33.93461227416992,40.50825881958008,6.85908842086792,102.67692565917969
2022-07-06,28.123937606811523,33.571346282958984,40.10847854614258,6.792820930480957,102.01136779785156
2022-07-07,28.922809600830078,34.433135986328125,40.786376953125,7.053471088409424,104.59151458740234
2022-07-08,28.859262466430664,35.1364860534668,40.690765380859375,7.245203971862793,104.26329803466797
2022-07-11,28.5596866607666,33.98871612548828,40.14324188232422,6.953628063201904,102.89573669433594
2022-07-12,28.468902587890625,33.86505126953125,40.09109878540039,6.953628063201904,102.99601745605469
2022-07-13,27.996841430664062,33.02644348144531,39.5435791015625,6.872341156005859,102.02961730957031
2022-07-14,27.35230255126953,31.77046775817871,38.361602783203125,6.780450820922852,98.46481323242188
2022-07-15,29.27685546875,32.13373565673828,43.43708801269531,6.890895366668701,102.977783203125
2022-07-18,29.285930633544922,32.81003189086914,43.51530838012695,7.131224632263184,101.92021179199219
2022-07-19,30.27544403076172,33.930747985839844,45.305633544921875,7.450191020965576,104.4456558227539
2022-07-20,30.284523010253906,34.413818359375,45.583744049072266,7.4210333824157715,104.42740631103516
2022-07-21,30.54778480529785,34.417686462402344,45.70541000366211,7.474930286407471,105.1385498046875
2022-07-22,30.348072052001953,33.86505126953125,45.114437103271484,7.299985408782959,104.62799835205078
2022-07-25,30.620410919189453,34.56840133666992,45.33169937133789,7.378621578216553,105.04736328125
2022-07-26,30.003103256225586,34.251502990722656,44.67119598388672,7.235485553741455,103.40631103515625
2022-07-27,30.493318557739258,34.29015350341797,45.49683380126953,7.1170878410339355,105.06560516357422
2022-07-28,30.248207092285156,34.549076080322266,45.39254379272461,7.369786262512207,104.67357635498047
2022-07-29,30.693037033081055,35.55385971069336,45.5505256652832,7.533246040344238,105.17501068115234
2022-08-01,30.60225486755371,35.445655822753906,45.56806182861328,7.423684597015381,104.12655639648438
2022-08-02,29.9940185546875,35.86302185058594,44.54120635986328,7.430752277374268,102.50370788574219
2022-08-03,30.538707733154297,36.52772521972656,45.29600143432617,7.56682014465332,103.57952117919922
2022-08-04,30.320842742919922,37.354740142822266,44.98882293701172,7.621601581573486,102.43987274169922
2022-08-05,30.829206466674805,37.74892807006836,45.339881896972656,7.735580921173096,105.53970336914062
2022-08-08,30.40254020690918,37.4900016784668,45.173118591308594,7.77445650100708,104.2541732788086
2022-08-09,30.792898178100586,37.4900016784668,45.71726989746094,7.710841178894043,105.19324493408203
2022-08-10,31.836875915527344,38.05422592163086,46.682701110839844,7.800964832305908,107.9375
2022-08-11,32.59943771362305,38.30155563354492,47.39360427856445,7.831888675689697,109.53299713134766
2022-08-12,32.953487396240234,38.97785568237305,47.727115631103516,8.005949974060059,111.3472900390625
2022-08-15,32.908084869384766,38.707332611083984,47.45505142211914,7.900806903839111,111.64816284179688
2022-08-16,33.26213836669922,38.74597930908203,47.55158615112305,7.920245170593262,112.7148666381836
2022-08-17,33.053340911865234,38.23971939086914,47.182960510253906,7.824820041656494,111.76668548583984
2022-08-18,32.93532180786133,37.895774841308594,46.9986572265625,7.835422992706299,110.90055847167969
2022-08-19,32.209083557128906,36.836891174316406,46.17365646362305,7.506739139556885,108.15630340576172
2022-08-22,31.51914405822754,35.92485809326172,44.98004150390625,7.410429954528809,106.36935424804688
2022-08-23,31.237730026245117,36.036930084228516,44.71674346923828,7.3662519454956055,105.32087707519531
2022-08-24,31.337587356567383,36.06398010253906,44.76939392089844,7.385690689086914,105.57616424560547
2022-08-25,31.900423049926758,36.044654846191406,45.690948486328125,7.390108585357666,108.08335876464844
2022-08-26,30.89275550842285,35.43791961669922,43.68988037109375,7.21958065032959,104.54593658447266
2022-08-29,30.774742126464844,35.36836242675781,43.330039978027344,7.282313823699951,104.2906723022461
2022-08-30,30.947223663330078,35.85529327392578,43.075523376464844,7.4148478507995605,104.30889129638672
2022-08-31,30.511474609375,35.9287223815918,42.83855438232422,7.353882789611816,103.68893432617188
2022-09-01,30.58458137512207,35.53840255737305,42.785892486572266,7.183355331420898,104.4000473022461
2022-09-02,30.548025131225586,36.6977653503418,42.86488342285156,7.57477331161499,103.67069244384766
2022-09-05,,35.90939712524414,,7.228416442871094,
2022-09-06,30.209922790527344,35.986690521240234,42.320735931396484,7.384807586669922,103.69804382324219
2022-09-07,30.67595863342285,35.951908111572266,42.68057632446289,7.240786552429199,105.66734313964844
2022-09-08,31.6628475189209,36.666847229003906,43.79520034790039,7.642806529998779,108.12895202636719
2022-09-09,31.92784309387207,37.6252555847168,44.47099685668945,7.891971111297607,108.64862823486328
2022-09-12,32.22939682006836,39.07832717895508,44.64653015136719,8.142902374267578,109.93413543701172
2022-09-13,31.068885803222656,38.86964416503906,43.00531005859375,7.973259925842285,106.11405944824219
2022-09-14,30.950098037719727,38.83872604370117,42.50503921508789,7.969725608825684,105.867919921875
2022-09-15,31.534914016723633,38.92374801635742,42.51381301879883,8.157039642333984,107.46341705322266
2022-09-16,31.178544998168945,38.12378692626953,42.22418212890625,8.013019561767578,106.7431640625
2022-09-19,31.699398040771484,38.146976470947266,42.33829116821289,8.035991668701172,107.7278060913086
2022-09-20,31.224227905273438,37.43975830078125,41.46940231323242,7.936149597167969,105.603515625
2022-09-21,30.292165756225586,37.07262420654297,40.66196060180664,7.7921295166015625,102.55840301513672
2022-09-22,29.69820213317871,37.269718170166016,40.003719329833984,7.981210708618164,101.39139556884766
2022-09-23,28.994583129882812,36.25334548950195,38.84519958496094,7.626903057098389,99.50416564941406
2022-09-26,28.354928970336914,35.71617126464844,37.7305793762207,7.502320766448975,97.36164855957031
2022-09-27,27.934581756591797,34.86597442626953,37.37950897216797,7.1815876960754395,96.504638671875
2022-09-28,28.391481399536133,33.505645751953125,38.09040832519531,6.939492225646973,98.45569610595703
2022-09-29,28.016826629638672,32.87572479248047,37.2039794921875,6.709765434265137,96.78726959228516
2022-09-30,27.596481323242188,33.70274353027344,36.57206726074219,6.755711078643799,95.2738265991211
2022-10-03,28.409759521484375,33.9152946472168,37.353179931640625,6.741574764251709,98.21867370605469
2022-10-04,29.588544845581055,35.14807891845703,38.976844787597656,7.130341053009033,102.81368255615234
2022-10-05,29.168203353881836,34.096927642822266,38.47658920288086,7.010176658630371,101.54426574707031
2022-10-06,28.74785804748535,33.72592544555664,37.79201126098633,6.9509782791137695,99.47455596923828
2022-10-07,28.09906768798828,33.71046829223633,37.0284423828125,6.911218166351318,97.4876480102539
2022-10-10,28.016826629638672,33.841861724853516,36.51062774658203,7.036684036254883,96.57696533203125
2022-10-11,27.203548431396484,33.05349349975586,35.50131607055664,6.872341156005859,93.7897720336914
2022-10-12,27.28579330444336,32.72887420654297,35.84361267089844,6.881176948547363,95.30754852294922
2022-10-13,28.958030700683594,33.57521057128906,37.695472717285156,7.386573791503906,100.60598754882812
2022-10-14,28.9671688079834,34.05441665649414,37.94120788574219,7.608347415924072,102.28016662597656
2022-10-17,30.721643447875977,35.07466125488281,38.257179260253906,7.625135898590088,106.5759506225586
2022-10-18,31.873029708862305,35.68525314331055,38.748661041259766,7.822169303894043,109.3171615600586
2022-10-19,30.99578094482422,35.48816680908203,38.03775405883789,7.852210998535156,107.17387390136719
2022-10-20,30.794750213623047,35.85915756225586,37.66913986206055,7.8893208503723145,106.8243179321289
2022-10-21,31.93699073791504,35.847564697265625,38.84519958496094,7.860162734985352,112.43550109863281
2022-10-24,32.0466423034668,36.299720764160156,38.976844787597656,8.055429458618164,112.57347106933594
2022-10-25,32.33905792236328,36.585693359375,39.77552032470703,8.187080383300781,112.86784362792969
2022-10-26,32.62232971191406,36.504539489746094,39.8545036315918,8.28515625,114.16484832763672
2022-10-27,32.777671813964844,36.63593673706055,39.8808479309082,8.708382606506348,114.61559295654297
2022-10-28,33.06094741821289,36.54705047607422,40.48643112182617,8.681875228881836,115.97699737548828
2022-10-31,32.933021545410156,36.70935821533203,40.249454498291016,8.53520393371582,115.79301452636719
2022-11-01,33.079227447509766,36.97601318359375,40.56541061401367,8.59528636932373,117.8811264038086
2022-11-02,32.97871017456055,37.00693130493164,39.977386474609375,8.652718544006348,116.7956771850586
2022-11-03,32.79595184326172,38.17015838623047,39.12605667114258,8.543155670166016,117.00724792480469
2022-11-04,33.618370056152344,39.13243865966797,40.067134857177734,8.59351921081543,120.20838928222656
2022-11-07,33.819400787353516,39.17880630493164,40.59982681274414,8.628861427307129,120.84310150146484
2022-11-08,33.91077423095703,39.17880630493164,40.94607162475586,8.721635818481445,120.91668701171875
2022-11-09,33.37163543701172,38.84645462036133,40.27133560180664,8.564361572265625,119.34371948242188
2022-11-10,34.84284210205078,39.30247116088867,42.98805236816406,8.803807258605957,124.25577545166016
2022-11-11,35.09870910644531,40.005821228027344,44.559478759765625,9.02823257446289,124.45819091796875
2022-11-14,34.504737854003906,40.330440521240234,43.52074432373047,8.992888450622559,123.17957305908203
2022-11-15,34.44990921020508,40.554588317871094,43.52962112426758,9.114821434020996,122.28729248046875
2022-11-16,34.139225006103516,40.26087951660156,42.943660736083984,8.954011917114258,122.452880859375
2022-11-17,33.965599060058594,40.58550262451172,42.83712387084961,8.923971176147461,121.9193344116211
2022-11-18,33.98387908935547,41.20383834838867,43.201133728027344,9.022929191589355,123.11517333984375
2022-11-21,34.093536376953125,40.6705207824707,43.39645004272461,9.02823257446289,122.38849639892578
2022-11-22,34.25801086425781,40.53139877319336,43.79596710205078,8.984053611755371,124.21900939941406
2022-11-23,34.36766815185547,40.76327133178711,42.828250885009766,9.035300254821777,125.54362487792969
2022-11-24,,41.141998291015625,,9.162531852722168,
2022-11-25,34.44990921020508,41.21928787231445,42.87263870239258,9.180204391479492,125.7828140258789
2022-11-28,33.68233871459961,40.80965042114258,41.93154525756836,9.01762866973877,123.58429718017578
2022-11-29,33.810264587402344,41.404788970947266,42.23340606689453,9.021162986755371,125.61723327636719
2022-11-30,34.58698654174805,41.29657745361328,42.97917175292969,8.943408966064453,127.10740661621094
2022-12-01,33.59431457519531,40.678253173828125,42.41984939575195,8.751676559448242,125.32286071777344
2022-12-02,33.162322998046875,40.77100372314453,41.940433502197266,8.856821060180664,124.32939910888672
2022-12-05,31.682519912719727,40.43865203857422,40.51991653442383,8.968148231506348,120.84310150146484
2022-12-06,30.331398010253906,40.54685974121094,39.933963775634766,8.89923095703125,121.04545593261719
2022-12-07,30.092418670654297,40.191322326660156,39.65874099731445,8.805573463439941,120.9626693725586
2022-12-08,29.816679000854492,40.191322326660156,39.67649459838867,8.855052947998047,122.23211669921875
2022-12-09,29.761531829833984,40.87921142578125,39.82742691040039,8.959315299987793,121.56978607177734
2022-12-12,30.083229064941406,40.71689987182617,40.635337829589844,8.844450950622559,123.4555435180664
2022-12-13,30.101604461669922,41.45116424560547,41.363346099853516,9.05473804473877,123.33594512939453
2022-12-14,29.669620513916016,41.35841369628906,40.82177734375,8.911602020263672,122.71964263916016
2022-12-15,29.20086097717285,39.93626022338867,39.61435317993164,8.582032203674316,119.67488861083984
2022-12-16,29.13652229309082,40.60869598388672,39.3746452331543,8.751676559448242,118.92977905273438
2022-12-19,29.467411041259766,40.34590530395508,39.00176239013672,8.780834197998047,119.63807678222656
2022-12-20,29.58689308166504,40.91785430908203,38.89521789550781,9.284463882446289,120.21759796142578
2022-12-21,30.037273406982422,41.75259780883789,39.78303527832031,9.404629707336426,121.56978607177734
2022-12-22,29.770721435546875,41.59028625488281,39.05502700805664,9.39755916595459,120.19001770019531
2022-12-23,29.844257354736328,41.582557678222656,39.29473876953125,9.4594087600708,120.76032257080078
2022-12-27,29.899398803710938,41.73714065551758,39.410152435302734,9.462943077087402,121.18347930908203
2022-12-28,30.119997024536133,41.397056579589844,39.61435317993164,9.392258644104004,121.84577178955078
2022-12-29,30.460073471069336,41.667579650878906,40.09376907348633,9.457642555236816,122.54485321044922
2022-12-30,30.44168472290039,41.15745544433594,40.15591812133789,9.355149269104004,123.3543472290039
2023-01-02,,42.4559440612793,,9.667929649353027,
2023-01-03,30.80014991760254,43.290687561035156,40.64421463012695,9.818135261535645,124.2926025390625
2023-01-04,31.37920570373535,45.068382263183594,41.69184494018555,10.335901260375977,125.45165252685547
2023-01-05,31.31487274169922,45.300254821777344,41.505401611328125,10.155655860900879,125.42386627197266
2023-01-06,31.62737274169922,45.686710357666016,42.0025749206543,10.245779037475586,127.82390594482422
2023-01-09,31.149415969848633,45.617149353027344,42.2067756652832,10.350038528442383,127.29570007324219
2023-01-10,31.36082649230957,45.099300384521484,42.78385543823242,10.298792839050293,128.4355010986328
2023-01-11,31.59980583190918,45.29252624511719,43.24551010131836,10.335901260375977,129.38995361328125
2023-01-12,31.682519912719727,46.12726974487305,43.582889556884766,10.3871488571167,129.26025390625
2023-01-13,32.38106155395508,46.266395568847656,44.31977844238281,10.32883358001709,132.52206420898438
2023-01-16,,46.03451919555664,,10.427793502807617,
2023-01-17,31.728477478027344,45.98041534423828,44.66603088378906,10.547957420349121,130.47415161132812
2023-01-18,30.9931697845459,46.096351623535156,43.88475036621094,10.599204063415527,126.55437469482422
2023-01-19,30.54279327392578,45.52439880371094,43.83148956298828,10.385381698608398,124.86785888671875
2023-01-20,31.11265754699707,46.10408401489258,45.358524322509766,10.586833000183105,125.17362976074219
2023-01-23,31.544649124145508,46.52918243408203,46.1486701965332,10.528518676757812,127.20304870605469
2023-01-24,31.774436950683594,46.95427703857422,45.6515007019043,10.581531524658203,128.29652404785156
2023-01-25,32.050167083740234,47.1397819519043,46.07765579223633,10.526752471923828,128.91737365722656
2023-01-26,32.4821662902832,47.711734771728516,46.335121154785156,10.719367027282715,129.7142791748047
2023-01-27,32.58326721191406,47.943607330322266,46.04214096069336,10.719367027282715,130.02935791015625
2023-01-30,32.445404052734375,48.00543975830078,45.944480895996094,10.848367691040039,128.9266357421875
2023-01-31,32.610843658447266,48.61603546142578,46.361759185791016,10.786519050598145,129.69578552246094
2023-02-01,33.015262603759766,48.840179443359375,46.29960250854492,10.823627471923828,129.35289001464844
2023-02-02,33.20827865600586,47.61125564575195,46.361759185791016,10.12208080291748,128.75059509277344
2023-02-03,33.48402404785156,47.704002380371094,45.68036651611328,10.18746280670166,130.7428741455078
2023-02-06,33.428871154785156,46.95427703857422,45.599674224853516,10.033724784851074,131.51202392578125
2023-02-07,33.796531677246094,48.18320846557617,45.84174346923828,10.18746280670166,133.11514282226562
2023-02-08,33.54835891723633,49.35029983520508,45.859676361083984,10.309395790100098,132.17919921875
2023-02-09,32.83143615722656,49.78313446044922,44.81068420410156,10.337669372558594,130.1219940185547
2023-02-10,32.70275115966797,49.14934539794922,44.927242279052734,10.017821311950684,130.69654846191406
2023-02-13,32.7671012878418,48.9406623840332,45.725189208984375,10.046093940734863,132.11434936523438
2023-02-14,32.73952102661133,49.75994110107422,46.272098541259766,10.206901550292969,132.69813537597656
2023-02-15,32.68437576293945,49.620819091796875,46.46037673950195,10.081436157226562,133.25413513183594
2023-02-16,32.42702102661133,50.85748291015625,46.13761520385742,10.479039192199707,131.41937255859375
2023-02-17,32.491363525390625,50.571502685546875,46.101749420166016,10.496710777282715,131.8085479736328
2023-02-20,,50.62560272216797,,10.277586936950684,
2023-02-21,31.728477478027344,50.54831314086914,44.68516159057617,10.245779037475586,129.38995361328125
2023-02-22,31.517072677612305,49.435325622558594,44.864479064941406,10.090272903442383,128.3984375
2023-02-23,31.489501953125,50.076839447021484,45.1693115234375,10.132683753967285,129.42701721191406
2023-02-24,31.443540573120117,49.3812141418457,44.9900016784668,9.97894287109375,130.59461975097656
2023-02-27,31.443540573120117,50.594688415527344,45.25000762939453,10.205135345458984,131.73443603515625
2023-02-28,31.526264190673828,51.12799835205078,45.44724655151367,10.426025390625,132.837158203125
2023-03-01,31.37920570373535,49.00249481201172,46.17347717285156,10.242244720458984,132.09580993652344
2023-03-02,30.981412887573242,48.979305267333984,46.08381652832031,10.113245010375977,130.72433471679688
2023-03-03,31.601226806640625,49.66720199584961,46.9355583190918,10.309395790100098,133.12440490722656
2023-03-06,31.53647232055664,50.19277572631836,46.783145904541016,10.397751808166504,132.34605407714844
2023-03-07,30.528120040893555,49.4044075012207,45.79692077636719,10.236944198608398,128.45399475097656
2023-03-08,30.121078491210938,49.46623992919922,45.43828582763672,10.281121253967285,127.69418334960938
2023-03-09,28.25238800048828,48.415077209472656,43.57341384887695,10.173327445983887,120.78125762939453
2023-03-10,28.002607345581055,46.56782913208008,43.340309143066406,9.425835609436035,123.8485107421875
2023-03-13,26.37444496154785,43.398895263671875,40.11265182495117,8.966382026672363,121.62452697753906
2023-03-14,26.605716705322266,44.73603057861328,42.497528076171875,9.349847793579102,124.74736022949219
2023-03-15,26.355939865112305,40.214508056640625,40.18436813354492,8.484840393066406,118.8537826538086
2023-03-16,26.79998779296875,40.74008560180664,40.90162658691406,8.375279426574707,121.16118621826172
2023-03-17,25.736129760742188,39.94398880004883,39.6733283996582,8.247162818908691,116.5834732055664
2023-03-20,25.671371459960938,40.624149322509766,39.52988052368164,8.205635070800781,117.81594848632812
2023-03-21,26.448450088500977,42.3090934753418,40.408512115478516,8.702197074890137,120.97586059570312
2023-03-22,25.569608688354492,42.100406646728516,39.189178466796875,8.520182609558105,117.8530044555664
2023-03-23,24.949796676635742,41.180641174316406,38.95606994628906,8.248929977416992,117.53793334960938
2023-03-24,25.107065200805664,39.00876998901367,38.6512336730957,7.545614719390869,115.74947357177734
2023-03-27,26.355939865112305,40.02901077270508,40.14850616455078,8.009485244750977,119.06694030761719
2023-03-28,26.01365852355957,40.16813278198242,40.542999267578125,7.883134841918945,119.4283447265625
2023-03-29,26.522457122802734,41.250205993652344,41.19749450683594,8.078402519226074,119.66926574707031
2023-03-30,26.180173873901367,42.14678192138672,41.305091857910156,8.207403182983398,119.30787658691406
2023-03-31,26.45770263671875,42.672359466552734,42.04027557373047,8.266600608825684,120.75347137451172
2023-04-03,26.448450088500977,43.128379821777344,41.87888717651367,8.362909317016602,120.61445617675781
2023-04-04,25.884140014648438,43.545753479003906,41.32302474975586,8.241861343383789,119.00206756591797
2023-04-05,25.569608688354492,43.15156555175781,41.0361213684082,8.217123031616211,119.17951202392578
2023-04-06,25.754629135131836,44.233638763427734,41.1168098449707,8.354957580566406,119.04875946044922
2023-04-10,25.847139358520508,,41.70854949951172,,119.4410171508789
2023-04-11,26.55946159362793,43.99403381347656,42.318214416503906,8.451265335083008,120.02938842773438
2023-04-12,26.346691131591797,44.1099739074707,42.06717300415039,8.478655815124512,120.01070404052734
2023-04-13,26.420698165893555,44.473243713378906,42.40787124633789,8.410622596740723,120.46834564208984
2023-04-14,27.30879020690918,45.90312576293945,44.434120178222656,8.794971466064453,129.5648651123047
2023-04-17,28.09511947631836,44.97563171386719,44.55067825317383,8.599702835083008,130.59217834472656
2023-04-18,28.27088737487793,45.9185791015625,44.90034484863281,8.759628295898438,132.05848693847656
2023-04-19,27.808340072631836,46.065433502197266,45.1872444152832,8.84091567993164,131.890380859375
2023-04-20,27.660324096679688,45.485748291015625,44.290672302246094,8.758745193481445,131.5074462890625
2023-04-21,27.6325740814209,45.33890151977539,43.958946228027344,8.742841720581055,131.2552947998047
2023-04-24,27.530813217163086,45.709896087646484,43.958946228027344,8.744607925415039,131.4327392578125
2023-04-25,26.679723739624023,44.62009048461914,42.94581604003906,8.409737586975098,128.57489013671875
2023-04-26,26.3096923828125,44.52734375,42.01338577270508,8.445080757141113,126.29610443115234
2023-04-27,26.72597885131836,45.400733947753906,42.16579818725586,8.653600692749023,127.99586486816406
2023-04-28,27.086767196655273,45.28479766845703,42.6643180847168,8.78525161743164,129.1072540283203
2023-05-01,26.864744186401367,,42.82746887207031,,131.87167358398438
2023-05-02,26.0506591796875,44.02494812011719,41.6944694519043,8.511348724365234,129.7423095703125
2023-05-03,25.773130416870117,43.507110595703125,41.39535903930664,8.451265335083008,126.99654388427734
2023-05-04,24.96830177307129,43.2365837097168,40.69742965698242,8.170293807983398,125.25942993164062
2023-05-05,25.634366989135742,44.7437629699707,41.984519958496094,8.53962230682373,127.70636749267578
2023-05-08,25.61586570739746,45.05292510986328,42.02076721191406,8.54757308959961,128.01455688476562
2023-05-09,25.58811378479004,45.15339660644531,42.165802001953125,8.544922828674316,127.39814758300781
2023-05-10,25.27358055114746,44.766944885253906,42.029842376708984,8.584683418273926,127.4635238647461
2023-05-11,25.338340759277344,44.326385498046875,41.721656799316406,8.471588134765625,127.06193542480469
2023-05-12,25.06081199645996,45.2075080871582,41.19595718383789,8.49632740020752,125.24076080322266
2023-05-15,25.578861236572266,45.32344055175781,41.739784240722656,8.589985847473145,126.29610443115234
2023-05-16,25.310583114624023,45.161128997802734,41.0418586730957,8.488375663757324,125.44622039794922
2023-05-17,26.429948806762695,45.315711975097656,42.67338180541992,8.562594413757324,129.30340576171875
2023-05-18,26.337440490722656,46.096351623535156,42.04796600341797,8.901530265808105,130.28399658203125
2023-05-19,26.00440788269043,46.258663177490234,41.43161392211914,8.919771194458008,129.98513793945312
2023-05-22,26.217178344726562,47.38309097290039,41.504127502441406,8.997294425964355,128.9110870361328
2023-05-23,26.43920135498047,47.19293212890625,41.612892150878906,9.087586402893066,127.5662612915039
2023-05-24,25.995155334472656,46.333072662353516,40.325801849365234,8.879640579223633,126.39884185791016
2023-05-25,26.059911727905273,46.44882583618164,40.09014129638672,8.8477201461792,126.70700073242188
2023-05-26,26.18942642211914,46.556304931640625,40.425506591796875,8.885113716125488,127.89311981201172
2023-05-29,,46.38268280029297,,8.837687492370605,
2023-05-30,26.143173217773438,45.71298599243164,40.516151428222656,8.797557830810547,128.37876892089844
2023-05-31,25.7083740234375,44.65469741821289,40.17171096801758,8.642511367797852,126.74440002441406
2023-06-01,25.904193878173828,45.03501892089844,40.643043518066406,8.735538482666016,128.49085998535156
2023-06-02,26.771398544311523,46.696861267089844,41.984519958496094,8.994559288024902,131.18991088867188
2023-06-05,26.612878799438477,46.233856201171875,41.91200637817383,8.843159675598145,129.9010772705078
2023-06-06,27.25628662109375,46.68859100341797,42.80028533935547,8.923418998718262,130.1345672607422
2023-06-07,27.48940658569336,46.92835998535156,43.516334533691406,8.948957443237305,131.39540100097656
2023-06-08,27.25628662109375,47.13505172729492,43.59790802001953,8.99547004699707,131.4327392578125
2023-06-09,27.29358673095703,46.357879638671875,43.77919387817383,8.977230072021484,131.6942596435547
2023-06-12,27.163040161132812,46.655521392822266,43.915157318115234,8.98908519744873,131.6848907470703
2023-06-13,27.414810180664062,46.86221694946289,44.132686614990234,8.9927339553833,132.63751220703125
2023-06-14,27.153711318969727,47.55671691894531,43.72481918334961,9.056577682495117,132.1425323486328
2023-06-15,27.38683319091797,46.53977584838867,44.01485824584961,8.788436889648438,133.63682556152344
2023-06-16,27.218990325927734,46.771270751953125,43.67948532104492,8.672608375549316,133.7956085205078
2023-06-19,,46.96969985961914,,8.57775592803955,
2023-06-20,26.920597076416016,46.9035530090332,43.15378189086914,8.505704879760742,133.11383056640625
2023-06-21,26.640851974487305,47.15986251831055,42.97249221801758,8.606027603149414,132.91770935058594
2023-06-22,26.07204246520996,46.068504333496094,42.265499114990234,8.481990814208984,130.3587188720703
2023-06-23,25.876220703125,45.34919357299805,41.71260070800781,8.358864784240723,129.6769561767578
2023-06-26,26.193265914916992,45.66337585449219,41.91200637817383,8.370722770690918,129.99449157714844
2023-06-27,26.333133697509766,46.02716064453125,42.05702590942383,8.521209716796875,130.00379943847656
2023-06-28,26.17461585998535,46.18425369262695,41.90293884277344,8.554954528808594,129.43411254882812
2023-06-29,26.724777221679688,46.953163146972656,41.957332611083984,8.680815696716309,133.95437622070312
2023-06-30,26.75275230407715,47.722076416015625,41.7307243347168,8.77202033996582,135.8315887451172
2023-07-03,27.228313446044922,48.30908966064453,42.36520767211914,8.87416934967041,136.92428588867188
2023-07-04,,47.86262893676758,,8.783876419067383,
2023-07-05,27.11641502380371,47.40789031982422,42.41958999633789,8.658927917480469,136.0121612548828
2023-07-06,26.370437622070312,45.27478790283203,41.132503509521484,8.28316593170166,134.66746520996094
2023-07-07,26.603553771972656,45.572425842285156,41.45880889892578,8.460102081298828,135.7300262451172
2023-07-10,26.724777221679688,45.76259231567383,41.39535903930664,8.596907615661621,136.49169921875
2023-07-11,27.06046485900879,46.43228530883789,42.174861907958984,8.643423080444336,138.62631225585938
2023-07-12,27.37750816345215,46.878753662109375,42.9453010559082,8.612412452697754,139.31277465820312
2023-07-13,27.666576385498047,47.13505172729492,43.21722412109375,8.74921989440918,139.98980712890625
2023-07-14,27.144392013549805,46.8374137878418,41.46786117553711,8.76472282409668,140.8361358642578
2023-07-17,27.414810180664062,46.887020111083984,41.93013000488281,8.971757888793945,144.23080444335938
2023-07-18,28.627025604248047,47.631126403808594,42.61899948120117,9.02739143371582,144.49411010742188
2023-07-19,29.400983810424805,47.920501708984375,43.072200775146484,9.169670104980469,145.0489044189453
2023-07-20,29.550182342529297,47.994911193847656,42.97249221801758,9.229866027832031,146.8355712890625
2023-07-21,29.820594787597656,47.96184158325195,42.64619445800781,9.301005363464355,145.70712280273438
2023-07-24,30.445356369018555,48.259483337402344,43.1990966796875,9.370320320129395,148.5751953125
2023-07-25,29.97911834716797,48.44137954711914,42.68244934082031,9.492532730102539,147.46560668945312
2023-07-26,30.2215633392334,48.05278778076172,43.045005798339844,9.622044563293457,148.3495330810547
2023-07-27,29.792619705200195,49.48312759399414,43.39850616455078,9.301005363464355,146.7133026123047
2023-07-28,29.74599838256836,49.75596618652344,42.97249221801758,9.222569465637207,147.55023193359375
2023-07-31,29.83924674987793,49.623680114746094,43.1990966796875,9.19338321685791,148.53762817382812
2023-08-01,29.484907150268555,48.69768142700195,42.6643180847168,9.12954044342041,147.80413818359375
2023-08-02,29.083940505981445,47.631126403808594,41.97545623779297,8.919771194458008,146.13031005859375
2023-08-03,29.28908348083496,48.19334411621094,41.88480758666992,9.105828285217285,147.02365112304688
2023-08-04,29.18651580810547,49.0201301574707,41.912315368652344,9.173318862915039,146.7133026123047
2023-08-07,29.72734832763672,49.23508834838867,42.02234649658203,9.209800720214844,147.40916442871094
2023-08-08,29.158538818359375,47.75514221191406,41.408016204833984,8.855928421020508,146.58169555664062
2023-08-09,28.77622413635254,48.40830612182617,40.74782943725586,8.998207092285156,144.61636352539062
2023-08-10,28.85082244873047,49.85518264770508,40.65614318847656,9.131364822387695,144.40005493164062
2023-08-11,29.177186965942383,49.23508834838867,40.867034912109375,9.066610336303711,145.23699951171875
2023-08-14,28.841495513916016,49.34257507324219,40.43607711791992,9.098531723022461,145.53787231445312
2023-08-15,27.918346405029297,48.59846878051758,39.62002182006836,9.047457695007324,141.83290100097656
2023-08-16,27.312238693237305,48.35042953491211,39.097381591796875,8.99911880493164,141.2310791015625
2023-08-17,27.30291175842285,48.46617889404297,38.932334899902344,9.038335800170898,139.76414489746094
2023-08-18,27.144392013549805,48.135467529296875,38.73978805541992,9.00185489654541,140.08387756347656
2023-08-21,27.181686401367188,48.23468017578125,38.574737548828125,8.93527603149414,140.56346130371094
2023-08-22,26.519634246826172,48.40830612182617,37.611976623535156,8.958076477050781,137.64833068847656
2023-08-23,26.528959274291992,48.37523651123047,37.666996002197266,8.968110084533691,138.5792999267578
2023-08-24,26.687477111816406,48.317359924316406,37.666996002197266,9.052928924560547,138.44764709472656
2023-08-25,26.575578689575195,48.209877014160156,37.81370162963867,9.025568008422852,138.27838134765625
2023-08-28,26.818023681640625,49.19375228881836,37.88705062866211,9.240809440612793,138.7579803466797
2023-08-29,27.20033836364746,49.52446746826172,38.253822326660156,9.36667251586914,139.88638305664062
2023-08-30,27.07911491394043,49.50792694091797,37.932899475097656,9.293708801269531,139.32220458984375
2023-08-31,26.956886291503906,49.36737823486328,37.85954284667969,9.1678466796875,137.60133361816406
2023-09-01,27.248361587524414,49.268165588378906,38.13461685180664,9.197031021118164,138.0620880126953
2023-09-04,,49.14414596557617,,9.173318862915039,
2023-09-05,26.938081741333008,49.102806091308594,37.92372512817383,8.901530265808105,136.53872680664062
2023-09-06,26.693614959716797,48.44964599609375,37.932899475097656,8.729155540466309,136.31304931640625
2023-09-07,26.44915199279785,48.42483901977539,37.3460693359375,8.741010665893555,135.1470184326172
2023-09-08,26.665409088134766,48.30908966064453,37.21770477294922,8.803030014038086,135.2504425048828
2023-09-11,26.778234481811523,49.20201873779297,37.21770477294922,8.971757888793945,135.84286499023438
2023-09-12,27.23895835876465,49.499664306640625,38.217140197753906,8.970845222473145,137.61073303222656
2023-09-13,27.154340744018555,49.516197204589844,38.849815368652344,9.226217269897461,137.67654418945312
2023-09-14,27.455217361450195,50.68196487426758,39.55583572387695,9.39220905303955,140.34715270996094
2023-09-15,27.116727828979492,50.81425094604492,39.16156768798828,9.348430633544922,139.9333953857422
2023-09-18,27.041507720947266,49.69809341430664,39.097381591796875,9.169670104980469,140.22486877441406
2023-09-19,26.938081741333008,50.52487564086914,39.13405990600586,9.1678466796875,140.0462646484375
2023-09-20,26.84405517578125,51.3185920715332,38.78562545776367,9.257226943969727,139.453857421875
2023-09-21,26.373931884765625,50.971343994140625,38.244651794433594,9.204327583312988,138.36302185058594
2023-09-22,25.988431930541992,50.21896743774414,37.5202751159668,9.222569465637207,137.03712463378906
2023-09-25,25.950820922851562,49.95439147949219,37.611976623535156,9.160550117492676,137.71417236328125
2023-09-26,25.5465145111084,49.797306060791016,36.878440856933594,9.209800720214844,136.28485107421875
2023-09-27,25.640539169311523,49.69809341430664,37.09850311279297,9.43233871459961,137.0841522216797
2023-09-28,25.913209915161133,49.99573516845703,37.77701950073242,9.468820571899414,138.7861785888672
2023-09-29,25.74396324157715,49.96266555786133,37.71284103393555,9.530838012695312,136.36947631835938
2023-10-02,25.104597091674805,49.3508415222168,37.13518142700195,9.226217269897461,135.1940460205078
2023-10-03,24.36180305480957,48.61499786376953,36.548343658447266,9.057489395141602,134.19728088378906
2023-10-04,24.390010833740234,48.48271560668945,36.50251007080078,9.046544075012207,134.7991180419922
2023-10-05,24.502840042114258,48.945716857910156,36.56669235229492,9.073906898498535,135.36746215820312
2023-10-06,24.512243270874023,49.59061050415039,37.199363708496094,9.186086654663086,137.4515380859375
2023-10-09,24.737899780273438,48.80516052246094,37.3552360534668,9.063873291015625,137.13890075683594
2023-10-10,25.396074295043945,49.466590881347656,37.997074127197266,9.321069717407227,137.9724884033203
2023-10-11,25.40547752380371,49.80557632446289,38.07959747314453,9.269994735717773,138.44615173339844
2023-10-12,25.292646408081055,49.14414596557617,38.07959747314453,9.220746040344238,138.12408447265625
2023-10-13,25.161012649536133,47.65593338012695,37.98790740966797,9.083938598632812,140.19863891601562
2023-10-16,25.377267837524414,47.81302261352539,37.54779052734375,9.240809440612793,140.05654907226562
2023-10-17,25.969627380371094,47.689002990722656,37.77701950073242,9.186086654663086,139.75341796875
2023-10-18,25.67814826965332,47.38309097290039,37.10767364501953,8.945307731628418,138.2188262939453
2023-10-19,25.349061965942383,46.887020111083984,36.73173522949219,8.891497611999512,137.63150024414062
2023-10-20,24.737899780273438,45.93621826171875,36.383304595947266,8.689935684204102,135.41482543945312
2023-10-23,24.042118072509766,46.40748596191406,35.658931732177734,8.768372535705566,133.567626953125
2023-10-24,23.948095321655273,46.22559356689453,35.69562530517578,8.665312767028809,133.72865295410156
2023-10-25,24.023311614990234,46.44882583618164,35.40220642089844,9.373968124389648,132.99925231933594
2023-10-26,24.559253692626953,45.241722106933594,36.07155990600586,9.466997146606445,133.34024047851562
2023-10-27,23.6660213470459,45.20037841796875,35.06293869018555,9.490710258483887,128.5375213623047
2023-10-30,24.15494728088379,44.41493225097656,35.69562530517578,9.492532730102539,130.1763458251953
2023-10-31,24.76610565185547,44.886199951171875,36.20909118652344,9.445107460021973,131.72987365722656
2023-11-01,24.822525024414062,44.97714614868164,36.30995178222656,9.541783332824707,131.6162109375
2023-11-02,25.969627380371094,45.93621826171875,37.91455841064453,9.678589820861816,133.96546936035156
2023-11-03,26.721824645996094,46.82914352416992,39.25205612182617,9.722368240356445,135.46217346191406
2023-11-06,26.6372013092041,46.96969985961914,39.047725677490234,9.691359519958496,136.4852752685547
2023-11-07,26.477357864379883,46.2586669921875,38.97341537475586,9.5983304977417,136.41897583007812
2023-11-08,26.223491668701172,46.38268280029297,38.843379974365234,9.609274864196777,137.09153747558594
2023-11-09,25.88500213623047,46.374412536621094,38.54616165161133,9.616570472717285,136.68418884277344
2023-11-10,26.026039123535156,45.97755813598633,39.084877014160156,9.572793960571289,138.71139526367188
2023-11-13,26.04484748840332,46.12637710571289,39.66074752807617,9.673117637634277,138.09567260742188
2023-11-14,27.47402000427246,46.30826950073242,41.20259094238281,9.780738830566406,140.6154327392578
2023-11-15,27.850122451782227,46.60591125488281,41.685577392578125,9.95949935913086,141.84690856933594
2023-11-16,27.77490234375,46.374412536621094,41.49053192138672,9.928489685058594,143.46676635742188
2023-11-17,28.188608169555664,46.9035530090332,42.13141632080078,10.18933391571045,144.76458740234375
2023-11-20,28.21681785583496,46.96143341064453,42.03852462768555,10.295129776000977,145.2097930908203
2023-11-21,27.887725830078125,46.680320739746094,41.880638122558594,10.205750465393066,144.90664672851562
2023-11-22,27.859521865844727,46.779537200927734,41.815608978271484,10.138258934020996,145.2476806640625
2023-11-23,,47.04410934448242,,10.136434555053711,
2023-11-24,27.953548431396484,47.15159225463867,42.01066589355469,10.125492095947266,145.4466094970703
2023-11-27,27.7937068939209,46.647247314453125,41.87134552001953,10.079888343811035,145.1150665283203
2023-11-28,27.7654972076416,46.696861267089844,41.6670036315918,10.114546775817871,145.4466094970703
2023-11-29,28.498889923095703,47.06064224243164,42.49365234375,10.280538558959961,146.18551635742188
2023-11-30,28.89694595336914,47.76340866088867,42.81874084472656,10.420992851257324,147.8527374267578
2023-12-01,29.342388153076172,47.78821563720703,43.868316650390625,10.50672435760498,148.57266235351562
2023-12-04,29.20970344543457,48.3421630859375,43.99834442138672,10.51584529876709,149.6620330810547
2023-12-05,28.982242584228516,49.408714294433594,43.376033782958984,10.552326202392578,149.6431121826172
2023-12-06,28.934856414794922,50.15282440185547,44.45347213745117,10.643529891967773,148.0706024169922
2023-12-07,29.058063507080078,50.52487564086914,45.047916412353516,10.548677444458008,148.5253143310547
2023-12-08,29.342388153076172,51.13669967651367,45.41015625,10.78398609161377,150.16412353515625
2023-12-11,29.23813247680664,50.5827522277832,44.72283172607422,10.855124473571777,150.7135467529297
2023-12-12,29.13388442993164,50.28511047363281,44.63923645019531,10.880661964416504,152.05870056152344
2023-12-13,30.3659610748291,49.86344528198242,45.828128814697266,10.793105125427246,152.57020568847656
2023-12-14,32.166690826416016,51.98828887939453,46.66407012939453,10.917143821716309,155.34579467773438
2023-12-15,31.844457626342773,52.16191101074219,46.28325271606445,11.035709381103516,156.52040100097656
2023-12-18,31.68333625793457,51.58316421508789,46.12535095214844,10.93355941772461,157.4676971435547
2023-12-19,31.759151458740234,51.500484466552734,47.30495834350586,10.982810020446777,159.5706787109375
2023-12-20,31.25684928894043,51.97174835205078,46.50617218017578,11.214468002319336,157.77085876464844
2023-12-21,31.465351104736328,51.98828887939453,46.99844741821289,11.203524589538574,158.67074584960938
2023-12-22,31.68333625793457,52.095767974853516,47.23994827270508,11.291081428527832,158.57603454589844
2023-12-26,32.09087371826172,,47.68577194213867,,159.51385498046875
2023-12-27,32.07191467285156,52.07923889160156,47.7972297668457,11.309320449829102,160.47059631347656
2023-12-28,32.10982131958008,51.63277053833008,47.85296630859375,11.227237701416016,161.32318115234375
2023-12-29,31.91079330444336,51.74851608276367,47.77865219116211,11.276488304138184,161.13368225097656
2024-01-02,32.1287841796875,52.3851432800293,49.2647705078125,11.384109497070312,163.0093231201172
2024-01-03,31.778114318847656,50.98787307739258,49.82206726074219,11.172514915466309,162.29888916015625
2024-01-04,32.03399658203125,52.013092041015625,49.94281768798828,11.418766975402832,163.37591552734375
2024-01-05,32.63108444213867,52.087501525878906,50.462955474853516,11.462544441223145,164.1956024169922
2024-01-08,32.37519454956055,52.203250885009766,50.165733337402344,11.593878746032715,163.95733642578125
2024-01-09,31.872886657714844,51.781593322753906,49.6734619140625,11.58293342590332,162.6610870361328
2024-01-10,31.844457626342773,51.616233825683594,49.24619674682617,11.628536224365234,163.0041961669922
2024-01-11,31.41796875,50.26856994628906,48.373104095458984,11.126912117004395,162.3179473876953
2024-01-12,31.08625030517578,50.29337692260742,48.87466812133789,10.990106582641602,161.1265411376953
2024-01-15,,50.533145904541016,,10.887957572937012,
2024-01-16,30.44178009033203,50.227230072021484,48.17805862426758,10.831411361694336,160.11622619628906
2024-01-17,30.138500213623047,49.80557632446289,47.70435333251953,10.787633895874023,159.25839233398438
2024-01-18,30.072158813476562,50.15282440185547,47.47214889526367,10.862421035766602,159.5729522705078
2024-01-19,30.536556243896484,50.11148452758789,47.85296630859375,10.773040771484375,162.3274688720703
2024-01-22,30.849315643310547,50.872127532958984,49.07900619506836,10.889781951904297,162.13682556152344
2024-01-23,31.057817459106445,50.57448196411133,49.506263732910156,10.93355941772461,161.0693359375
2024-01-24,31.25684928894043,51.25244903564453,49.46910858154297,11.094079971313477,162.50857543945312
2024-01-25,31.645427703857422,51.00440979003906,49.90565872192383,11.017467498779297,164.8341827392578
2024-01-26,31.68333625793457,51.71544647216797,49.849937438964844,11.017467498779297,164.2051239013672
2024-01-29,31.85392951965332,51.293792724609375,50.25861740112305,10.922615051269531,164.634033203125
2024-01-30,32.97228240966797,51.42607498168945,53.026512145996094,11.035709381103516,168.0081329345703
2024-01-31,32.23302459716797,51.71544647216797,52.17198944091797,10.975513458251953,166.1876220703125
2024-02-01,31.797060012817383,46.953163146972656,52.06982421875,11.300201416015625,165.587158203125
2024-02-02,31.72125244140625,46.349609375,52.079200744628906,11.697851181030273,166.54029846191406
2024-02-05,31.26632308959961,46.38268280029297,51.10399627685547,11.376811981201172,166.32107543945312
2024-02-06,31.313711166381836,45.53936004638672,50.96335220336914,11.207172393798828,166.89295959472656
2024-02-07,31.446395874023438,45.307857513427734,51.141510009765625,10.581512451171875,167.20748901367188
2024-02-08,31.3895320892334,45.0928955078125,50.90708541870117,10.592455863952637,166.60702514648438
2024-02-09,31.342144012451172,44.18342590332031,50.62577819824219,10.57968807220459,166.80715942382812
2024-02-12,31.863401412963867,44.786983489990234,50.560142517089844,10.82958698272705,167.55062866210938
2024-02-13,31.038860321044922,44.50587844848633,49.47241973876953,10.831411361694336,166.0923309326172
2024-02-14,31.39901351928711,44.58028793334961,50.61640167236328,10.880661964416504,167.7793731689453
2024-02-15,32.28989791870117,44.65469741821289,51.76976013183594,10.955449104309082,171.4394073486328
2024-02-16,32.3088493347168,44.96061325073242,51.43218994140625,10.928088188171387,170.6387481689453
2024-02-19,,45.283058166503906,,10.940855979919434,
2024-02-20,32.18564224243164,45.88660430908203,51.9666748046875,10.90255069732666,171.30592346191406
2024-02-21,31.93922996520996,46.21732711791992,51.88228225708008,10.939032554626465,172.42111206054688
2024-02-22,31.85392951965332,46.48189926147461,52.41676712036133,11.174339294433594,174.48941040039062
2024-02-23,32.147727966308594,46.6224479675293,52.44489288330078,11.300201416015625,175.3662872314453
2024-02-26,31.85392951965332,45.75432586669922,51.91041564941406,11.219941139221191,174.76580810546875
2024-02-27,32.488929748535156,45.96928405761719,52.23860549926758,11.29472827911377,174.8516082763672
2024-02-28,32.51736068725586,45.84526824951172,51.619728088378906,11.305672645568848,175.73802185058594
2024-02-29,32.94684600830078,45.78739547729492,52.032310485839844,11.274663925170898,177.3392333984375
2024-03-01,32.78459548950195,46.42401885986328,52.13545608520508,11.460719108581543,176.6053466796875
2024-03-04,33.54813766479492,47.35002136230469,52.64181137084961,11.488080978393555,177.93020629882812
2024-03-05,33.77720642089844,47.32521438598633,52.75433349609375,11.520915031433105,179.7125244140625
2024-03-06,33.80583572387695,47.35002136230469,53.72015380859375,11.457072257995605,180.6466064453125
2024-03-07,34.00626754760742,48.27602005004883,54.123355865478516,11.593878746032715,179.06442260742188
2024-03-08,33.977630615234375,48.72248840332031,53.92644119262695,11.677785873413086,179.39801025390625
2024-03-11,34.25441360473633,48.82170104980469,53.832672119140625,11.865666389465332,179.46473693847656
2024-03-12,34.321224212646484,49.36737823486328,53.87017822265625,12.418364524841309,180.9420623779297
2024-03-13,34.43574905395508,50.39259338378906,54.160858154296875,12.389179229736328,182.409912109375
2024-03-14,34.06352615356445,49.8138427734375,53.532615661621094,12.349048614501953,179.15975952148438
2024-03-15,33.79629135131836,50.60755157470703,54.02021789550781,12.429308891296387,181.3805389404297
2024-03-18,34.36894607543945,50.73157501220703,54.97665786743164,12.318039894104004,183.6299285888672
2024-03-19,34.38803482055664,51.260719299316406,55.192317962646484,12.527809143066406,184.7069549560547
2024-03-20,35.075218200683594,51.20284652709961,56.38318634033203,12.438429832458496,187.1278839111328
2024-03-21,35.80058288574219,51.78985595703125,57.5084114074707,12.757643699645996,189.72991943359375
2024-03-22,35.361549377441406,51.922149658203125,57.030189514160156,12.930932998657227,187.40432739257812
2024-03-25,35.18021011352539,51.66584014892578,57.1520881652832,12.90174674987793,185.68869018554688
2024-03-26,35.39971923828125,53.17059326171875,57.81785202026367,12.978357315063477,186.55601501464844
2024-03-27,36.086917877197266,53.468231201171875,58.839927673339844,13.32675838470459,190.1683807373047
2024-03-28,36.19190216064453,54.452110290527344,59.29939651489258,13.299396514892578,190.91183471679688
2024-04-01,35.81012725830078,,59.50569152832031,,189.61558532714844
2024-04-02,35.60015869140625,54.088321685791016,58.924320220947266,13.286628723144531,189.53933715820312
2024-04-03,35.7337760925293,55.00605773925781,57.845970153808594,13.563888549804688,189.0055694580078
2024-04-04,35.23747634887695,55.52693176269531,57.11457824707031,13.6550931930542,187.56753540039062
2024-04-05,35.418819427490234,55.0225944519043,57.76158142089844,13.4635648727417,189.29315185546875
2024-04-08,35.79104995727539,55.386375427246094,57.88348388671875,13.583953857421875,190.28060913085938
2024-04-09,36.010562896728516,55.09700393676758,57.81785202026367,13.319461822509766,189.00555419921875
2024-04-10,34.97978210449219,55.17141342163086,56.43007278442383,13.640501022338867,187.3949737548828
2024-04-11,34.69345474243164,54.16273498535156,56.927040100097656,13.303045272827148,187.3566131591797
2024-04-12,34.15896987915039,54.03871536254883,55.96122360229492,13.48727798461914,175.23876953125
2024-04-15,34.31167984008789,54.3776969909668,54.911014556884766,13.416138648986816,175.3346710205078
2024-04-16,33.09955596923828,52.77373504638672,53.46697235107422,13.168063163757324,173.3309783935547
2024-04-17,33.624488830566406,53.03831100463867,54.54531478881836,13.228257179260254,172.64071655273438
2024-04-18,34.13988494873047,54.121395111083984,54.68596649169922,13.498222351074219,173.76239013671875
2024-04-19,35.28519821166992,54.09659194946289,55.454872131347656,13.638677597045898,178.1244354248047
2024-04-22,36.010562896728516,55.08047103881836,57.1520881652832,13.826558113098145,181.58531188964844
2024-04-23,36.621395111083984,56.26277542114258,58.764915466308594,14.04179859161377,184.20252990722656
2024-04-24,36.57367706298828,55.99820327758789,58.57737350463867,14.045446395874023,185.10369873046875
2024-04-25,36.18235778808594,56.519073486328125,57.93974685668945,15.194621086120605,185.3817138671875
2024-04-26,36.10600662231445,55.402915954589844,58.75553894042969,15.077878952026367,185.49676513671875
2024-04-29,35.83876037597656,55.989933013916016,58.380455017089844,13.775483131408691,185.29544067382812
2024-04-30,35.323368072509766,55.89898681640625,57.5084114074707,13.689750671386719,183.81906127929688
2024-05-01,35.26611328125,,57.527156829833984,,183.93409729003906
2024-05-02,35.19929885864258,55.76669692993164,57.705326080322266,13.717113494873047,183.7423553466797
2024-05-03,35.55243682861328,55.923789978027344,58.18769836425781,13.915937423706055,182.63987731933594
2024-05-06,35.972381591796875,56.411590576171875,59.40782165527344,14.233327865600586,184.0683135986328
2024-05-07,36.11555099487305,57.54428482055664,58.64170455932617,14.632802963256836,183.82862854003906
2024-05-08,35.9914665222168,57.825401306152344,59.35107421875,14.592673301696777,187.56753540039062
2024-05-09,36.535499572753906,58.379337310791016,59.890201568603516,14.50146770477295,189.34112548828125
2024-05-10,36.69775390625,58.86714553833008,60.08882141113281,14.481404304504395,190.5586395263672
2024-05-13,36.468685150146484,59.222660064697266,59.96586227416992,14.412088394165039,190.52029418945312
2024-05-14,36.73592758178711,59.1317138671875,60.145572662353516,14.620034217834473,193.1854248046875
2024-05-15,37.136783599853516,59.321876525878906,60.76036071777344,14.643747329711914,193.7606658935547
2024-05-16,37.43265914916992,59.20613098144531,60.6657829284668,14.46133804321289,194.10577392578125
2024-05-17,37.499473571777344,59.784873962402344,60.59958267211914,14.67723560333252,196.32992553710938
2024-05-20,37.0508918762207,60.27268600463867,59.738868713378906,14.72416877746582,187.5004425048828
2024-05-21,37.84306335449219,60.30797576904297,61.23328399658203,14.59838581085205,191.27764892578125
2024-05-22,37.94804763793945,59.5843505859375,60.36311721801758,14.551451683044434,190.1176300048828
2024-05-23,37.38493347167969,59.204891204833984,59.606449127197266,14.592752456665039,188.78506469726562
2024-05-24,37.890785217285156,59.310791015625,60.1361198425293,14.759839057922363,192.41848754882812
2024-05-27,,59.17841720581055,,14.746697425842285,
2024-05-28,37.528106689453125,59.82262420654297,59.067325592041016,14.705395698547363,191.25848388671875
2024-05-29,36.955440521240234,59.06370162963867,58.65115737915039,14.395630836486816,189.9259033203125
2024-05-30,36.86954879760742,59.82262420654297,58.57549285888672,14.483866691589355,191.0955047607422
2024-05-31,38.16757583618164,59.74319839477539,58.934913635253906,14.292374610900879,194.2591552734375
2024-06-03,38.06258010864258,60.06088638305664,58.56603240966797,14.420036315917969,193.482666015625
2024-06-04,37.87169647216797,58.9754524230957,57.72423553466797,14.104639053344727,190.93251037597656
2024-06-05,38.13893127441406,58.44597244262695,58.424156188964844,14.089619636535645,189.1110076904297
2024-06-06,37.890785217285156,58.993099212646484,58.5849494934082,14.328044891357422,188.77548217773438
2024-06-07,38.19805908203125,58.56951904296875,58.433616638183594,14.35808277130127,191.6898956298828
2024-06-10,38.09243392944336,55.78091049194336,58.10257339477539,14.343064308166504,191.3639373779297
2024-06-11,37.31465148925781,53.61003875732422,55.93661880493164,13.888741493225098,186.33084106445312
2024-06-12,37.8427734375,54.55427932739258,56.75948715209961,14.042686462402344,183.6177215576172
2024-06-13,37.698734283447266,52.948184967041016,56.96757125854492,13.635297775268555,185.6597442626953
2024-06-14,37.67953109741211,51.54505920410156,56.11632537841797,13.53016471862793,185.77476501464844
2024-06-17,37.93879318237305,52.18925857543945,56.806785583496094,13.747940063476562,186.92520141601562
2024-06-18,38.39970779418945,52.471649169921875,57.48778533935547,13.764835357666016,188.86175537109375
2024-06-19,,51.80979537963867,,13.808015823364258,
2024-06-20,38.39970779418945,53.045257568359375,57.336448669433594,13.838052749633789,190.46278381347656
2024-06-21,37.91958999633789,52.35693359375,56.74057388305664,13.573344230651855,188.190673828125
2024-06-24,38.42851257324219,54.06892013549805,58.01744842529297,13.931921005249023,190.66407775878906
2024-06-25,37.81396484375,53.44236755371094,58.244449615478516,13.768590927124023,189.88755798339844
2024-06-26,37.449073791503906,53.168800354003906,57.93232727050781,13.768590927124023,189.27398681640625
2024-06-27,37.68913269042969,52.96583557128906,58.2160758972168,13.87747859954834,190.94210815429688
2024-06-28,38.18846130371094,52.533424377441406,60.02261734008789,13.993873596191406,193.90447998046875
2024-07-01,38.41891098022461,54.421905517578125,59.99424362182617,14.46133804321289,196.96267700195312
2024-07-02,39.30232620239258,54.03362274169922,61.176536560058594,14.2867431640625,200.2030487060547
2024-07-03,39.273521423339844,55.35732650756836,60.96844482421875,14.778613090515137,200.06881713867188
2024-07-04,,56.40746307373047,,14.896886825561523,
2024-07-05,38.803009033203125,56.17802429199219,60.561744689941406,14.70351791381836,197.4178009033203
2024-07-08,39.0046501159668,55.189659118652344,61.23328399658203,14.52329158782959,197.78414916992188
2024-07-09,39.7728385925293,53.892425537109375,62.94524383544922,14.453828811645508,200.15560913085938
2024-07-10,40.08011245727539,54.377784729003906,63.35194396972656,14.483866691589355,200.31947326660156
2024-07-11,40.1473388671875,54.73077392578125,62.150753021240234,14.376855850219727,199.9820556640625
2024-07-12,39.93607711791992,55.101409912109375,61.02519607543945,14.365592002868652,197.56243896484375
2024-07-15,40.22414779663086,55.366153717041016,61.61160659790039,14.318658828735352,202.4884796142578
2024-07-16,42.37507629394531,55.21613311767578,63.626243591308594,14.183487892150879,205.92994689941406
2024-07-17,42.23103713989258,55.622066497802734,63.94782257080078,14.290497779846191,209.06295776367188
2024-07-18,41.29961395263672,56.1692008972168,61.375160217285156,14.356205940246582,202.4209747314453
2024-07-19,41.19398498535156,55.63971710205078,61.61160659790039,14.089619636535645,202.22817993164062
2024-07-22,40.61784744262695,56.94576644897461,61.006282806396484,14.521413803100586,202.710205078125
2024-07-23,40.723472595214844,57.086971282958984,61.15761947631836,14.720414161682129,202.75839233398438
2024-07-24,40.51221466064453,56.54866409301758,60.21178436279297,13.496373176574707,201.08103942871094
2024-07-25,40.02250289916992,56.97224426269531,60.883331298828125,13.537673950195312,201.15814208984375
2024-07-26,40.01289367675781,56.883995056152344,61.64944839477539,13.533920288085938,204.59963989257812
2024-07-29,39.45595932006836,56.39863967895508,60.81712341308594,13.44192886352539,203.2596893310547
2024-07-30,39.63840866088867,56.689849853515625,62.30207443237305,13.717902183532715,207.44345092773438
2024-07-31,38.70698547363281,56.00152587890625,61.365699768066406,13.550816535949707,205.13949584960938
2024-08-01,37.92919158935547,54.23658752441406,59.85236740112305,13.135919570922852,200.47372436523438
2024-08-02,36.085548400878906,52.64813995361328,55.57719421386719,12.366199493408203,191.97120666503906
2024-08-05,35.192527770996094,51.71272659301758,53.6768798828125,12.048925399780273,187.88385009765625
2024-08-06,35.4517936706543,51.033226013183594,54.0111083984375,12.050802230834961,193.12802124023438
2024-08-07,35.816680908203125,52.471649169921875,53.58138656616211,12.23853874206543,193.18585205078125
2024-08-08,36.69049072265625,52.43634796142578,55.386207580566406,12.28735065460205,196.71409606933594
2024-08-09,36.757713317871094,52.28633117675781,55.233421325683594,12.476963996887207,198.3914794921875
2024-08-12,36.65208053588867,52.28633117675781,55.233421325683594,12.491982460021973,198.76744079589844
2024-08-13,36.9305534362793,52.30398178100586,55.529449462890625,12.484474182128906,200.45443725585938
2024-08-14,37.266639709472656,52.72756576538086,56.608524322509766,12.559568405151367,202.671630859375
2024-08-15,37.477882385253906,53.36294174194336,57.79265213012695,12.963201522827148,203.9344940185547
2024-08-16,37.77555847167969,53.936546325683594,58.63298797607422,13.179099082946777,206.26734924316406
2024-08-19,38.09243392944336,54.14834213256836,59.23459243774414,13.280475616455078,207.69406127929688
2024-08-20,37.15140151977539,53.7512321472168,58.54704284667969,13.064579010009766,206.79757690429688
2024-08-21,37.20901870727539,53.989498138427734,57.80219650268555,13.14906120300293,206.8746795654297
2024-08-22,37.67953109741211,53.90125274658203,57.69715118408203,13.678476333618164,208.8316192626953
2024-08-23,38.18846130371094,54.2012939453125,59.33964157104492,13.798627853393555,210.4511260986328
2024-08-26,38.33249282836914,54.22776794433594,59.00541687011719,13.710392951965332,211.28016662597656
2024-08-27,38.09243392944336,54.70429992675781,58.90037536621094,13.796751022338867,212.25376892089844
2024-08-28,38.361305236816406,54.60722732543945,58.80487823486328,13.779855728149414,213.32383728027344
2024-08-29,38.572547912597656,54.81019592285156,59.09136199951172,13.766714096069336,214.2107391357422
2024-08-30,39.12948226928711,55.22495651245117,59.817108154296875,13.843685150146484,216.70750427246094
2024-09-02,,55.092586517333984,,13.849316596984863,
2024-09-03,39.08147048950195,54.43073272705078,58.69028091430664,13.625910758972168,212.36947631835938
2024-09-04,38.88942337036133,54.642520904541016,58.21281433105469,13.592118263244629,211.4344024658203
2024-09-05,38.54374313354492,56.1338996887207,57.89768600463867,14.031421661376953,209.7956085205078
2024-09-06,37.46126937866211,54.87196731567383,56.42708969116211,13.768590927124023,204.81173706054688
2024-09-09,38.14748001098633,55.21613311767578,56.856807708740234,14.108393669128418,209.005126953125
2024-09-10,37.96385192871094,54.87196731567383,55.33846664428711,13.415645599365234,198.1601104736328
2024-09-11,37.69322967529297,55.25143051147461,54.71775817871094,13.173466682434082,199.76998901367188
2024-09-12,37.480594635009766,56.01035690307617,54.74641036987305,13.40438175201416,199.1626739501953
2024-09-13,37.35496139526367,55.92210388183594,55.07108688354492,13.731043815612793,196.9647674560547
2024-09-16,37.789878845214844,55.85150909423828,55.758636474609375,13.702882766723633,200.37733459472656
2024-09-17,38.22480010986328,56.87517166137695,56.61807632446289,14.080233573913574,201.71728515625
2024-09-18,38.292449951171875,56.61043930053711,57.20058822631836,14.022034645080566,200.0592041015625
2024-09-19,39.50056838989258,57.51055145263672,60.17998504638672,14.288620948791504,202.9029998779297
2024-09-20,38.92067337036133,57.16638946533203,59.33964157104492,14.237932205200195,203.49102783203125
2024-09-23,38.53407669067383,55.07493591308594,59.75981521606445,14.262337684631348,203.8284149169922
2024-09-24,38.12814712524414,55.436744689941406,58.60434341430664,14.326168060302734,203.9730224609375
2024-09-25,37.93485641479492,54.986690521240234,57.65895462036133,14.284866333007812,202.62344360351562
2024-09-26,38.1958122253418,55.8073844909668,58.929019927978516,14.542064666748047,202.22817993164062
2024-09-27,38.079833984375,55.86033630371094,59.08180618286133,14.600262641906738,202.9222869873047
2024-09-30,38.35044479370117,54.316009521484375,59.778907775878906,14.547697067260742,203.26931762695312
2024-10-01,37.905860900878906,53.95419692993164,59.024513244628906,14.405016899108887,199.5868377685547
2024-10-02,37.915523529052734,53.79535675048828,59.23459243774414,14.463215827941895,199.82781982421875
2024-10-03,37.93485641479492,53.02760696411133,58.54704284667969,14.418158531188965,197.84197998046875
2024-10-04,38.76603698730469,53.70710754394531,59.817108154296875,14.808650016784668,204.86412048339844
2024-10-07,38.621063232421875,54.54545593261719,59.778907775878906,14.98699951171875,204.5828399658203
2024-10-08,38.59206771850586,54.6248779296875,60.390071868896484,14.842443466186523,204.4082489013672
2024-10-09,38.84335708618164,54.801368713378906,61.230411529541016,15.022669792175293,206.9979248046875
2024-10-10,38.630733489990234,54.642520904541016,60.6192512512207,15.109028816223145,206.43536376953125
2024-10-11,40.54438400268555,54.85431671142578,62.777408599853516,15.26109504699707,215.6009979248047
2024-10-14,40.50572204589844,55.524993896484375,63.03523635864258,15.334312438964844,214.8153839111328
2024-10-15,40.72801971435547,56.22214889526367,59.817108154296875,14.94006633758545,215.697998046875
2024-10-16,41.36590576171875,56.901649475097656,61.35455322265625,15.095887184143066,216.91038513183594
2024-10-17,41.172603607177734,57.89883804321289,61.08717346191406,15.163472175598145,217.6669158935547
2024-10-18,40.9019889831543,58.481266021728516,60.01763916015625,15.214160919189453,218.5883026123047
2024-10-21,40.360748291015625,58.06651306152344,59.043609619140625,15.127801895141602,216.28964233398438
2024-10-22,40.88265609741211,57.97825622558594,60.69565200805664,15.313661575317383,217.3759307861328
2024-10-23,40.92131805419922,57.56350326538086,60.256378173828125,15.184123992919922,216.68731689453125
2024-10-24,41.22093200683594,57.65174865722656,60.160888671875,14.819914817810059,218.21006774902344
2024-10-25,40.48639678955078,57.65174865722656,58.97676086425781,14.71478271484375,215.6204071044922
2024-10-28,41.19194030761719,58.260650634765625,61.26861572265625,14.87811279296875,218.7144317626953
2024-10-29,41.104949951171875,58.19005584716797,61.774723052978516,14.761716842651367,216.19264221191406
2024-10-30,40.89232635498047,57.80176544189453,61.593284606933594,14.549574851989746,217.65721130371094
2024-10-31,40.418739318847656,55.374977111816406,61.27816390991211,14.665970802307129,215.24212646484375
2024-11-01,40.360748291015625,55.63089370727539,60.838890075683594,14.846198081970215,216.23147583007812
2024-11-04,39.94516372680664,55.480873107910156,60.06816864013672,14.799263954162598,213.1665496826172
2024-11-05,40.47673034667969,55.366153717041016,61.3398551940918,14.94006633758545,214.8250732421875
2024-11-06,43.888450622558594,53.892425537109375,66.50369262695312,15.174736976623535,239.6256561279297
2024-11-07,43.2698974609375,52.10983657836914,65.61735534667969,15.005773544311523,229.26702880859375
2024-11-08,43.617835998535156,52.73638916015625,66.11833190917969,14.570225715637207,229.84898376464844
2024-11-11,44.53600311279297,53.77770233154297,67.24552154541016,15.148453712463379,232.08944702148438
2024-11-12,44.32337188720703,52.40105438232422,66.49406433105469,14.844320297241211,232.35133361816406
2024-11-13,44.33303451538086,52.171607971191406,66.36882019042969,14.624669075012207,233.9031982421875
2024-11-14,44.36203384399414,52.48047637939453,65.6559066772461,14.932557106018066,234.59182739257812
2024-11-15,45.18355178833008,53.045257568359375,66.24357604980469,15.075236320495605,237.9282989501953
2024-11-18,45.15455627441406,53.318817138671875,66.47479248046875,15.191632270812988,237.65672302246094
2024-11-19,44.854942321777344,52.33927917480469,66.08943176269531,14.921292304992676,235.77511596679688
2024-11-20,44.51667404174805,51.615657806396484,65.78114318847656,14.923169136047363,233.5346221923828
2024-11-21,44.90326690673828,51.37738800048828,66.42662811279297,15.028302192687988,237.3948516845703
2024-11-22,45.42517852783203,50.23017883300781,67.28404998779297,14.59838581085205,241.07081604003906
2024-11-25,45.908416748046875,50.28312683105469,68.16075134277344,14.744820594787598,242.75845336914062
2024-11-26,46.15004348754883,49.68304443359375,67.19734191894531,14.59838581085205,242.4480743408203
2024-11-27,46.169376373291016,49.091793060302734,67.59233856201172,14.50639533996582,242.2734832763672
2024-11-28,,49.54185104370117,,14.50639533996582,
2024-11-29,45.91808319091797,49.98308563232422,68.27635955810547,15.088376998901367,242.2056121826172
2024-12-02,45.463836669921875,49.3653564453125,68.77732849121094,15.279869079589844,238.84002685546875
2024-12-03,45.25120544433594,49.224159240722656,68.80622863769531,15.704153060913086,237.45306396484375
2024-12-04,44.816287994384766,49.85953903198242,68.88330078125,15.662851333618164,236.0757598876953
2024-12-05,45.42517852783203,51.15677261352539,69.58659362792969,15.925681114196777,238.09320068359375
2024-12-06,45.43489074707031,51.686248779296875,69.509521484375,15.820549964904785,239.91664123535156
2024-12-09,44.61852264404297,53.001136779785156,69.2301254272461,15.81491756439209,236.4734344482422
2024-12-10,44.4630241394043,52.68344497680664,69.8467025756836,15.81491756439209,235.5520477294922
2024-12-11,44.78374099731445,52.58637237548828,69.32646942138672,15.96323013305664,236.20187377929688
2024-12-12,44.78374099731445,51.9951171875,68.81587219238281,15.912541389465332,234.26205444335938
2024-12-13,44.38527297973633,52.01276397705078,68.41123962402344,16.017671585083008,232.7198944091797
2024-12-16,44.19090270996094,51.90686798095703,68.87367248535156,16.09652328491211,232.3707275390625
2024-12-17,43.78271484375,51.40386199951172,68.51720428466797,15.76047420501709,231.18743896484375
2024-12-18,42.27631378173828,51.739200592041016,65.62700653076172,15.874993324279785,223.43788146972656
2024-12-19,42.159690856933594,51.01557540893555,65.916015625,15.570860862731934,225.949951171875
2024-12-20,42.927467346191406,50.724361419677734,66.65785217285156,15.253586769104004,230.45033264160156
2024-12-23,42.65534591674805,50.68906021118164,67.21660614013672,15.308030128479004,231.21653747558594
2024-12-24,43.13156509399414,50.77730941772461,68.40159606933594,,235.0186004638672
2024-12-26,43.29677963256836,,68.7387924194336,,235.82362365722656
2024-12-27,43.09268569946289,51.6597785949707,68.40159606933594,15.518294334411621,233.91290283203125
2024-12-30,42.67478561401367,51.82744598388672,67.81391906738281,15.619671821594238,232.11856079101562
2024-12-31,42.713653564453125,52.25986099243164,67.81391906738281,,232.49684143066406
2025-01-02,43.04409408569336,52.28633117675781,67.38040161132812,15.77737045288086,232.778076171875
2025-01-03,43.549468994140625,51.615657806396484,68.40159606933594,15.927559852600098,235.95941162109375
2025-01-06,44.12287139892578,52.97465515136719,70.07791900634766,15.980127334594727,234.80899047851562
2025-01-07,44.78374099731445,53.30117416381836,70.9835205078125,15.833690643310547,237.07080078125
2025-01-08,44.91008377075195,53.07173156738281,70.57888793945312,15.790513038635254,237.0318145751953
2025-01-09,,52.90406036376953,,16.08525848388672,
2025-01-10,43.841026306152344,52.374576568603516,68.78697204589844,16.047710418701172,233.8535614013672
2025-01-13,43.79243087768555,52.6304931640625,70.10682678222656,15.983880996704102,238.084716796875
2025-01-14,44.49217987060547,53.662986755371094,70.81010437011719,16.51892852783203,241.26292419433594
2025-01-15,45.77504348754883,54.78372573852539,75.40553283691406,17.06148910522461,246.0205535888672
2025-01-16,45.32798767089844,54.8984375,75.63676452636719,17.084016799926758,247.89239501953125
2025-01-17,45.2210807800293,54.9249153137207,77.06259155273438,17.380640029907227,252.65975952148438
2025-01-20,,55.55146789550781,,17.652856826782227,
2025-01-21,45.3474235534668,55.692665100097656,78.68110656738281,17.652856826782227,256.43267822265625
2025-01-22,44.501895904541016,54.986690521240234,78.70038604736328,17.61906623840332,256.2474365234375
2025-01-23,45.08502197265625,55.930931091308594,78.97976684570312,17.881895065307617,259.2794494628906
2025-01-24,45.21136474609375,56.1338996887207,78.4980697631836,17.881895065307617,258.197265625
2025-01-27,45.76532745361328,56.681034088134766,78.10306549072266,17.793659210205078,259.1819152832031
2025-01-28,45.52235794067383,56.98989486694336,77.0144271850586,18.06963348388672,260.4395751953125
2025-01-29,45.43489074707031,57.06931686401367,77.67916107177734,18.32682991027832,259.8935852050781
2025-01-30,45.40573501586914,57.94296646118164,78.86415100097656,17.73733901977539,261.5022888183594
2025-01-31,44.99755096435547,57.99591064453125,78.44989776611328,17.778642654418945,260.5955810546875
2025-02-03,44.91008377075195,56.76045608520508,77.22760009765625,17.21918487548828,260.11785888671875
2025-02-04,45.39601516723633,59.16959762573242,76.13141632080078,17.1027889251709,261.21954345703125
2025-02-05,45.784767150878906,58.59598922729492,77.08208465576172,16.965742111206055,263.64703369140625
2025-02-06,46.39704895019531,60.237388610839844,79.86620330810547,17.536460876464844,269.9548034667969
2025-02-07,46.06660842895508,61.28752136230469,79.27446746826172,17.45197868347168,268.88238525390625
2025-02-10,45.35714340209961,61.322818756103516,78.3140869140625,17.45197868347168,264.2417907714844
2025-02-11,45.47377014160156,61.887603759765625,78.68270874023438,17.63971710205078,268.0926818847656
2025-02-12,44.91008377075195,62.60240936279297,78.8379135131836,18.043350219726562,268.5411682128906
2025-02-13,45.026710510253906,61.86112594604492,79.64308166503906,17.987028121948242,269.38934326171875
2025-02-14,45.638980865478516,61.728755950927734,82.07796478271484,18.06587791442871,269.6525573730469
2025-02-17,,61.62286376953125,,18.484529495239258,
2025-02-18,45.2210807800293,62.73477554321289,82.09737396240234,18.7454833984375,272.92828369140625
2025-02-19,44.71570587158203,62.03762435913086,81.42802429199219,18.291162490844727,272.2458190917969
2025-02-20,44.02568054199219,62.540626525878906,78.90583038330078,18.182273864746094,260.10809326171875
2025-02-21,43.549468994140625,62.76124954223633,77.26641082763672,18.43759536743164,257.6123352050781
2025-02-24,43.20930862426758,62.7259521484375,76.18962097167969,18.510812759399414,254.7850799560547
2025-02-25,42.70393753051758,63.634891510009766,75.80158996582031,18.87220573425293,250.94387817382812
2025-02-26,42.70393753051758,64.1731948852539,76.7037582397461,19.618457794189453,252.29901123046875
2025-02-27,42.87887191772461,64.07612609863281,76.5097427368164,19.24298667907715,252.55247497558594
2025-02-28,44.80317306518555,64.29674530029297,77.55741882324219,19.45418930053711,258.0120544433594
2025-03-03,44.27837371826172,65.3204116821289,74.8606185913086,19.66539192199707,254.08311462402344
2025-03-04,41.46966552734375,63.264259338378906,70.18486022949219,18.171010971069336,243.9732208251953
2025-03-05,41.1003532409668,65.88519287109375,70.77659606933594,20.416337966918945,245.22109985351562
2025-03-06,40.293701171875,68.10018920898438,68.46782684326172,21.087495803833008,240.35626220703125
2025-03-07,40.48930358886719,67.5707015991211,68.35142517089844,20.740182876586914,236.20310974121094
2025-03-10,38.95384216308594,65.69104766845703,65.39269256591797,19.9704647064209,226.3954620361328
2025-03-11,38.73868179321289,64.3849868774414,65.47999572753906,19.72171401977539,223.3927001953125
2025-03-12,39.032081604003906,65.0291976928711,65.91653442382812,20.200441360473633,222.1837921142578
2025-03-13,38.797359466552734,64.90564727783203,65.21807861328125,20.00331687927246,219.54177856445312
2025-03-14,39.99052429199219,66.82060241699219,66.72169494628906,20.70263671875,226.60992431640625
2025-03-17,40.52842330932617,68.75321960449219,67.84698486328125,20.594688415527344,228.06256103515625
2025-03-18,40.73380661010742,70.78289794921875,68.11860656738281,21.472354888916016,229.07647705078125
2025-03-19,41.28148651123047,71.35650634765625,69.30209350585938,21.322166442871094,233.1126251220703
2025-03-20,41.54555130004883,69.75923156738281,69.67072296142578,20.890371322631836,233.01513671875
2025-03-21,41.535770416259766,70.3504867553711,69.82593536376953,20.91383934020996,235.56944274902344
2025-03-24,42.1225700378418,70.09457397460938,71.82428741455078,20.91383934020996,241.83815002441406
2025-03-25,42.32794952392578,71.99188232421875,72.24142456054688,21.922922134399414,244.83114624023438
2025-03-26,41.87807083129883,70.95056915283203,71.0482177734375,21.688251495361328,244.73365783691406
2025-03-27,41.62378692626953,70.30636596679688,69.69982147216797,21.444194793701172,241.89662170410156
2025-03-28,40.34260940551758,69.31800079345703,68.2253189086914,20.824663162231445,236.7588348388672
2025-03-31,40.812049865722656,67.8707504272461,68.86555480957031,20.482044219970703,239.1473846435547
2025-04-01,40.577327728271484,69.26505279541016,68.42903137207031,20.885679244995117,237.5485076904297
2025-04-02,40.929405212402344,68.61202239990234,69.6125259399414,21.003015518188477,239.65435791015625
2025-04-03,36.4012565612793,65.03801727294922,61.16317367553711,19.552751541137695,222.95399475097656
2025-04-04,33.633506774902344,60.59919738769531,56.390403747558594,17.64159393310547,206.26849365234375
2025-04-07,34.79732894897461,58.33124542236328,57.0888557434082,16.963865280151367,210.34913635253906
2025-04-08,34.259429931640625,58.410675048828125,57.011253356933594,17.654735565185547,212.73277282714844
2025-04-09,36.332794189453125,56.28392028808594,62.230255126953125,16.849346160888672,229.86949157714844
2025-04-10,35.0613899230957,59.32844161987305,59.746864318847656,18.05461311340332,222.7774200439453
2025-04-11,35.1591911315918,57.89883804321289,59.79536437988281,18.1221981048584,231.69400024414062
2025-04-14,35.86334991455078,60.449180603027344,61.328086853027344,19.0693302154541,230.2422332763672
2025-04-15,37.15431594848633,62.28471755981445,62.40487289428711,19.562137603759766,228.6825714111328
2025-04-16,36.50883483886719,63.16719055175781,60.241600036621094,19.538671493530273,225.22972106933594
2025-04-17,36.587074279785156,62.42591094970703,61.35718536376953,19.40725326538086,227.534912109375
2025-04-21,36.107852935791016,,60.81394577026367,,224.62156677246094
2025-04-22,37.477054595947266,63.202484130859375,62.618282318115234,19.717018127441406,231.09564208984375
2025-04-23,37.8975944519043,65.14391326904297,64.31591796875,20.604074478149414,236.2847442626953
2025-04-24,38.70934295654297,63.74079132080078,66.12025451660156,20.71671485900879,239.97299194335938
2025-04-25,38.816917419433594,64.25261688232422,66.3821792602539,21.110963821411133,238.90380859375
2025-04-28,38.90494155883789,65.39100646972656,66.23666381835938,21.04056167602539,238.58009338378906
2025-04-29,39.11032485961914,66.00873565673828,66.81869506835938,22.101272583007812,239.95338439941406
2025-04-30,39.00274658203125,65.55867004394531,66.33366394042969,21.5709171295166,239.95338439941406
2025-05-01,39.286354064941406,,66.10084533691406,,242.18006896972656
2025-05-02,40.166561126708984,67.38538360595703,68.47752380371094,22.063724517822266,247.69285583496094
2025-05-05,40.21546173095703,67.38538360595703,68.68287658691406,22.48613166809082,247.74192810058594
2025-05-06,39.94162368774414,67.06769561767578,67.92994689941406,22.251462936401367,244.49505615234375
2025-05-07,40.02964401245117,67.08534240722656,68.69265747070312,22.134126663208008,244.63238525390625
2025-05-08,40.68490219116211,67.95016479492188,70.05184173583984,22.260848999023438,248.63455200195312
2025-05-09,40.870723724365234,68.39141082763672,69.86604309082031,22.683256149291992,248.2519989013672
2025-05-12,42.40618896484375,69.75923156738281,73.24935913085938,23.166677474975586,255.08901977539062
2025-05-13,43.30595397949219,69.78570556640625,73.89471435546875,23.21360969543457,257.9925537109375
2025-05-14,43.75584030151367,70.5269775390625,73.62091827392578,23.21360969543457,260.5723876953125
2025-05-15,43.40375518798828,70.24459075927734,74.27606964111328,23.631322860717773,262.3870544433594
2025-05-16,43.706932067871094,70.05926513671875,74.04139709472656,23.41542625427246,262.45574951171875
2025-05-19,43.78517532348633,72.45405578613281,74.44229125976562,23.72519302368164,259.8268737792969
2025-05-20,43.706932067871094,72.91423034667969,74.21739959716797,23.673564910888672,260.61163330078125
2025-05-21,42.29861068725586,73.19597625732422,71.7923812866211,23.9363956451416,256.0601806640625
2025-05-22,42.35729217529297,72.78275299072266,71.7923812866211,23.589082717895508,255.69723510742188
2025-05-23,42.24971389770508,71.22379302978516,71.46969604492188,23.236936569213867,255.73643493652344
2025-05-26,,72.5197982788086,,23.67591667175293,
2025-05-27,43.24727249145508,72.7076187133789,73.79693603515625,23.926759719848633,260.22906494140625
2025-05-28,43.09079360961914,71.91875457763672,73.36668395996094,23.45401382446289,258.4634094238281
2025-05-29,43.2668342590332,72.15353393554688,73.85559844970703,23.550493240356445,259.3266296386719
2025-05-30,43.15925216674805,72.44466400146484,73.65025329589844,23.502254486083984,258.96368408203125
2025-06-02,43.1103515625,72.04084014892578,74.11962890625,23.343063354492188,259.6110534667969
2025-06-03,43.667816162109375,72.5197982788086,74.83343505859375,23.584260940551758,261.19036865234375
2025-06-04,43.38418960571289,71.97510528564453,74.7063217163086,23.19352149963379,259.1794738769531
2025-06-05,43.40375518798828,72.78275299072266,74.97032928466797,23.66144371032715,256.9527893066406
2025-06-06,44.239952087402344,73.38379669189453,76.52509307861328,23.83028221130371,260.6606750488281
2025-06-09,44.14157485961914,73.71249389648438,76.43707275390625,23.83028221130371,261.6513671875
2025-06-10,44.358001708984375,71.64640045166016,76.30018615722656,23.540843963623047,263.4759216308594
2025-06-11,44.003849029541016,71.5806655883789,76.64241790771484,23.83028221130371,263.03448486328125
2025-06-12,43.895633697509766,71.82484436035156,76.4957504272461,23.536022186279297,263.1227722167969
2025-06-13,43.37424087524414,70.6978759765625,74.66720581054688,23.039154052734375,259.8955383300781
2025-06-16,43.68904495239258,72.78275299072266,76.33929443359375,23.58908462524414,265.20233154296875
2025-06-17,43.511966705322266,71.34588623046875,75.64503479003906,23.09221839904785,264.37835693359375
2025-06-18,44.328495025634766,71.90936279296875,76.61309051513672,23.265880584716797,268.7336730957031
2025-06-19,,70.09683227539062,,22.961971282958984,
2025-06-20,44.7613525390625,69.77753448486328,76.71086883544922,23.15010643005371,269.7538146972656
2025-06-23,45.548362731933594,68.63179779052734,77.60070037841797,23.024682998657227,272.96142578125
2025-06-24,45.90251922607422,70.79178619384766,79.34122467041016,24.25478744506836,275.8944091796875
2025-06-25,46.08943176269531,70.63214111328125,80.7981948852539,24.303028106689453,278.6409912109375
2025-06-26,46.68952941894531,70.68848419189453,82.4996337890625,24.640705108642578,283.24151611328125
2025-06-27,46.35505294799805,72.21927642822266,82.50940704345703,25.08450698852539,281.6327819824219
2025-06-30,46.55180740356445,71.6745834350586,83.2330093383789,24.283733367919922,284.37939453125
2025-07-01,47.36832809448242,70.62274169921875,84.35750579833984,23.40577507019043,284.8698425292969
2025-07-02,47.91923904418945,71.96570587158203,84.83665466308594,23.762744903564453,286.4295349121094
2025-07-03,48.13566589355469,71.91875457763672,86.75320434570312,23.989471435546875,291.75201416015625
2025-07-04,,70.32222747802734,,23.61802864074707,
2025-07-07,47.87004852294922,71.31771087646484,85.65802001953125,23.955703735351562,287.77984619140625
2025-07-08,46.38456726074219,71.75910186767578,83.67303466796875,24.105247497558594,278.72174072265625
2025-07-09,46.07959747314453,74.06936645507812,83.8881607055664,24.92049217224121,279.0963134765625
2025-07-10,46.20748519897461,73.16780090332031,85.14955139160156,24.819190979003906,284.0540771484375
2025-07-11,45.97138214111328,71.93753814697266,84.80731964111328,24.491161346435547,282.7431640625
2025-07-14,46.30586242675781,72.01266479492188,85.56024169921875,24.606935501098633,284.5567932128906
2025-07-15,45.40079879760742,71.59005737304688,88.7088623046875,24.4766902923584,282.4376525878906
2025-07-16,45.282745361328125,71.44918823242188,88.02437591552734,24.4766902923584,281.7181396484375
2025-07-17,46.256675720214844,72.45405578613281,91.02632141113281,25.041091918945312,285.73956298828125
2025-07-18,46.55180740356445,73.10205078125,91.37834167480469,24.944612503051758,287.08990478515625
2025-07-21,46.709205627441406,73.00814056396484,90.59607696533203,25.214754104614258,286.794189453125
2025-07-22,46.99449920654297,72.38832092285156,91.9161376953125,24.988027572631836,287.24761962890625
2025-07-23,47.358489990234375,73.7031021118164,93.86203002929688,25.480070114135742,292.5011291503906
2025-07-24,47.60443115234375,73.99423217773438,93.27533721923828,27.80521011352539,292.29412841796875
2025-07-25,47.66345977783203,74.06936645507812,93.94026184082031,27.361408233642578,294.3344421386719
2025-07-28,47.44702911376953,72.67005920410156,93.43179321289062,27.071971893310547,293.9992980957031
2025-07-29,47.171573638916016,73.7031021118164,92.38550567626953,27.568838119506836,292.777099609375
2025-07-30,47.18141555786133,74.25719451904297,93.68602752685547,28.07535171508789,295.3299255371094
2025-07-31,46.50261688232422,75.18692779541016,91.62279510498047,27.964401245117188,291.9885559082031
2025-08-01,44.91875457763672,71.87179565429688,89.79426574707031,27.10573959350586,285.2171630859375
2025-08-04,45.10566711425781,73.72188568115234,90.63087463378906,28.0078182220459,290.0369873046875
2025-08-05,44.82038116455078,73.60918426513672,90.0796890258789,27.9981689453125,287.1884460449219
2025-08-06,44.682647705078125,74.47319793701172,90.77851867675781,28.731409072875977,287.1687316894531
2025-08-07,44.190765380859375,74.66101837158203,89.79425811767578,28.731409072875977,282.8220520019531
2025-08-08,45.263065338134766,76.5392837524414,91.27064514160156,29.956689834594727,284.615966796875
2025-08-11,45.4106330871582,76.58624267578125,90.85724639892578,30.05316925048828,285.4044494628906
2025-08-12,46.728885650634766,76.77406311035156,94.2332763671875,29.903627395629883,288.6472473144531
2025-08-13,46.473106384277344,77.89163970947266,93.1604232788086,29.826444625854492,286.36053466796875
2025-08-14,46.93547058105469,78.83076477050781,93.95767211914062,29.826444625854492,289.9384460449219
2025-08-15,46.17797088623047,78.6053695678711,92.21554565429688,30.144824981689453,286.3210754394531
2025-08-18,47.14206314086914,77.28119659423828,92.73719787597656,30.308839797973633,287.3461608886719
2025-08-19,47.29946517944336,77.8165054321289,92.2647476196289,30.419790267944336,286.4886779785156
2025-08-20,47.56507873535156,78.2391128540039,91.70372772216797,30.17376708984375,288.04595947265625
2025-08-21,47.476539611816406,77.68502807617188,91.13285064697266,30.448732376098633,287.2870178222656
2025-08-22,48.676734924316406,78.30484771728516,93.76083374023438,30.583803176879883,291.9885559082031
2025-08-25,48.676734924316406,75.53441619873047,93.50492095947266,30.689929962158203,290.6678161621094
2025-08-26,49.43423843383789,72.34135437011719,94.21359252929688,30.299190521240234,294.2851257324219
2025-08-27,49.56212615966797,71.87179565429688,95.34549713134766,29.28133773803711,294.9849548339844
2025-08-28,49.67034149169922,72.21927642822266,95.29627227783203,29.16073989868164,296.749267578125
2025-08-29,49.916282653808594,72.15353393554688,95.05022430419922,28.972606658935547,297.0942687988281
2025-09-01,,72.36014556884766,,29.14626693725586,
2025-09-02,49.60147476196289,71.31771087646484,93.28837585449219,28.64940071105957,295.39892578125
2025-09-03,49.24732208251953,71.552490234375,93.5344467163086,28.750703811645508,295.211669921875
2025-09-04,49.7982292175293,72.83909606933594,95.55219268798828,29.194507598876953,299.4598083496094
2025-09-05,49.2343635559082,71.8624038696289,93.89863586425781,28.818241119384766,290.1552734375
2025-09-08,48.92770004272461,72.03144836425781,94.3612289428711,28.972606658935547,288.70635986328125
2025-09-09,49.74877166748047,73.13024139404297,95.80809020996094,29.459823608398438,293.57550048828125
2025-09-10,49.590492248535156,73.40258026123047,95.6407699584961,29.720317840576172,296.22686767578125
2025-09-11,50.203819274902344,74.57649993896484,97.26480865478516,30.332958221435547,301.1748352050781
2025-09-12,50.03565216064453,74.47319793701172,97.87504577636719,30.44390869140625,302.5054626464844
2025-09-15,50.04553985595703,75.44050598144531,98.21953582763672,30.79123306274414,304.46685791015625
2025-09-16,50.11478805541992,74.35110473632812,99.05615997314453,29.729965209960938,304.7527160644531
2025-09-17,50.846824645996094,72.9424057006836,100.15853881835938,29.652782440185547,307.2760009765625
2025-09-18,51.5689697265625,73.61858367919922,100.79830932617188,29.377817153930664,308.7347717285156
2025-09-19,51.68767547607422,74.75492858886719,101.06405639648438,29.831268310546875,310.26251220703125
2025-09-22,51.36122512817383,73.89093017578125,101.86131286621094,29.831268310546875,307.9560852050781
2025-09-23,51.143592834472656,74.12571716308594,101.3790283203125,29.826444625854492,308.25177001953125
2025-09-24,51.143592834472656,73.45893096923828,100.0502700805664,29.652782440185547,308.92205810546875
2025-09-25,51.29197692871094,73.6561508178711,100.5030288696289,29.093204498291016,308.9516296386719
2025-09-26,51.64810562133789,75.30719757080078,101.79241180419922,29.474294662475586,311.52410888671875
2025-09-29,51.85584259033203,75.21977996826172,101.53651428222656,28.972606658935547,311.1594543457031
2025-09-30,51.0347785949707,75.10324096679688,99.90262603759766,28.972606658935547,310.9031677246094
2025-10-01,50.13457107543945,76.08415222167969,97.15653228759766,29.035316467285156,306.25091552734375
2025-10-02,49.93672561645508,75.29747772216797,95.80809020996094,28.987077713012695,303.1362609863281
2025-10-03,50.095001220703125,75.75394439697266,96.20179748535156,29.2089786529541,305.5806884765625
2025-10-06,49.847694396972656,73.32593536376953,96.50691986083984,28.81341552734375,306.2244567871094
2025-10-07,49.74877166748047,72.48098754882812,96.26085662841797,28.78447151184082,304.7486877441406
2025-10-08,49.303611755371094,73.0345687866211,95.17816925048828,29.41640853881836,301.1236877441406
2025-10-09,49.254150390625,73.36478424072266,94.41044616699219,29.353696823120117,302.6093444824219
2025-10-10,48.12642288208008,73.32593536376953,92.4517593383789,29.020845413208008,298.01373291015625
2025-10-13,48.33415985107422,73.26766967773438,94.58761596679688,29.426055908203125,305.0260314941406
2025-10-14,49.55092239379883,73.56874084472656,98.26875305175781,29.363344192504883,299.19232177734375
2025-10-15,51.71735382080078,74.61763763427734,98.2096939086914,29.020845413208008,302.767822265625
2025-10-16,49.897151947021484,75.73452758789062,94.7450942993164,29.426055908203125,295.6861572265625
2025-10-17,50.728111267089844,72.7334976196289,95.54234313964844,27.641197204589844,294.7155456542969
2025-10-20,51.47993469238281,67.1102294921875,97.73725891113281,27.9981689453125,299.4696350097656
2025-10-21,50.96553421020508,65.97392272949219,96.70377349853516,27.69908332824707,294.2500305175781
2025-10-22,50.550052642822266,66.40125274658203,94.78446197509766,27.568838119506836,291.2984924316406
2025-10-23,51.20294952392578,66.74117279052734,95.16831970214844,27.761795043945312,291.72442626953125
2025-10-24,52.00423049926758,66.50808715820312,97.2254409790039,27.97887420654297,297.5680236816406
2025-10-27,52.44939041137695,67.19763946533203,99.4006576538086,28.12359046936035,301.2425231933594
2025-10-28,52.301002502441406,64.81818389892578,99.79435729980469,28.562570571899414,302.4409484863281
2025-10-29,52.014129638671875,65.0124282836914,97.56008911132812,29.97598648071289,302.58953857421875
2025-10-30,52.45927810668945,64.55596160888672,98.64277648925781,30.038698196411133,306.48199462890625
2025-10-31,52.87476348876953,65.12896728515625,99.63687896728516,29.84091567993164,308.1459045410156
2025-11-03,52.983577728271484,64.09949493408203,100.6072006225586,30.304014205932617,306.3928527832031
2025-11-04,52.96379470825195,64.09949493408203,100.01313018798828,30.4294376373291,306.2937927246094
2025-11-05,51.88552474975586,64.08007049560547,100.68641662597656,30.4294376373291,308.7005615234375
2025-11-06,52.71648406982422,63.45849609375,99.85469818115234,30.217182159423828,310.4239501953125
2025-11-07,52.6274528503418,63.60417938232422,99.79529571533203,30.217182159423828,311.20635986328125
2025-11-10,52.84508514404297,65.0707015991211,100.4883804321289,30.217182159423828,313.8607482910156
2025-11-11,53.052825927734375,65.60486602783203,99.76559448242188,31.355634689331055,312.6028747558594
2025-11-12,53.52766036987305,67.29476165771484,101.85477447509766,32.17570114135742,317.34710693359375
2025-11-13,52.301002502441406,67.58611297607422,99.67647552490234,32.17570114135742,306.5216064453125
2025-11-14,52.043800354003906,66.84800720214844,99.31013488769531,30.747817993164062,300.7076721191406
2025-11-17,50.92596435546875,66.33326721191406,97.22096252441406,29.729965209960938,297.4986572265625
2025-11-18,51.0842399597168,64.7696304321289,97.34967803955078,28.456443786621094,296.5478515625
2025-11-19,51.46015167236328,65.13867950439453,98.84477233886719,28.823062896728516,300.3709411621094
2025-11-20,50.45112991333008,68.00373077392578,96.6664810180664,28.779647827148438,295.5277099609375
2025-11-21,51.005104064941406,68.44078063964844,97.72592163085938,28.350317001342773,295.171142578125
2025-11-24,51.371116638183594,68.39221954345703,98.7061538696289,28.490211486816406,295.1513366699219
2025-11-25,51.915199279785156,69.70333862304688,100.17154693603516,28.8278865814209,300.103515625
2025-11-26,52.41971206665039,70.25692749023438,101.48841857910156,29.551477432250977,304.6991882324219
2025-11-27,,71.27669525146484,,29.469472885131836,
2025-11-28,53.07261276245117,71.56806182861328,102.57756042480469,29.532184600830078,310.087158203125
2025-12-01,52.667022705078125,71.32525634765625,101.66664123535156,29.41640853881836,305.9669494628906
2025-12-02,52.617557525634766,72.91802978515625,102.1716079711914,30.029048919677734,304.9368896484375
2025-12-03,53.50787353515625,72.11193084716797,105.66677856445312,29.527359008789062,309.1462707519531
2025-12-04,53.577117919921875,73.51046752929688,106.7262191772461,29.893980026245117,313.0783386230469
2025-12-05,53.646728515625,73.21910095214844,107.80545043945312,30.01940155029297,312.0284729003906
2025-12-08,53.597007751464844,74.21944427490234,107.84505462646484,30.424612045288086,312.1968078613281
2025-12-09,53.23903274536133,75.30719757080078,108.35002899169922,30.9986629486084,297.6373596191406
2025-12-10,53.775997161865234,74.7924575805664,109.99363708496094,30.87806510925293,307.1455383300781
2025-12-11,54.253299713134766,76.40465545654297,110.6372299194336,31.461761474609375,314.3460693359375
2025-12-12,54.83003616333008,75.84135437011719,110.69664001464844,30.477676391601562,315.4751892089844
2025-12-15,55.01897048950195,76.80284881591797,111.68677520751953,30.964895248413086,316.9608154296875
2025-12-16,54.50189208984375,76.58918762207031,110.18177032470703,30.689929962158203,312.5335693359375
2025-12-17,54.24335479736328,77.77405548095703,110.35999298095703,30.689929962158203,311.9690246582031
2025-12-18,53.95498275756836,77.929443359375,111.71646881103516,30.689929962158203,310.0079345703125
2025-12-19,54.95930862426758,78.2790756225586,113.7264404296875,31.80426025390625,314.17767333984375
2025-12-22,55.565879821777344,77.93915557861328,116.92455291748047,31.794614791870117,320.0014953613281
2025-12-23,55.655372619628906,78.2887954711914,118.22163391113281,32.127464294433594,322.8143310546875
2025-12-24,55.93379592895508,78.20137786865234,120.36031341552734,,326.02337646484375
2025-12-26,55.854244232177734,,119.2315673828125,,324.7754211425781
2025-12-29,55.038856506347656,77.91002655029297,116.96416473388672,31.596830368041992,320.6551818847656
2025-12-30,54.9692497253418,78.76467895507812,116.05325317382812,31.944154739379883,320.328369140625
2025-12-31,54.69082260131836,78.46360778808594,115.53837585449219,,319.1398010253906
2026-01-02,55.6354866027832,79.56106567382812,117.5285415649414,32.37831115722656,322.36865234375
2026-01-05,56.57019805908203,79.51251220703125,122.08314514160156,32.6195068359375,330.8468322753906
2026-01-06,56.92817687988281,78.24994659423828,121.2910385131836,32.23359298706055,332.90625
2026-01-07,55.32722473144531,77.40499114990234,120.17218780517578,31.842853546142578,325.3250732421875
2026-01-08,55.864192962646484,80.1243667602539,119.4097900390625,32.0502815246582,328.11083984375
2026-01-09,55.53604507446289,84.68902587890625,120.1226806640625,31.89109230041504,327.5138854980469
2026-01-12,54.879756927490234,84.4753646850586,116.53840637207031,32.56161880493164,322.8377990722656
2026-01-13,54.2334098815918,84.39766693115234,115.15222930908203,32.50373077392578,309.3169860839844
2026-01-14,52.18498992919922,84.49478912353516,111.30062866210938,32.46514129638672,306.30242919921875
2026-01-15,52.29437255859375,84.86384582519531,116.30077362060547,32.52785110473633,307.68536376953125
2026-01-16,52.672237396240234,84.69873809814453,116.87505340576172,32.36865997314453,310.8789978027344
2026-01-19,,84.34910583496094,,31.54859161376953,
2026-01-20,51.807125091552734,83.93148803710938,111.68677520751953,31.26397705078125,301.19854736328125
2026-01-21,51.77729415893555,83.29049682617188,112.73631286621094,30.979366302490234,300.50213623046875
2026-01-22,52.15515899658203,85.80591583251953,114.51854705810547,32.22394561767578,302.0840148925781
2026-01-23,51.429264068603516,85.60195922851562,112.46896362304688,31.727075576782227,296.2041015625
2026-01-26,51.727577209472656,85.99044036865234,113.68682861328125,31.98756980895996,299.5072021484375
2026-01-27,51.876731872558594,87.55408477783203,113.65713500976562,32.349365234375,298.7809143066406
2026-01-28,51.51875686645508,87.78717041015625,113.07295227050781,31.707782745361328,299.2385559082031
2026-01-29,52.781620025634766,87.44725036621094,114.06307983398438,31.312219619750977,304.8598327636719
2026-01-30,52.900943756103516,88.57384490966797,114.56804656982422,32.127464294433594,304.33251953125
2026-02-02,53.72627639770508,89.71986389160156,115.68277740478516,32.257713317871094,306.5710754394531
2026-02-03,54.143917083740234,89.27310943603516,117.15580749511719,32.59056091308594,313.24688720703125
2026-02-04,55.06869125366211,88.3116226196289,116.87712860107422,30.834646224975586,315.654541015625
2026-02-05,54.631160736083984,89.33139038085938,115.19508361816406,29.619014739990234,308.5807800292969
2026-02-06,56.212223052978516,90.49683380126953,122.11236572265625,30.149648666381836,320.7584533691406
2026-02-09,56.092899322509766,91.67198944091797,123.18727111816406,30.646512985229492,320.4599914550781
2026-02-10,55.07863235473633,90.35115051269531,121.57490539550781,30.424612045288086,316.659423828125
2026-02-11,53.54728698730469,90.03064727783203,116.83731079101562,30.18824005126953,309.2374267578125
2026-02-12,52.22476577758789,88.9526138305664,110.62669372558594,29.739612579345703,301.09906005859375
2026-02-13,52.25459671020508,86.82568359375,110.33805847167969,28.55774688720703,301.0094909667969
2026-02-16,,88.22421264648438,,28.72658348083496,
2026-02-17,52.44353103637695,89.71015930175781,113.24430847167969,29.24757194519043,305.5661926269531
2026-02-18,53.06004333496094,91.53601837158203,115.72258758544922,29.908451080322266,307.2077941894531
2026-02-19,52.47336196899414,91.13782501220703,115.0059814453125,29.33922576904297,306.48150634765625
2026-02-20,52.7617301940918,92.00220489501953,115.453857421875,29.956689834594727,309.20758056640625
2026-02-23,50.78291702270508,93.0899429321289,110.22857666015625,29.594894409179688,296.1543884277344
2026-02-24,50.126625061035156,91.7593994140625,109.04417419433594,29.078731536865234,295.7862243652344
2026-02-25,51.39942932128906,93.59497833251953,113.80167388916016,29.52253532409668,301.75567626953125
2026-02-26,52.00600051879883,93.52699279785156,115.6429672241211,29.94704246520996,304.5712890625
2026-02-27,49.549888610839844,92.7500228881836,109.67121887207031,29.228275299072266,298.7709655761719
2026-03-02,49.53000259399414,89.42850494384766,110.92527770996094,28.220069885253906,296.044921875
2026-03-03,49.68910217285156,85.7670669555664,110.23853302001953,27.004436492919922,298.7311706542969
2026-03-04,50.017242431640625,86.74798583984375,110.79589080810547,27.60260581970215,297.8656311035156
2026-03-05,49.53000259399414,84.52392578125,108.43704986572266,26.932079315185547,292.0553283691406
2026-03-06,48.63999938964844,83.8635025024414,106.0284423828125,25.97693634033203,288.0060729980469
2026-03-09,47.900001525878906,82.87287902832031,106.0881576538086,25.615140914916992,288.44384765625
2026-03-10,48.560001373291016,85.8253402709961,108.45695495605469,26.49309730529785,287.2598876953125
2026-03-11,48.52000045776367,86.86453247070312,108.6759262084961,26.179542541503906,286.0560302734375
2026-03-12,47.130001068115234,83.329345703125,105.0032958984375,24.799894332885742,281.44964599609375
2026-03-13,46.720001220703125,82.44554901123047,105.1924057006836,24.592464447021484,281.996826171875
2026-03-16,47.060001373291016,82.43582916259766,106.8445816040039,24.988027572631836,284.7029724121094
2026-03-17,47.279998779296875,83.40703582763672,107.20288848876953,24.954259872436523,285.42926025390625
2026-03-18,46.83000183105469,84.7861557006836,108.15837097167969,24.877077102661133,286.27490234375
2026-03-19,47.0099983215332,82.05706024169922,109.33280944824219,24.264436721801758,286.5037536621094
2026-03-20,47.15999984741211,79.76502227783203,109.00436401367188,23.88817024230957,285.1009216308594
2026-03-23,47.52000045776367,80.94989013671875,111.11438751220703,24.22102165222168,288.4338684082031
2026-03-24,48.13999938964844,80.55169677734375,113.20449829101562,24.110071182250977,290.91119384765625
2026-03-25,48.75,81.88224792480469,113.9410171508789,24.88672637939453,293.91583251953125
2026-03-26,48.2400016784668,79.51251220703125,111.88076782226562,24.365737915039062,290.1749572753906
2026-03-27,46.970001220703125,78.7452621459961,106.87444305419922,24.03771209716797,281.3998718261719
2026-03-30,47.22999954223633,78.5898666381836,106.76496124267578,24.129365921020508,282.32513427734375
2026-03-31,48.75,78.65784454345703,112.87606048583984,24.230669021606445,292.6622314453125
2026-04-01,49.27000045776367,82.92143249511719,114.75715637207031,25.436655044555664,293.87603759765625
2026-04-02,49.380001068115234,80.90133666992188,114.70738983154297,24.770950317382812,293.1000061035156
2026-04-06,50.060001373291016,,116.80745697021484,,295.45001220703125
2026-04-07,50.279998779296875,81.30924224853516,116.57853698730469,24.727535247802734,297.3999938964844
2026-04-08,51.880001068115234,87.38897705078125,122.9085922241211,26.53169059753418,307.9700012207031
2026-04-09,52.709999084472656,86.9130859375,124.33186340332031,26.6378173828125,310.3299865722656
2026-04-10,52.540000915527344,87.72889709472656,123.80435943603516,26.734294891357422,309.8699951171875
2026-04-13,53.349998474121094,87.18502044677734,125.68545532226562,26.51721954345703,313.67999267578125
2026-04-14,53.349998474121094,88.48644256591797,128.9699249267578,27.53024673461914,311.1199951171875
2026-04-15,54.31999969482422,88.73895263671875,131.0699920654297,27.293874740600586,305.92999267578125
2026-04-16,53.5099983215332,87.83573150634766,128.73104858398438,27.067148208618164,309.95001220703125
2026-04-17,53.90999984741211,91.56515502929688,131.55767822265625,27.89204216003418,310.2900085449219
2026-04-20,53.95000076293945,89.93353271484375,132.423583984375,27.284225463867188,316.989990234375
2026-04-21,53.47999954223633,89.48677825927734,131.06002807617188,27.071971893310547,313.0
2026-04-22,53.119998931884766,88.12709045410156,129.1192169189453,26.85489273071289,313.0199890136719
2026-04-23,52.470001220703125,87.70947265625,127.90495300292969,26.266374588012695,311.69000244140625
2026-04-24,52.04999923706055,86.44691467285156,127.37745666503906,26.1071834564209,308.2799987792969
2026-04-27,52.630001068115234,87.56379699707031,128.53199768066406,26.160245895385742,311.6300048828125
2026-04-28,52.65999984741211,88.88462829589844,127.92486572265625,26.333908081054688,311.45001220703125
2026-04-29,52.880001068115234,87.90371704101562,127.00920104980469,25.85151481628418,309.25
2026-04-30,53.459999084472656,86.66057586669922,127.37745666503906,25.56690216064453,313.2300109863281
