Date,BAC,BNP.PA,C,DBK.DE,JPM
2022-01-04,0.03919459736995808,0.0334967558584504,0.007765431043293909,0.03031378280001434,0.03790983411391935
2022-01-05,-0.016878533673349464,0.0012648614096495978,-0.011637004843222904,0.013513352944471509,-0.018282161375598797
2022-01-06,0.020135508348942864,0.013579706811100191,0.03277628709355072,0.02531654874130447,0.010624214260232337
2022-01-07,0.02181601947406025,0.004829376553384261,0.013403242417417329,0.017777834243003242,0.009908064588064366
2022-01-10,-0.00508330875083851,-0.0077520551331719725,0.0038007274094086245,0.000646874419607419,0.0009571221293331883
2022-01-11,0.005722411858287915,0.005625009518903052,0.0163560832338826,-0.004848911904097437,0.001016185881095476
2022-01-12,-0.0071122936501909016,0.01507163322367162,0.0025330852838900304,-0.007308718081327643,0.0056718039472603175
2022-01-13,-0.002046814048056322,0.02495011266764832,0.007431582705238266,-0.001963347007399871,-0.0012467397543359196
2022-01-14,-0.017432296263417957,-0.009856581271759823,-0.012540626755047133,-0.020163918143775734,-0.061463565952922274
2022-01-19,0.0038911163126495066,-0.009241009960073515,-0.01623298445194265,-0.011906727613589949,-0.015469233181618183
2022-01-20,-0.014857856797435877,-0.01972483581469591,0.0034247201986760726,-0.009164998225048836,-0.008527313282996198
2022-01-21,-0.018142257556079094,-0.02604902384227915,-0.01846097544723755,-0.016957853061654635,-0.017472475419791893
2022-01-24,-0.00823694242488619,-0.03747599846064358,-0.009008896365514897,-0.06255432230736185,-0.0008960886545069988
2022-01-25,0.01975335993489332,0.032612359392100006,0.022487938378968602,0.02918210386998852,0.010900240293924402
2022-01-26,0.010345635735240048,0.03045442889857902,0.009982877233999493,0.031244234556726584,0.009485828312265259
2022-01-27,-0.009368286928468573,0.008600550076020234,-0.009266213008177671,0.04378293029465457,-0.017644384919432522
2022-01-28,0.008796908118058123,-0.026666836404911128,0.008417604831988598,-0.0006712629261125164,0.008946118555121962
2022-01-31,0.005886022102511575,0.003504367802513306,0.0066471684900032005,0.028710605655021405,0.013573708853081642
2022-02-01,0.017338893099438285,0.019365051202632256,0.022112770848567217,0.03117351630918754,0.017160146062987575
2022-02-02,-0.0010651773063762257,-0.0116785353953842,-0.00495762017041643,0.00031648253613241064,-0.008005382760985471
2022-02-03,-0.009810298068617381,0.00267845137418469,-0.01464618707719783,0.0490507001280097,-0.008269985884302557
2022-02-04,0.039844928892508256,0.010370949853112408,0.020540753626904558,0.023981791227237058,0.02595838143862082
2022-02-07,0.0047637524488396915,0.021617325035218325,0.004237218183719177,0.008837971975450809,0.0033427211830920588
2022-02-08,0.017934751110416175,0.004719100308098751,0.011452627718564014,0.04935010472055469,0.018815046658964347
2022-02-09,-0.0020254318556138006,0.010757568789132596,0.010726946324900528,0.0025045558124127507,0.004168149123647056
2022-02-10,-0.004667086076734807,-0.0022485884580453145,-0.005011841613202207,0.0036086876613227923,-0.004150847771147355
2022-02-11,-0.023037816968694166,-0.02493976468412165,-0.005184969651802316,-0.004425432874136667,-0.013017081176544756
2022-02-14,-0.010434115832936805,-0.048536305013142475,-0.010275729872609505,-0.034865880695591524,-0.009290536527103072
2022-02-15,0.007802956910930042,0.028825905971383847,0.008125323239055678,0.008779414744827432,0.014623996212795134
2022-02-16,-0.0023018344648479253,-0.012277670474629025,-0.0007462564566075532,-0.00955908737033543,0.0018098013352204577
2022-02-17,-0.033766870920832553,-0.011633511218788473,-0.03345791931258425,-0.013972977312842185,-0.023032238835321375
2022-02-18,-0.002387496190459861,-0.0016123905943397974,-0.008808524361613784,-0.009203720630401225,0.00468862660117424
2022-02-23,-0.01712038071225452,-0.01846066019455454,-0.010487018816886925,-0.024992440817298584,-0.02093896214079112
2022-02-24,-0.02635114500920901,-0.0748949333794494,-0.040334966758649136,-0.12536891270484826,-0.027843091855171215
2022-02-25,0.03256870890447687,0.030132532099300606,0.021592228990335794,0.05488451212749713,0.023659437586923526
2022-02-28,-0.018213902343930194,-0.07471363992230119,-0.044369348146822134,-0.052028929704168024,-0.04169766571424105
2022-03-01,-0.03914031984005307,-0.06808229963112378,-0.010805233643964178,-0.07566607206103264,-0.03772922210589248
2022-03-02,0.01624683590695734,0.021048305922715633,0.01655560569416501,-0.001921683250454122,0.020740213574592044
2022-03-03,-0.010710085075912385,0.01591108849271352,-0.032572186179151676,-0.027531706465880542,-0.00710782067276565
2022-03-04,-0.03624416373268068,-0.07023257653658384,-0.017875676818032864,-0.09443669695772076,-0.028129346692818854
2022-03-07,-0.06373622971224047,-0.040152394926544724,-0.018377974452980873,-0.027656328050880384,-0.03861602405343148
2022-03-08,0.006520662211972119,0.03233986361279449,-0.012241105578408025,0.025182615908785105,-0.0070428477698581205
2022-03-09,0.06348793310474769,0.09954022457267891,0.019682807949028023,0.07533725914142061,0.040062372158519356
2022-03-10,-0.009015681362168244,-0.040353853311613196,-0.019124145097103654,-0.0067306441415342245,-0.011840643632758083
2022-03-11,-0.008359686620344737,-0.006383703033007748,-0.01311956179727888,-0.015297735705995309,-0.022523693960370125
2022-03-14,0.021571908492427988,0.04038356193985101,0.0012925275841156171,0.07976222528221033,0.00993068205895222
2022-03-15,0.007281739386438625,0.0054891862325028035,0.01622716045748387,-0.002896786130348136,0.01774629298713857
2022-03-16,0.031325178998767855,0.05966058560396283,0.03066584225896294,0.07205109943439965,0.044685503976519325
2022-03-17,0.00537381068853227,-0.023919056509209616,0.008626854690220826,-0.015537375916927887,0.012644890652286155
2022-03-18,-0.0030211661367348756,0.0056551685296541854,0.0010472860893006063,0.011561756251383542,-0.00035706253801071503
2022-03-21,-0.0013987158964485246,-0.011996325229866761,-0.006451430319387324,0.004898318509022857,-0.0032119182503368236
2022-03-22,0.03127921053148209,0.016884788484366014,0.009125858555262809,0.056147300808256626,0.02126757722480821
2022-03-23,-0.024671778269006555,-0.025559533604631337,-0.02000005861275034,-0.009059756585185055,-0.019912902890324526
2022-03-24,-0.00046392129227090453,-0.021635162255602844,0.0012422944847035506,-0.004657691043599724,0.006510275805848862
2022-03-25,0.015323769633199603,-0.021526309640276492,0.005671733481265854,0.010225275954229944,0.008742564032875277
2022-03-28,-0.004116310910978301,0.021399787973840644,-0.01445188419704169,0.0003431271480913316,-0.007398682952694261
2022-03-29,-0.002525877678929194,0.06402986420016765,0.009835556486726661,0.026239183100487777,0.002200553238488195
2022-03-30,-0.010128803701003716,-0.023187327782064525,-0.02656281190627377,-0.02790778275441363,-0.004533189767163407
2022-03-31,-0.04139536483723856,-0.02166545939835922,-0.028561130267027796,-0.010658315053280203,-0.03002712293552221
2022-04-01,-0.007762969117810956,-0.00462164767324701,-0.020037293130583424,0.02710671175862468,-0.007408771176017023
2022-04-04,-0.0017115967707819148,-0.006771013323527519,0.008981316133769028,-0.0013534684774841304,0.0044342433354198855
2022-04-05,-0.016899582018288267,-0.04557851655817194,-0.023106104063009118,-0.0033880703091364334,-0.011637343702725188
2022-04-06,-0.010961410272379063,-0.03479598446996266,-0.020356568584270325,-0.031616509041266984,-0.013874414697466114
2022-04-07,-0.007808741613283547,-0.015540608048803764,-0.009895300465075786,0.0005265193605939596,-0.0030421325926029605
2022-04-08,0.007108413607700159,0.027598641588914986,0.016989885080129778,0.03894753864461807,0.018308041614963952
2022-04-11,-0.0020165184480862093,0.018810829771141714,-0.006485917661433477,0.006754399259134861,-0.003670592526853224
2022-04-12,-0.01060886056936784,-0.0007180310451975928,-0.00415414752425826,-0.0935927125128715,-0.01097744520306782
2022-04-13,-0.008935207044153709,0.004413838255693753,-0.0037743607741324414,0.008142066886510226,-0.03223362850351331
2022-04-14,-0.0321999530774804,0.011854977462040618,0.015553262398742242,0.007342062328600295,-0.009269217345008865
2022-04-20,0.002274423295648434,0.029852227628853156,0.003401473128136037,0.019632856051210745,0.0035081118083638394
2022-04-21,-0.018910374859283374,0.022838088429073432,-0.008851163476277627,0.0,-0.007751997668664752
2022-04-22,-0.03469567815701931,-0.012786228016735983,-0.02660086875421239,0.0,-0.028722291798253304
2022-04-25,-0.007188524645502193,-0.01701142249785894,-0.0019519494954924682,-0.07363185145600981,-0.0003153605345830407
2022-04-26,-0.02252629221561827,-0.008062790462667115,-0.017602163676800432,-0.026173968141334526,-0.029581186036435666
2022-04-27,-0.005486761843508383,-0.013778793208980587,-0.012542365399640683,0.0,-0.01300606575500773
2022-04-28,0.015448413805067727,-0.005729303609535819,0.008467782961116969,-0.04920947852220994,0.015812748401766986
2022-04-29,-0.03069831652096998,0.004953558182967725,-0.026257361236927172,0.0004159615087783348,-0.032268455192489026
2022-05-02,0.012892326884840375,-0.01810680641217892,0.010371266258109081,-0.015478903083352777,0.009132128777486955
2022-05-03,0.027393492490201406,0.0515315626669538,0.02853624153768187,0.04051895102208635,0.02141965809401868
2022-05-04,0.04012918594279923,-0.006040485435450067,0.042515093816767685,-0.00436058099187424,0.03308130827410456
2022-05-05,-0.0279645612894683,-0.00607719464116844,-0.017614442698415538,-0.03738050750325621,-0.025019772168558045
2022-05-06,-0.0023975261888869214,-0.0021697708272295684,0.006041686662762402,0.0,-0.0016137807391916953
2022-05-09,-0.028838554808590672,-0.014627380801543063,-0.03351431344898918,-0.05237521754783602,-0.015033962051973656
2022-05-10,-0.016772122590637848,0.021464396760898695,-0.02285007231046678,0.01619029896890019,-0.024372192719351086
2022-05-11,-0.005312886390931716,0.024155639273900336,-0.02235915648303262,0.0234039604353833,-0.0063083501440732905
2022-05-12,-0.01405696762020636,-0.014189819886836163,-0.023079856694651322,-0.019540508552546066,-0.0008465102425881404
2022-05-13,0.0028512717714514065,0.018867813707736377,0.023195806556558892,0.0,0.008895315846471461
2022-05-16,-0.010235754988622232,-0.0013363030755197832,-0.0037785414117027264,0.009526935502312808,-0.006969576264139539
2022-05-17,0.033898427523961085,0.02274896769603041,0.07564280276209862,0.03460260107786328,0.03314737712802209
2022-05-18,-0.030842247612596817,-0.002990648023907757,-0.03388825994168632,-0.0070247264173779675,-0.017105925940768922
2022-05-19,-0.012327922857047481,-0.0028122109305184473,0.009326735020657848,0.0022173927317202763,-0.014822243101096281
2022-05-20,-0.017126242892281648,0.009776179383166196,-0.0006025813654578388,0.00753339725968522,-0.008198766096334681
2022-05-23,0.05936245124035354,0.04156689719058164,0.060703666625405744,0.07007040463266102,0.06187149987891356
2022-05-24,-0.006133602439867826,-0.008442053376314733,-0.0017057310717459252,0.0065881663396717555,0.014125093061078692
2022-05-25,0.005329397802351005,0.003676317154386316,0.00037968975589206514,0.0,0.006964377316921526
2022-05-26,0.023158655142152783,0.01600179341270986,0.02637571554182369,0.032725018351347876,0.0172901274549262
2022-05-27,0.009544485746948154,0.016128875163143076,-0.008689262639229936,0.0,0.014137939760632885
2022-06-01,-0.01424738063532779,-0.005083815677530001,-0.019097618147733864,-0.008289914899279672,-0.017545076065991046
2022-06-02,0.006582737797023339,-0.0026494219328422677,0.0007634991603017301,0.0,0.01608794480620292
2022-06-03,-0.01389666682658272,-0.002656647321756356,-0.020980250395397283,0.0,-0.013939537860516233
2022-06-06,-0.0011051534076705171,0.013698547811764012,0.0013635656223438006,0.016329718705280518,-0.003303602382065047
2022-06-07,0.005532345576663392,-0.015578043618781505,0.013618796329995698,-0.011476585451306346,0.002620978329814162
2022-06-08,-0.012654594469308262,-0.007054236583508428,-0.013243816263943197,-0.018962706367678238,-0.015914590307545433
2022-06-09,-0.03845100103770208,-0.017089167743780092,-0.028010090018710677,-0.012426282845866683,-0.021015561415288098
2022-06-10,-0.03882928349839012,-0.05059576952728341,-0.04522712689495669,-0.05851796075442153,-0.0459659541642736
2022-06-13,-0.03466965825484131,-0.0397119861659768,-0.042339433247218596,-0.018880081402498746,-0.02977845682864883
2022-06-14,-0.017489067446367412,0.014248969594062256,0.0059097580512371805,0.0006486617427962257,-0.016639407781399437
2022-06-15,0.01875386390931553,0.02006971322278202,0.03524793592458192,0.02592930030641906,0.011836006560163924
2022-06-16,-0.006240268325441357,-0.01584337971930052,-0.01450185973435951,-0.016638690191760095,-0.017156295833013303
2022-06-17,0.002197884692654673,0.004629627706267961,-0.007890636050192511,0.006746588995204637,-0.0035264923064236165
2022-06-22,-0.007610387847786103,-0.006382499361750064,-0.015846611601470655,-0.0015447117053239247,-0.005611757760398825
2022-06-23,-0.015950992286199974,-0.046900437351351264,-0.01800832740188372,-0.1219310855620076,-0.010939578056783162
2022-06-24,0.007169685794845117,0.025567030775070974,0.032578098580432154,0.047814793164270286,0.029845740193846875
2022-06-27,0.0012379323220312157,-0.002712130991983455,-0.0006267551252868271,-0.0032513693853687166,-0.00801220828431423
2022-06-28,-0.002782147468169166,0.0021964809226727214,-0.0129628062761805,-0.003037241724120326,-0.004811812803485763
2022-06-29,-0.012399163176973272,-0.017324110098222736,-0.0023298363629077855,-0.03294588641930866,-0.004489793657258967
2022-06-30,-0.022912800297443622,-0.03642730191065068,-0.023566645468785063,-0.029518292857617347,-0.02333037037470932
2022-07-01,0.013813106864100574,-0.001212523820734908,0.019134266173825347,-0.03185841925192353,0.012787425635650955
2022-07-06,-0.008322533866073425,-0.010704881148367958,-0.009869105340174784,-0.009661267842145368,-0.006482058720158239
2022-07-07,0.02840541055051518,0.025670394511601406,0.016901623585709874,0.03837141602818783,0.025292737909991255
2022-07-08,-0.0021971286772081186,0.020426546899996012,-0.0023442036142486875,0.027182770163818083,-0.003138080120831403
2022-07-11,-0.010380577328077305,-0.03266604196651785,-0.013455718844568776,-0.040243988960592704,-0.01311642127297097
2022-07-12,-0.003178748911159788,-0.003638409156157989,-0.001298925908293113,0.0,0.000974586167905537
2022-07-13,-0.01658164222414937,-0.024763222161144103,-0.013656888946063905,-0.011689855490863732,-0.009382888487865164
2022-07-14,-0.023021842695747387,-0.03802939677632032,-0.02989047388258973,-0.013371038049050175,-0.034938914514717694
2022-07-15,0.07036164190832053,0.011434137555814041,0.13230639131987784,0.016288672930868272,0.045833326876378234
2022-07-18,0.0003099774429193282,0.021046299793937698,0.0018007737399150523,0.03487634810955865,-0.010269898790176316
2022-07-19,0.03378801273548673,0.034157726475194085,0.04114242163138495,0.044728136491356686,0.024778637979244678
2022-07-20,0.0002998793174746734,0.014236950324135316,0.00613854133337824,-0.003913676638324065,-0.00017472734097931023
2022-07-21,0.00869294837349126,0.0001123997048787236,0.0026690645344723484,0.007262722213244396,0.00680993159529612
2022-07-22,-0.006537716386599089,-0.01605672111269852,-0.012930042643601135,-0.023404215279791196,-0.00485598720531293
2022-07-25,0.008973844095296814,0.020769201308473536,0.0048158035878641476,0.010772099535840556,0.004008152079791737
2022-07-26,-0.02016000584032031,-0.009167283811042254,-0.014570452831265174,-0.01939874852745793,-0.015622022246289573
2022-07-27,0.01633881993229994,0.001128432603549729,0.018482554567838906,-0.01636347855691541,0.016046352604666837
2022-07-28,-0.008038202368495305,0.007550930819790236,-0.002292247610030652,0.03550587362731787,-0.0037312763580755986
2022-07-29,0.014705993629267134,0.02908279306905626,0.0034803485189106023,0.02217971756704803,0.004790457569457225
2022-08-01,-0.002957744632096799,-0.0030433795042204424,0.0003849826774544446,-0.01454372295051854,-0.00996866344845406
2022-08-02,-0.019875539090130852,0.011774814660478316,-0.022534543439923373,0.0009520448055845759,-0.015585346974914266
2022-08-03,0.018159926702508232,0.01853450531608688,0.016945995318686458,0.018311452488244395,0.01049535978402077
2022-08-04,-0.007134060554823354,0.02264074530020498,-0.0067815808810370495,0.007239690632646307,-0.011002642457946249
2022-08-05,0.016766147566053005,0.010552554394407618,0.007803248385770188,0.014954775368365324,0.03026000076413203
2022-08-08,-0.013839677003261013,-0.0068591720305528035,-0.003678071020189342,0.005025554024983158,-0.012180535374784036
2022-08-09,0.01283964986263532,0.0,0.012045909671975573,-0.008182606990571826,0.009007521001217508
2022-08-10,0.03390319843843793,0.015049992475410771,0.021117429267851463,0.01168791462837412,0.026087749908633585
2022-08-11,0.023952155359684327,0.006499401996073052,0.015228406900378261,0.003964104959905094,0.014781675797083092
2022-08-12,0.010860607036459188,0.017657247535810633,0.007037053999497262,0.022224690056007853,0.01656389357756015
2022-08-15,-0.0013777760851086391,-0.0069404298043876525,-0.005700411713275046,-0.013133116065129001,0.0027021115882463215
2022-08-16,0.01075886058759494,0.0009984335109410316,0.0020342350521384265,0.0024602888022367776,0.00955415449064053
2022-08-17,-0.006277331076315418,-0.013066127821273667,-0.007752120816698238,-0.01204825442665177,-0.008412210213471003
2022-08-18,-0.003570565054788173,-0.008994431837872581,-0.003906140727463531,0.001355040881880789,-0.007749420235512748
2022-08-19,-0.02205043736840234,-0.027941998057206707,-0.017553709225402777,-0.04194845044809623,-0.024745187073325337
2022-08-22,-0.021420649788983562,-0.02475868760854009,-0.025850561795060817,-0.012829696521699194,-0.01652191413209532
2022-08-23,-0.008928352605722601,0.0031196223705562184,-0.005853663666475339,-0.005961598625759115,-0.00985694780478386
2022-08-24,0.0031966897158778223,0.0007506193853728195,0.0011774214214945182,0.002638892035615915,0.002423899016981129
2022-08-25,0.017960402852819562,-0.0005358603319076163,0.020584477133149308,0.0005981696846958174,0.023747732615198972
2022-08-26,-0.031587905274071904,-0.01683287666593642,-0.043795722818779845,-0.023075159594535644,-0.03272864778266671
2022-08-29,-0.0038200989201442937,-0.001962789878574847,-0.008236241207574583,0.008689309865594122,-0.0024416470937663856
2022-08-30,0.00560464604890737,0.013767412844638317,-0.005873906455926774,0.018199439121709307,0.00017469437811105777
2022-08-31,-0.014080392435054037,0.0020479293560656435,-0.005501244687605994,-0.00822202456671719,-0.005943471956319405
2022-09-01,0.0023960417083416685,-0.01086372679977988,-0.0012293107578271163,-0.023188764774957675,0.006858137569793968
2022-09-02,-0.0011952507522702187,0.032622816714878496,0.0018461911552759367,0.05448957515466072,-0.006986154482161292
2022-09-07,0.015426581727035678,-0.0009665353819473706,0.008502696967503618,-0.019502340792289616,0.01899070844347851
2022-09-08,0.03217141140693763,0.019885985333877584,0.02611548670205373,0.055521589354779015,0.023295834016244008
2022-09-09,0.008369290689752947,0.026138280985194124,0.015430834964120932,0.0326011891470538,0.004806078286686538
2022-09-12,0.00944485116986078,0.03861958069538037,0.003947140992665429,0.031795765523109254,0.011831784929392625
2022-09-13,-0.036007841639874714,-0.005340121468362087,-0.03676030560962147,-0.020833167417232068,-0.03474877001200684
2022-09-14,-0.003823367411862845,-0.000795431036276366,-0.011632769135352165,-0.00044327126538875526,-0.0023195750652367005
2022-09-15,0.018895448353384053,0.0021891030246610982,0.00020641796532734613,0.02350319731219717,0.015070638324858464
2022-09-16,-0.011300776604803725,-0.020552005674060802,-0.0068126302800576525,-0.017655925051407204,-0.0067023086597548034
2022-09-19,0.01670549548200943,0.0006082697063275059,0.002702457064965214,0.002866847729063371,0.009224403618315722
2022-09-20,-0.014989878826307278,-0.018539298146070186,-0.020522530102320725,-0.012424362250407887,-0.019719054377734888
2022-09-21,-0.02985060677482553,-0.009805995308218117,-0.019470782465753927,-0.01814734951793249,-0.028835333670865007
2022-09-22,-0.019607829556551427,0.005316428708282853,-0.0161881341241428,0.024265663399684726,-0.011378954936699067
2022-09-23,-0.02369230972772652,-0.027270736956569133,-0.028960300799057096,-0.044392719908671455,-0.018613314363072463
2022-09-26,-0.022061160758219314,-0.014817231833378457,-0.028693898361942353,-0.016334584262673278,-0.02153193362167915
2022-09-27,-0.014824484807733327,-0.02380425471921801,-0.00930466507158893,-0.04275118064904411,-0.008802335420306227
2022-09-28,0.016356058126287147,-0.03901593736303196,0.01901842406642273,-0.03371057775438236,0.020217239926837226
2022-09-29,-0.013196027520549955,-0.018800442293697223,-0.023271707287566,-0.033104265256298115,-0.016945962292281506
2022-09-30,-0.015003316112603774,0.025155908896710603,-0.016985070953982447,0.006847578328748856,-0.015636798098958852
2022-10-03,0.029470358511149458,0.006306641379282244,0.021358176592246203,-0.0020924983658311943,0.030909298094265483
2022-10-04,0.04149226688121891,0.03634891821119416,0.04346791515283226,0.0576669846960417,0.046783454476787514
2022-10-05,-0.014206223857676302,-0.02990636495591749,-0.01283468652844822,-0.016852545128672666,-0.012346769199602701
2022-10-06,-0.01441107980826467,-0.010880810175978556,-0.01779206411163063,-0.008444634479178386,-0.020382340278941306
2022-10-07,-0.022568302599289537,-0.0004583166545055909,-0.020204504938907023,-0.005720074378871527,-0.019974031948419155
2022-10-10,-0.0029268251624151066,0.00389770416352976,-0.013984240300391974,0.018153944338556806,-0.009341518610920526
2022-10-11,-0.02902820540645492,-0.023295651743611888,-0.0276443254558908,-0.023355159817079304,-0.028859814436677355
2022-10-12,0.0030233141552942983,-0.009821028243664723,0.009641800311332228,0.0012857034220110205,0.016182750595796234
2022-10-13,0.061286009814049226,0.025859012424475605,0.051664994357286165,0.07344627913735509,0.055593067999258096
2022-10-14,0.000315563837688347,0.014272615928576135,0.006518957072114129,0.030023882611888576,0.0166409486943895
2022-10-17,0.0605676948107211,0.02995924460195128,0.008327920804821205,0.002206587284760127,0.042000166193423186
2022-10-18,0.037478016530588056,0.01740834741041819,0.012846785636296739,0.025839986057217313,0.025720727063538635
2022-10-19,-0.027523231147184187,-0.005522906995700011,-0.018346620588125553,0.0038405835355874852,-0.01960614077519648
2022-10-20,-0.0064857449973281175,0.010453928352221486,-0.009690745573651923,0.004726038544313329,-0.003261578186116328
2022-10-21,0.037092053560047564,-0.0003232888271317515,0.031220774544015797,-0.003695896762214564,0.05252720799087138
2022-10-24,0.003433371868113466,0.012613299416934192,0.003388969655022333,0.024842580264106504,0.0012271032668062052
2022-10-25,0.009124688200637198,0.00787809352784866,0.02049102592736064,0.016343129234626892,0.0026149372120936104
2022-10-26,0.00875943233197562,-0.002218185913049281,0.001985726553417435,0.011979345762778202,0.01149135713075749
2022-10-27,0.004761833487142044,0.00359947691851754,0.0006610118535141835,0.05108248338784771,0.0039481910194693
2022-10-28,0.008642334509169075,-0.0024262041291389083,0.015184812318111057,-0.0030438921694491347,0.01187800354059587
2022-10-31,-0.003869395247041877,0.00444106260679144,-0.005853235688324292,-0.016893964875017656,-0.0015863736196362202
2022-11-01,0.004439492498373139,0.0072639506988261,0.007849947773480302,0.007039367316177662,0.018033142033502574
2022-11-02,-0.0030386826025099864,0.0008361669816693215,-0.014495702878480388,0.006681822130742562,-0.0092079983612621
2022-11-03,-0.0055417064624863985,0.031432681399979075,-0.021295284122875253,-0.012662248665909185,0.001811460362619992
2022-11-04,0.025076820969280687,0.025210277193521778,0.024052466977313572,0.005895191729361917,0.027358487736410184
2022-11-07,0.005979788159431666,0.0011848902560591223,0.013294984966237943,0.004112659275517653,0.005280099192978096
2022-11-08,0.0027018055162492402,0.0,0.008528233719042214,0.010751637624023033,0.0006089343068790258
2022-11-09,-0.015898746229543015,-0.00848294565137064,-0.016478650971275974,-0.01803265459474366,-0.013008688611725109
2022-11-10,0.04408554288014847,0.0117389487659531,0.06746030956657781,0.02795838128970877,0.04115889793397781
2022-11-11,0.007343459630678963,0.017895822994422834,0.03655495666896795,0.025491847931762915,0.0016290225993345513
2022-11-14,-0.016922880287136628,0.00811430145034664,-0.02331118911052136,-0.00391484419002517,-0.010273472958718038
2022-11-15,-0.00158901783374847,0.005557782006194819,0.00020396711212195744,0.013558823070911809,-0.007243738198258785
2022-11-16,-0.009018433175130944,-0.007242307552659912,-0.013461187417891936,-0.01764264040395987,0.001354093099515611
2022-11-17,-0.00508581978688387,0.008062990968100883,-0.0024808519676306024,-0.0033550034604464263,-0.0043571571694310035
2022-11-18,0.0005381924595103392,0.015235384161621979,0.008497532613888692,0.011089011101514492,0.009808443705780856
2022-11-21,0.003226744283939129,-0.012943395258680428,0.004521092338152029,0.0005877673160151427,-0.005902415772197872
2022-11-22,0.004824213173024507,-0.0034207088230182284,0.009206215230343495,-0.0048934231969702926,0.014956577246620606
2022-11-23,0.0032009239541710894,0.005720813137766807,-0.022096012054856565,0.005704178234127133,0.010663548879676327
2022-11-28,-0.02228076976696623,-0.009938004082962677,-0.021950910261366755,-0.017709379313124614,-0.0174786743541196
2022-11-29,0.0037980104020296224,0.014583279779734632,0.007198895425197526,0.00039193419312795317,0.016449792915256476
2022-11-30,0.022972962910059822,-0.0026135024479876897,0.01765819419949032,-0.008619068384539148,0.011862809751312216
2022-12-01,-0.028700735906972835,-0.014972772997464355,-0.013013800275004322,-0.021438403112698397,-0.014039668859154458
2022-12-02,-0.012859068048002464,0.002280101579585054,-0.011301687780218702,0.012014212364704988,-0.007927217773331796
2022-12-05,-0.044623022500996166,-0.008151667955666393,-0.03386986850526989,0.012569653442158706,-0.02804081442047832
2022-12-06,-0.04264565780082976,0.0026758484069523383,-0.014460857990446855,-0.007684671650829958,0.0016745219928825713
2022-12-07,-0.007878942458201876,-0.008768556105700607,-0.00689194741264919,-0.010524223277665374,-0.0006839295157405896
2022-12-08,-0.0091630942935372,0.0,0.0004476592203323086,0.005619109847137208,0.010494537969812206
2022-12-09,-0.0018495410243014453,0.017115363697919325,0.0038040737605344894,0.011774334112063979,-0.0054186301057947694
2022-12-12,0.010809162544010638,-0.003970515777922107,0.020285290360509786,-0.012820661570576814,0.015511727931935917
2022-12-13,0.000610818628839617,0.01803340568880999,0.01791564458788751,0.023776161492693775,-0.0009687567302668191
2022-12-14,-0.014350861207547121,-0.0022375861089653083,-0.013092962904793467,-0.015807859240971243,-0.004996941399263597
2022-12-15,-0.015799310157111737,-0.03438607397623655,-0.029577942029592238,-0.03698210667845828,-0.024810649402500162
2022-12-16,-0.002203314625973756,0.016837724832938536,-0.006051037756152943,0.019767387461130027,-0.006226114490304014
2022-12-19,0.011356494259694452,-0.006471290780573559,-0.009470125782964585,0.003331663179248361,0.005955596110021552
2022-12-20,0.004054717947157852,0.014176135119984168,-0.0027317866706415973,0.05735556247754517,0.004843952651078661
2022-12-21,0.015222291981596504,0.020400470988787445,0.022825875026529628,0.01294267783380888,0.011247838363776318
2022-12-22,-0.008874040190797896,-0.0038874600018473865,-0.018299465216028866,-0.0007518149679322624,-0.011349599404307475
2022-12-23,0.0024700751491245243,-0.00018582648392444988,0.006137795306738858,0.006581453016042634,0.004745026929175184
2022-12-27,0.001847640178114814,0.003717495650246619,0.002937127701710922,0.000373629801422717,0.003504104073862147
2022-12-28,0.007378015266240602,-0.008148236093475078,0.005181424887004187,-0.00746960352689286,0.005465204368159405
2022-12-29,0.011290719791777287,0.006534838310761436,0.012102075512305886,0.006961468333695995,0.005737428641396559
2022-12-30,-0.0006037000595684956,-0.012242712699349421,0.001550092428019224,-0.010837086042764501,0.00660569577054798
2023-01-04,0.018800421026583296,0.04106413647605115,0.02577563177422187,0.05273567587409147,0.009325172730442298
2023-01-05,-0.0020501781543971545,0.005144905296127457,-0.00447193759654696,-0.01743876948264704,-0.00022148974782826625
2023-01-06,0.009979283728139558,0.008530979293804983,0.011978520626830356,0.008874185755119952,0.019135430474191
2023-01-09,-0.015112123784484387,-0.0015225654045586117,0.004861624436469794,0.010175848081971221,-0.004132293311472064
2023-01-10,0.006786981902504184,-0.011352067716863872,0.013672680839818107,-0.004951255906078448,0.00895396328968549
2023-01-11,0.007620313822348172,0.004284453615648993,0.010790394141837778,0.0036031816452291665,0.0074313761108422815
2023-01-12,0.002617550286559767,0.018430049479650074,0.007801490947290759,0.004958212685059888,-0.0010023939526162481
2023-01-13,0.02204817177294363,0.0030161296071522406,0.016907756529916475,-0.005614175545357182,0.02523444140145434
2023-01-18,-0.023175007183709392,0.0025214274040132774,-0.01749160384567952,0.004858442352785879,-0.030042555311496508
2023-01-19,-0.014531476249476363,-0.01240776763626126,-0.0012136517304577037,-0.02017343599838439,-0.013326412557229784
2023-01-20,0.018657896413088685,0.012733506128902188,0.03483876032383181,0.01939758281601732,0.0024487556425615946
2023-01-23,0.013884753383599418,0.009220407004553816,0.017420008384869727,-0.0055081933779709555,0.016212831322312427
2023-01-24,0.007284526311696945,0.009136085833754326,-0.010773213887022357,0.005035166819565882,0.008596298224924755
2023-01-25,0.008677734667166417,0.003950756459899931,0.009334963446541304,-0.005176854844378913,0.004839177163860167
2023-01-26,0.013478844132520346,0.012133124001459529,0.005587640215677134,0.018297623685235683,0.006181521504595543
2023-01-27,0.0031125055123279433,0.004859864343711635,-0.006323069559116498,0.0,0.0024290212099699385
2023-01-30,-0.0042311029855618,0.0012896907725883462,-0.002121101726799347,0.012034354587261948,-0.008480563048928347
2023-01-31,0.005099015116100797,0.012719302358217015,0.00908222884788946,-0.005701193230478074,0.005965794235191973
2023-02-01,0.012401364084542546,0.00461049486668735,-0.0013406884971082712,0.0034402591931292073,-0.0026438446433027446
2023-02-02,0.005846267363147163,-0.025162147469843382,0.0013424883558044,-0.06481622458146671,-0.004656215425931293
2023-02-03,0.008303513551607512,0.0019480001810751619,-0.014697299706577314,0.006459344185963688,0.015473940538284926
2023-02-06,-0.0016471405284976502,-0.015716193702551187,-0.001766454549599602,-0.015090903865627055,0.0058829193200803185
2023-02-07,0.010998293084997246,0.026172938963416527,0.005308573986540213,0.015322128635888013,0.01218990361968039
2023-02-08,-0.007343142852047472,0.02422195214465053,0.0003911913136056189,0.01196892550304339,-0.0070310828931407915
2023-02-09,-0.02136983098870533,0.008770658469948523,-0.022873954642047695,0.0027425062568309424,-0.015563758990480342
2023-02-10,-0.003919566507609773,-0.01273099955173616,0.002601122411349015,-0.03094005515952646,0.004415505984925551
2023-02-13,0.0019677282764268044,-0.004245896099456963,0.017760870453063224,0.0028222332884348888,0.010848036310105542
2023-02-14,-0.0008417058618701307,0.01674024578196767,0.011960788828577016,0.016006978484051734,0.004418793367617414
2023-02-15,-0.0016843637885554845,-0.0027958636244113317,0.004068935798844398,-0.012292211544139467,0.004189959069764233
2023-02-16,-0.007873937632914423,0.024922277402789097,-0.00694702794715201,0.0394391264074152,-0.013768897838907227
2023-02-17,0.001984224783599271,-0.005623169064709349,-0.0007773653565086655,0.0016863745577134618,0.0029613245555981283
2023-02-22,-0.006662935546196361,-0.022018291989464592,0.0040129087147141775,-0.015177580295691953,-0.007663006946000448
2023-02-23,-0.0008747869692507691,0.01297683015908267,0.006794516839365242,0.004203142068678194,0.008010842903863705
2023-02-24,-0.001459577864181546,-0.013891158325031959,-0.003969727209095553,-0.015172770275529466,0.009021320001145939
2023-02-27,0.0,0.024573601414416033,0.005779194070405624,0.022666977583412337,0.00872789619015805
2023-02-28,0.0026308620481635013,0.010540828557801068,0.004358870472123714,0.02164498928123534,0.008370796590152512
2023-03-01,-0.004664634098383903,-0.04157220326529382,0.01597963961391414,-0.017627107481559535,-0.005580880204226789
2023-03-02,-0.012676956195699895,-0.00047323191945015106,-0.0019418213663138935,-0.012594867004625424,-0.010382427878564833
2023-03-03,0.0200059926678164,0.014044640379462618,0.018482449044732563,0.019395434355923794,0.01835978125747769
2023-03-06,-0.002049113044889035,0.010581907362381095,-0.0032472696609807884,0.008570436121120961,-0.0058467929349284384
2023-03-07,-0.03197416215147832,-0.015706806680633102,-0.021080778325300694,-0.015465613386905953,-0.029408200745472006
2023-03-08,-0.013333331667242198,0.001251556917811186,-0.007830983888234182,0.004315453371807196,-0.005915046883829287
2023-03-09,-0.06203929554739959,-0.0212501035298233,-0.041041864691680405,-0.010484635412874145,-0.05413657489228142
2023-03-10,-0.008841045751704586,-0.03815439701562956,-0.00534970031540356,-0.07347564899652749,0.025395108255988976
2023-03-13,-0.058143242303832644,-0.06804985174250175,-0.07447241106335292,-0.048744069152205576,-0.01795729113996414
2023-03-14,0.008768781451575286,0.03081035373867428,0.05945446493111793,0.04276705651912219,0.025676015599467306
2023-03-15,-0.009388089145517926,-0.10107116039334604,-0.054430458601754036,-0.0925156665231202,-0.04724410652731601
2023-03-16,0.0168481158376081,0.013069351598824965,0.017849190784473,-0.012912554793750702,0.0194137999896395
2023-03-17,-0.039696213313413393,-0.01954087209189637,-0.030030546209348974,-0.015296995018399323,-0.03778200887245315
2023-03-20,-0.0025162408405335333,0.017027856828862972,-0.0036157257725267723,-0.005035398114451841,0.010571612312394832
2023-03-21,0.030270242076938944,0.04147641688335384,0.022227023713631076,0.06051475599449201,0.026820750076477887
2023-03-22,-0.033228465078510565,-0.004932434412354077,-0.03017516817241518,-0.020915920860632674,-0.025813878279181572
2023-03-23,-0.0242401836990583,-0.021846949843739367,-0.005948288012858301,-0.03183648104405847,-0.0026734244698515186
2023-03-24,0.006303399029988734,-0.052740101255569806,-0.007825129013621096,-0.0852613926838489,-0.01521602198425905
2023-03-27,0.0497419612494799,0.02615413877388967,0.03873802590930746,0.06147551161975496,0.028660750096480146
2023-03-28,-0.01298687670804017,0.003475529536997903,0.009825847602162154,-0.01577509652256805,0.0030353044935193655
2023-03-29,0.01955890205840769,0.02693859875297191,0.016143236836974873,0.024770307907050343,0.0020172851014506974
2023-03-30,-0.012905412470516863,0.02173506546542681,0.0026117450190172374,0.015968585800263235,-0.003019899536444656
2023-03-31,0.010600722674880596,0.012470170229042317,0.017798864080713107,0.007212686463974448,0.012116507551322996
2023-04-03,-0.0003497109459886547,0.010686551222508455,-0.0038388996031615682,0.0116503400549067,-0.0011512314815592885
2023-04-04,-0.021336224692345387,0.009677471283440443,-0.013273094493053979,-0.014474385533095241,-0.013368120720761066
2023-04-05,-0.012151507684471832,-0.009052270215881236,-0.006942942417334813,-0.0030015442794893627,0.0014911039920337682
2023-04-06,0.007235951438772314,0.025076105532533633,0.0019662793137320794,0.01677406416088246,-0.0010971060483140204
2023-04-12,-0.008011098466212134,0.0026353594781896323,-0.005932230738346338,0.003240991609599591,-0.00015566510378648213
2023-04-13,0.0028089688352939866,0.008235547966322369,0.008098909859093369,-0.008024057099054441,0.003813339861817288
2023-04-14,0.033613496336825116,0.03215151246389511,0.04778001989571078,0.04569802828540577,0.07550962389108011
2023-04-17,0.02879399868875322,-0.0202054660473926,0.002623166037352923,-0.022202304093298385,0.007928949191058987
2023-04-18,0.0062561719556924016,0.020965739707544267,0.007848737868184394,0.01859662640469437,0.011228150202681805
2023-04-19,-0.01636125870803484,0.0031981477543099436,0.006389696284462424,0.009279775498152667,-0.001272966872472799
2023-04-20,-0.005322718852169874,-0.012583952154797162,-0.01984126548628115,-0.009294341154810185,-0.002903430620317906
2023-04-21,-0.0010032425925956573,-0.003228412783290182,-0.007489750256103638,-0.0018157250324197726,-0.0019173932455776384
2023-04-24,-0.0036826415070115625,0.008182698641458652,0.0,0.0002020172491315549,0.0013519032377204835
2023-04-25,-0.03091406965808339,-0.02384178692810185,-0.02304719004711559,-0.038294494309651705,-0.02174381464794645
2023-04-26,-0.013869384871551822,-0.0020785868789555922,-0.02171178366862711,0.004202648394256048,-0.0177234116485986
2023-04-27,0.015822551721578072,0.019614693448986753,0.0036277108294804302,0.024691289711064855,0.013458534169898386
2023-04-28,0.013499537186048354,-0.002553621257098877,0.011822849771443662,0.015213427260738918,0.00868300832453441
2023-05-03,-0.010653425731114724,-0.011762365352508769,-0.007173863021393959,-0.00705920897239556,-0.02116322497363219
2023-05-04,-0.03122743069161741,-0.006217992467949505,-0.016860087664936192,-0.03324608990008118,-0.01367843485740544
2023-05-05,0.026676432466977592,0.03485888872194103,0.03162583761092261,0.04520382100328533,0.019534956868082137
2023-05-08,-0.0007217374139225826,0.006909614198074243,0.0008633480495621021,0.0009310461856756473,0.0024132656667062357
2023-05-09,-0.0010833880425679915,0.0022300771001445003,0.003451502665518708,-0.00031006004833321804,-0.004815150063853154
2023-05-10,-0.012292161754788719,-0.008558641214961072,-0.003224405057867581,0.004653124480678071,0.0005131650889639862
2023-05-11,0.0025623677657712254,-0.00984117608061635,-0.0073325418313574375,-0.01317407736522452,-0.0031506146053794904
2023-05-12,-0.010952917772082958,0.01987806087076855,-0.01260016154217368,0.002920263007165063,-0.014332967741230444
2023-05-15,0.020671686144307026,0.0025644515591546515,0.0132009812141984,0.0110234037430499,0.008426518819921859
2023-05-16,-0.010488274652534657,-0.0035811834225101227,-0.01672087147364875,-0.011828911655973247,-0.006729297289342929
2023-05-17,0.04422520362606429,0.00342292101028836,0.03975266191815373,0.008743575089035062,0.030747720828363738
2023-05-18,-0.003500132244538012,0.017226688369510443,-0.014655876228738905,0.039583312682219395,0.007583642631343678
2023-05-19,-0.012644835710195038,0.003521136667835717,-0.014658309066572364,0.0020491902072128023,-0.002293901403231466
2023-05-22,0.008182092166680761,0.024307399266940123,0.0017501992671241976,0.008691168171949752,-0.00826287466664538
2023-05-23,0.008468608152050234,-0.004013221596347469,0.002620574265321012,0.010035458733921913,-0.010432196140367365
2023-05-24,-0.016794986147498196,-0.018220089911007244,-0.030930085244903777,-0.022882404023496634,-0.009151474863138455
2023-05-25,0.002491094690507294,0.0024982839940632,-0.005843914867677334,-0.0035947888610627153,0.0024379881174712986
2023-05-26,0.004969882306822293,0.0023139249168116277,0.008365280953509194,0.004226350893618297,0.009361117165851585
2023-05-31,-0.016631462091998044,-0.0231507207687978,-0.008501312391806999,-0.017623807196776378,-0.012730834780721444
2023-06-01,0.007616967707012721,0.008516942778128169,0.011732946859646485,0.010763898467612634,0.013779385602843907
2023-06-02,0.03347738479012769,0.036901113533677914,0.03300629884751082,0.029651383927031327,0.021005781295479028
2023-06-05,-0.005921235105094264,-0.009915121773811314,-0.0017271503971928014,-0.01683235471340179,-0.009824182434713065
2023-06-06,0.02417655851905992,0.00983553697678732,0.021193902128346268,0.009075864969574748,0.0017974446027737875
2023-06-07,0.008552887920513607,0.0051354940635505745,0.016730009827236363,0.0028619573419909174,0.009688691996094507
2023-06-08,-0.00848035638284512,0.004404410083963665,0.0018745486540225217,0.005197544412831579,0.00028416715160114314
2023-06-09,0.0013684956568667187,-0.016488198488026753,0.0041581320386072885,-0.0020276844767744997,0.0019897659230034078
2023-06-12,-0.0047830492602919696,0.006420521310946608,0.003105663396173016,0.0013205772083522604,-7.114126697498411e-05
2023-06-13,0.009268845388356196,0.004430248563729997,0.00495339901208251,0.0004059098177872313,0.007234098419010392
2023-06-14,-0.009524007643083794,0.014820040849355972,-0.009241844603724795,0.0070994791382211165,-0.003731824053106736
2023-06-15,0.008585267376890098,-0.021383752631408386,0.006633282147692603,-0.02960729783889029,0.011308192648739453
2023-06-16,-0.00612859704589337,0.0049741301788514755,-0.00761953890505399,-0.01317964907224299,0.001188167694923843
2023-06-21,-0.010391489502800949,0.005464607536831609,-0.00420101471778355,0.011794757143219136,-0.0014733346263555527
2023-06-22,-0.021351025478541976,-0.023141674435346718,-0.016452224819553624,-0.014412780746257178,-0.0192524419132592
2023-06-23,-0.007510794842646554,-0.015613937784714252,-0.013081553952034754,-0.014516171104783758,-0.005229897173057977
2023-06-26,0.012252377015539348,0.006928067662072209,0.004780466017016641,0.0014186120671016971,0.0024486648187346744
2023-06-27,0.005339837462311987,0.007966664383252662,0.003460095179922492,0.01797777207875872,7.160196724644305e-05
2023-06-28,-0.006019710352186627,0.003413051031084366,-0.0036637651692785042,0.003960096410395992,-0.004382078770844217
2023-06-29,0.021018889623339206,0.01664873615719929,0.0012980895806530667,0.014712079121388727,0.034923279364779215
2023-06-30,0.0010467844938578936,0.016376176119085283,-0.00540092189529045,0.010506460041999474,0.014013820058563586
2023-07-03,0.017776157629033833,0.012300664361534432,0.015204225364343885,0.01164486694578137,0.008044499469155825
2023-07-06,-0.027510177915427026,-0.04499467077319413,-0.030341794603095436,-0.043395901820620066,-0.009886586850141687
2023-07-07,0.008840056173631376,0.0065740327727632965,0.007933030123701628,0.021360932650158673,0.007890257929037307
2023-07-10,0.004556663773046082,0.004172840700795494,-0.001530431319766754,0.01617067182501302,0.005611676315874972
2023-07-11,0.0125609143359588,0.014634070302321807,0.018830682635514115,0.005410720559329286,0.015639141789042518
2023-07-12,0.011716107099239703,0.009615472301263275,0.01826773374221354,-0.0035877715874794197,0.004951891103304849
2023-07-13,0.01055860235051606,0.005467254249822443,0.006331846756215417,0.015884915227042128,0.004859801783175951
2023-07-14,-0.018874195515638677,-0.006314577549954593,-0.04047837363767193,0.0017719213683732528,0.006045645413113835
2023-07-17,0.009962211236091483,0.0010591174710646485,0.011147640998142597,0.023621404675578352,0.024103675937072345
2023-07-18,0.04421753846170972,0.01587019799854383,0.016428984986169605,0.006200963692005481,0.001825585491800417
2023-07-19,0.027035928107805512,0.006075340371388798,0.010633785388256597,0.015760773453697936,0.0038395635026990675
2023-07-20,0.005074610192179704,0.0015527693202204223,-0.0023149167057755745,0.0065646770453461935,0.012317686074737598
2023-07-21,0.009150956902190603,-0.000689023268782342,-0.0075931774762869105,0.007707515517322614,-0.00768511659961908
2023-07-24,0.020950674722314256,0.0062058032870515485,0.012964866589071871,0.007452415513845188,0.019683818159312402
2023-07-25,-0.015313928869790914,0.003769128824796651,-0.011959679219637908,0.01304250076815484,-0.007468195621167207
2023-07-26,0.008087128822730463,-0.008021897187701622,0.008494274886253829,0.013643548763357171,0.005994118977606876
2023-07-27,-0.014193297322787794,0.029766011074285035,0.008212343328911138,-0.033364967052201586,-0.011029562646860521
2023-07-28,-0.0015648614688186803,0.005513770163598386,-0.009816327431131356,-0.008433055864611752,0.005704522401085054
2023-07-31,0.003134820560072893,-0.002658697678212786,0.005273244579817755,-0.0031646548055878844,0.006691932823790892
2023-08-01,-0.011874951220436709,-0.01866041949333323,-0.012379392998329975,-0.006944426434920224,-0.00493807528268863
2023-08-02,-0.013599047208919472,-0.021901556541087695,-0.016146088296922576,-0.02297697789526541,-0.011324636411200257
2023-08-03,0.007053479387063305,0.011803577930027469,-0.0021595632125954254,0.020858953296344362,0.006113318065875058
2023-08-04,-0.0035019078967290455,0.01715560636892299,0.0006567484385717073,0.007411799957541526,-0.002110874735946062
2023-08-07,0.01853021864915626,0.0043851003705507085,0.002625269612567946,0.003976952926741687,0.004743004240352291
2023-08-08,-0.019134216177247695,-0.03005876877893414,-0.01461913346028915,-0.03842344801420208,-0.005613415388908792
2023-08-09,-0.013111585748121076,0.013677352420262641,-0.01594345317854311,0.016065923808387447,-0.013407758886856212
2023-08-10,0.0025923593041413256,0.02988901372086109,-0.002250089146968596,0.014798251333502344,-0.0014957407894717405
2023-08-11,0.011312139118109445,-0.012437910491637729,0.005187204370447685,-0.007091435655404269,0.005796012892615151
2023-08-14,-0.011505271307278844,0.002183132567833269,-0.010545364867216127,0.0035207630563909025,0.002071598860799231
2023-08-15,-0.03200767132346863,-0.015080410611324745,-0.020181366641273766,-0.005613436274108008,-0.02545709411960826
2023-08-16,-0.02171001473363788,-0.005103848985976778,-0.013191316013025423,-0.005342814711624298,-0.004243175561994031
2023-08-17,-0.00034149287135376924,0.002393967545774974,-0.004221425711259399,0.0043578705970373855,-0.010386766237526632
2023-08-18,-0.005805964809747594,-0.006823549375928661,-0.004945679342825772,-0.00403624123201956,0.002287658728568757
2023-08-21,0.0013739260691035696,0.0020611131786346694,-0.004260490696430265,-0.00739612733335883,0.0034235470103764084
2023-08-22,-0.02435655186234934,0.003599608112092342,-0.024958327300977756,0.0025517337658373354,-0.020738893224432956
2023-08-23,0.00035162730296464466,-0.0006831391809595422,0.0014628154008710563,0.0011200627175504386,0.006763389237085659
2023-08-24,0.0059752753919007475,-0.0011964093839753375,0.0,0.009457827705876755,-0.000950018019291708
2023-08-25,-0.004192918715110231,-0.002224519516890195,0.003894805612660174,-0.0030223275103226865,-0.0012225974989267968
2023-08-28,0.009122849022306844,0.02040816810980912,0.0019397465961371522,0.023847965245962752,0.003468358497903161
2023-08-29,0.014255885763445168,0.0067227069303784385,0.009680661120677964,0.013620351773859455,0.008132164414195718
2023-08-30,-0.004456689034024783,-0.0003339869803617812,-0.008389301566312757,-0.007789715555443332,-0.004033119267716262
2023-08-31,-0.004513759878229982,-0.002838913174902602,-0.0019338523928582418,-0.013542722746471069,-0.012351735150515518
2023-09-01,0.010812647012291367,-0.0020096802794018127,0.0072656451833273345,0.003183336551136439,0.0033484733208314498
2023-09-06,-0.009075136973881412,-0.013301889386937825,0.00024191576362345355,-0.019364617115768264,-0.001652846013087322
2023-09-07,-0.009158106434361294,-0.000512015636200096,-0.01547021575678392,0.001358106791921455,-0.008554066464190838
2023-09-08,0.008176333796856748,-0.0023902889813137112,-0.003437163944446442,0.007095214788665549,0.0007652708396019192
2023-09-11,0.004231151800591029,0.0184836659813085,0.0,0.01916702254641766,0.004380188887960015
2023-09-12,0.0172051625459498,0.0060494584670167054,0.026853763038367232,-0.00010172658826880905,0.013014066231003579
2023-09-13,-0.003106492312649923,0.0003340002034519006,0.016554749194331947,0.028466888134974833,0.00047824145527333554
2023-09-14,0.011080240182149016,0.02354315830961419,0.018173068482438465,0.017991315214706042,0.019397701592748125
2023-09-15,-0.012328787203337733,0.002610121215811593,-0.009967379747476331,-0.004661141936620451,-0.0029480991685938503
2023-09-18,-0.0027739374937354815,-0.021965442980226717,-0.0016390073222501138,-0.019121982669797827,0.002082943730968549
2023-09-19,-0.0038247120198161345,0.01663609546688351,0.0009381271255433625,-0.00019885396880072752,-0.0012736979363046567
2023-09-20,-0.0034904699768390037,0.015709418788198502,-0.008903611050810337,0.009749319268205,-0.004230082309225729
2023-09-21,-0.01751312489626273,-0.0067665160592977214,-0.013947787535853495,-0.005714385201628614,-0.007822197187339702
2023-09-22,-0.01461670394494001,-0.014760775318833526,-0.018940600697853076,0.0019818810400979666,-0.009582742549730313
2023-09-25,-0.0014472211248047124,-0.005268446799109218,0.0024440521100906236,-0.006724736352012524,0.004940615408426694
2023-09-26,-0.015579715683951377,-0.003144576763899932,-0.019502717816286288,0.0053763804673827055,-0.010378897571210327
2023-09-27,0.0036805278529186526,-0.0019923295923530335,0.005967233178677092,0.024163171511009017,0.005864930263053593
2023-09-28,0.010634360847449016,0.005988997438374733,0.0182895893636602,0.003867742497768571,0.012415923646922672
2023-09-29,-0.0065312894133182095,-0.000661448631253795,-0.001698875868055994,0.006549647902289688,-0.017413133606530972
2023-10-02,-0.02483557577761575,-0.012245624383990945,-0.015317318745988724,-0.03196159061690999,-0.008619453044664327
2023-10-03,-0.02958796885497756,-0.014910458175591657,-0.01580274408267688,-0.01828787138000432,-0.00737284788834228
2023-10-04,0.0011578690980795533,-0.0027210174409708627,-0.0012540537561649815,-0.0012084275953185828,0.004484719468528565
2023-10-05,0.004626041748941731,0.009549820908893562,0.0017582977545832264,0.003024671439108774,0.0042162302281079376
2023-10-06,0.0003837607699190716,0.013175691105155662,0.017301848089124897,0.012362894772825279,0.015395693281881345
2023-10-09,0.0092058693651896,-0.01583868344641001,0.004190188471828697,-0.013304181447648592,-0.002274527687759269
2023-10-10,0.026605917261228098,0.01355246764493926,0.01718201091841052,0.028375995353613577,0.006078418609774538
2023-10-11,0.0003702630828104275,0.0068528159526565526,0.0021718342225776188,-0.005479519329639805,0.003433027377845903
2023-10-12,-0.00444121216052479,-0.01328024706666923,0.0,-0.0053126993895452135,-0.002326299840839077
2023-10-13,-0.005204428054743398,-0.030282601441312295,-0.002407852749526213,-0.014836916786650632,0.015019498237977928
2023-10-16,0.008594852321743422,0.003296320568215865,-0.011585710093949752,0.017269033721076722,-0.0010134894664356711
2023-10-17,0.02334213228308131,-0.0025938461118676817,0.006104992335613956,-0.005921860666145081,-0.002164347940339563
2023-10-18,-0.011223846474519895,-0.006414728734877877,-0.017718334176678847,-0.02621126188837361,-0.010980709431720909
2023-10-19,-0.012815811337138154,-0.010469364738153573,-0.010131015463907987,-0.006015457627985993,-0.004249247845265601
2023-10-20,-0.024109854103874513,-0.020278572771581765,-0.009485820132591076,-0.022669063929499623,-0.01610586821153154
2023-10-23,-0.028126143041395293,0.010259174961036063,-0.019909485183218324,0.0090261716946929,-0.013641035834396487
2023-10-24,-0.003910751564022958,-0.003919462372273466,0.001029014926011805,-0.011753580069401658,0.0012055765655930527
2023-10-25,0.0031408048249643447,0.004829192057081167,-0.008220023651884274,0.08178070156420054,-0.00545433322368072
2023-10-26,0.022309250540724697,-0.025987820090551457,0.018907112092095276,0.009924188026066509,0.0025638351587192595
2023-10-27,-0.03637050037270539,-0.0009138398593034007,-0.027961674472868545,0.002504818741383232,-0.036018527482592724
2023-10-30,0.020659405595394708,-0.01737698210685654,0.01804431227458209,0.00019202689461762985,0.012749774894688702
2023-10-31,0.025301581653848198,0.010610568930563901,0.014384560487674239,-0.00499606073837094,0.011934025511189057
2023-11-01,0.0022780881803420245,0.0020261505230716515,0.002785504755796357,0.010235550332479698,-0.0008628469501331454
2023-11-02,0.04621215427636007,0.021323543069333258,0.044191923967340854,0.01433762256647362,0.017849309033574477
2023-11-03,0.02896449974455704,0.019438371207742562,0.035276626373845286,0.004523222938972603,0.011172312601962673
2023-11-06,-0.003166824792582862,0.0030014714101417083,-0.005205598496592366,-0.0031894204818570383,0.007552675263462207
2023-11-07,-0.006000759725796987,-0.015138118181652059,-0.0019030635317439887,-0.00959917151202696,-0.00048576257289373293
2023-11-08,-0.009588048663278384,0.002680920488400875,-0.0033365153949235986,0.0011402364669202756,0.004930117979668367
2023-11-09,-0.01290787423532559,-0.00017830498739117268,-0.0076517111268395305,0.0007592257088711803,-0.0029713623489345067
2023-11-10,0.005448598634932396,-0.008557615696401035,0.013975849720598794,-0.004552195844682088,0.014831316175350131
2023-11-13,0.0007226748864430852,0.0032367741080638834,0.014733844850205928,0.01048008318952695,-0.00443887580454074
2023-11-14,0.054873522162319874,0.003943348826261998,0.038875803165715844,0.011125802141950325,0.018246481473746877
2023-11-15,0.01368938537029813,0.006427399627742148,0.011722234916505972,0.018276791933733806,0.008757757282315105
2023-11-16,-0.0027008896697835873,-0.004967153565471056,-0.004678967724365333,-0.003113577596030064,0.011419760955129577
2023-11-17,0.01489495158922701,0.011410181681423048,0.015446521645670012,0.02627229708909307,0.009046144120155223
2023-11-20,0.0010007477527664518,0.001234030215156214,-0.002204808222157313,0.010383000612768783,0.003075377041204171
2023-11-21,-0.011662974451556838,-0.005986032590621883,-0.0037557575230167074,-0.00868170800685414,-0.0020876440620990833
2023-11-22,-0.0010113396985199574,0.0021254451471059083,-0.001552725727263503,-0.006613088532874582,0.0023534733792150075
2023-11-27,-0.005718112599116658,-0.010696244094194517,-0.003316309574529522,-0.0045038553883700524,-0.0022794822780429144
2023-11-28,-0.001014966675260829,0.0010635987221768266,-0.004880232194354356,0.0034383745954999507,0.0022846901888391915
2023-11-29,0.0264138153179644,0.0077902661007791495,0.019839408647360487,0.016411193385248605,0.005080261842517863
2023-11-30,0.013967422287239689,0.014933209258742131,0.00765028381996392,0.01366215315392703,0.011404830730697025
2023-12-01,0.015414853888914044,0.0005193719839905962,0.02451206609437992,0.008226807903175223,0.004869202554429833
2023-12-04,-0.004521946439717153,0.011591716521409001,0.0029640474247587963,0.0008681051155118058,0.007332242084664272
2023-12-05,-0.0077871677687849465,0.022062546241468212,-0.014143955792237527,0.003469136582844692,-0.00012642417083331167
2023-12-06,-0.0016350069976772688,0.015060300962045206,0.024839485322318187,0.008642993765158272,-0.010508400571795015
2023-12-07,0.004258085491039735,0.007418350680164432,0.013372279966440151,-0.008911747180918504,0.003070912839146513
2023-12-08,0.009784707295681188,0.012109362524578527,0.008041211813897504,0.022306933584303173,0.011033871306602641
2023-12-11,-0.003553073994033488,-0.010832678922079295,-0.015135920698924731,0.006596668555918205,0.003658818130715538
2023-12-12,-0.0035654824041068804,-0.0058842538422989804,-0.0018691856631736646,0.0023525746670985605,0.00892523490803989
2023-12-13,0.04229016037530674,-0.008385488023765849,0.02663334902308239,-0.008047013984590156,0.0033638662244530257
2023-12-14,0.05930093064235572,0.04261325276253819,0.018240790892365126,0.01149240138473611,0.01819220847696248
2023-12-15,-0.01001760491348451,0.003339639274345709,-0.008160827211902257,0.010860492572366522,0.00756123669571432
2023-12-18,-0.005059636131937706,-0.011095199244811222,-0.0034116393003901712,-0.009256311474984834,0.006052221541217586
2023-12-19,0.002392904591500442,-0.001602843675707911,0.025573949401082614,0.004504535150952474,0.013355002997634742
2023-12-20,-0.01581598206275657,0.009150668976795971,-0.016885886623758912,0.021092778755280227,-0.011279139506258784
2023-12-21,0.0066705960625939465,0.0003182599752409006,0.010585159237142117,-0.0009758298635743079,0.005703759819824054
2023-12-22,0.006927783912934947,0.002067371282565592,0.005138485795992504,0.007815115528109347,-0.000596904635468887
2023-12-28,0.0011819265271556451,-0.008572866323963944,0.0011661040194155402,-0.0072579735252197505,0.005313028420494416
2023-12-29,-0.006198353243882878,0.0022417070249536376,-0.001552967833851813,0.0043867070451315306,-0.0011746538842935183
2024-01-02,0.00683125841355335,0.012302327592301182,0.0311042327168301,0.009543857097127895,0.011640278078044465
2024-01-03,-0.01091450765390446,-0.02667302435668622,0.011312277458824462,-0.018586836472229782,-0.004358241273337709
2024-01-04,0.008052153775273869,0.02010711374579021,0.002423633419587956,0.022040879945090283,0.006636067398617204
2024-01-05,0.018639193476169155,0.0014305914519483797,0.010414666431412267,0.003833817251425968,0.005017183144790083
2024-01-08,-0.007841905868371248,0.002222209853420422,-0.005889907451006954,0.01145769209297442,-0.0014511106735114359
2024-01-09,-0.015515208443821423,-0.00807722804820454,-0.009812901966945198,-0.0009440602553429228,-0.007906016393692832
2024-01-10,-0.0008919503174397621,-0.0031934030310660625,-0.00860147754500215,0.003937068166163411,0.002109349796630575
2024-01-11,-0.013392876127680314,-0.026109302820229215,-0.017729138675535522,-0.043137338843197516,-0.004210006830706596
2024-01-12,-0.010558239696008952,0.000493488801150801,0.010368654963492213,-0.012295013470423992,-0.007339953894034492
2024-01-17,-0.009962619656572011,-0.008394923370330773,-0.009832386469583452,-0.004041713896596434,-0.005357569827139538
2024-01-18,-0.0022012177008229853,0.006972072266173559,-0.004867573314269584,0.006932673152838656,0.00197515453919544
2024-01-19,0.015442769948787528,-0.0008242780892325718,0.008021912262077366,-0.008228392546001018,0.01726180134145195
2024-01-22,0.010242130674986492,0.015179015599754118,0.02562097986921302,0.010836418695168139,-0.0011744365378919344
2024-01-23,0.006758717704037969,-0.005850857498633568,0.008705505081819062,0.0040200498057407965,-0.0065838813627097596
2024-01-24,0.006408429378402003,0.013405319149176895,-0.0007505141484245752,0.014681454360475157,0.008935527632097493
2024-01-25,0.012431784513050149,-0.004839558894697207,0.008824701978635151,-0.0069057076145368,0.014310674335282412
2024-01-26,0.0011979156809603674,0.013940690325717063,-0.0011165323609786501,0.0,-0.003816313020981205
2024-01-29,0.005384321282643576,-0.008153342498657878,0.008198204113266577,-0.008609278631434583,0.002612033605086798
2024-01-30,0.035108788990213725,0.002578913549838023,0.05507303797838253,0.010354144067435523,0.02049454578618236
2024-01-31,-0.022420583546962417,0.00562694101351402,-0.016115008709707262,-0.005454649155099734,-0.010835849625010706
2024-02-01,-0.013525401038191442,-0.09208628466077849,-0.001958238956627588,0.02958294015115574,-0.003613168415957291
2024-02-02,-0.002384106309846722,-0.012854379375536722,0.00018007600408856048,0.0351896174568238,0.0057561242618817685
2024-02-05,-0.014341468788061286,0.0007135642724706081,-0.018725411562196707,-0.027444288259514893,-0.001316336193014998
2024-02-06,0.0015156267862526398,-0.01818184509803567,-0.0027521149759872016,-0.014910995073369673,0.00343843468882345
2024-02-07,0.004237271875460449,-0.005083570184630927,0.003495802350001351,-0.05582674386031077,0.0018846176597808438
2024-02-08,-0.0018082766946596852,-0.004744475184056691,-0.004583841795435626,0.0010342011911113674,-0.0035911302222737316
2024-02-09,-0.001509677705532943,-0.02016880030102788,-0.005525895229422104,-0.0012053665280303087,0.0012012355251393978
2024-02-12,0.016631197926524025,0.013660271342258353,-0.0012964873526551091,0.023620631233826832,0.0044570583232115555
2024-02-13,-0.02587737201162317,-0.006276489720874648,-0.02151344367656106,0.0001684624695470843,-0.008703624338128033
2024-02-14,0.01160329968681218,0.0016719023971048471,0.023123630087922658,0.004547016180767027,0.010157255466614827
2024-02-15,0.02837300601392554,0.0016691118050769032,0.02278625942117086,0.006873399811257598,0.02181456582271309
2024-02-16,0.0005869147082267177,0.006850697691543651,-0.0065206056502876844,-0.0024974709733198894,-0.004670216679291881
2024-02-21,-0.007655968936882806,0.007207393395471472,-0.001623974362889378,0.0033461763501590647,0.0065099243277524435
2024-02-22,-0.0026707107732263664,0.005724522815429205,0.010301876479389299,0.021510744997976096,0.011995621157561335
2024-02-23,0.009223303092763011,0.003023729845117966,0.0005365795047006563,0.011263495609510303,0.005025387093936358
2024-02-26,-0.009139011222291653,-0.018620259953632017,-0.010191216046070027,-0.007102552763411966,-0.0034241423220876016
2024-02-27,0.019934753371324308,0.004698095466300357,0.006322235061071411,0.006665555457429906,0.000490943691037427
2024-02-28,0.0008750961924803018,-0.0026977972497903005,-0.011847127329946604,0.0009689800572995161,0.0050695191365795235
2024-02-29,0.013207877637290684,-0.0012623499529291827,0.0079927270588204,-0.0027427576730786377,0.009111355249081653
2024-03-01,-0.004924614597644642,0.013903900318681557,0.00198233748227084,0.016502060251682788,-0.004138321254051762
2024-03-04,0.02328966283989884,0.019946625156186087,0.009712301831924014,0.002387447903816413,0.007501809226328511
2024-03-05,0.0068280617658218945,-0.0005239063384691139,0.0021375048144040448,0.0028580972837242446,0.010016950760125733
2024-03-06,0.0008475923858760051,0.0005241809601966658,0.018307885788596216,-0.005541467258747632,0.005197645708308286
2024-03-07,0.005928911959685836,0.019556457655187615,0.007505601311593124,0.011940789492851068,-0.008758447606762004
2024-03-08,-0.0008421074830678288,0.00924824276749866,-0.0036382568985741798,0.007237192075092479,0.0018629476566415849
2024-03-11,0.008146035626682379,0.00203628036530281,-0.0017388329623195795,0.016088710487490207,0.0003719477405344276
2024-03-12,0.0019504233434291926,0.011176939216065614,0.0006967163627437586,0.04657961190166928,0.008231842448021286
2024-03-13,0.0033368518733196675,0.020767056821376296,0.005395934099924202,-0.0023501722023539506,0.008112263738762119
2024-03-14,-0.010809200049849758,-0.011484834803873032,-0.01159956681051848,-0.0032391665735252324,-0.017817850742353286
2024-03-15,-0.007845189045941737,0.01593349874410341,0.009108507549282583,0.006499308513546616,0.012395525785906195
2024-03-18,0.016944306645017577,0.0024506903345623467,0.017705222399766796,-0.00895214674971179,0.012401493906555547
2024-03-19,0.0005554067638643302,0.01043027516851295,0.003922757467994458,0.017029434127974193,0.005865200599183788
2024-03-20,0.01998321171049197,-0.0011289886877878564,0.02157670526705388,-0.007134472563175796,0.013106864089953246
2024-03-21,0.020680261514223648,0.01146439055143077,0.019956748459492003,0.025663517942956175,0.013905119152080222
2024-03-22,-0.01226330615068363,0.0025544326920243954,-0.008315686029338359,0.013583174376945405,-0.012257381692662299
2024-03-25,-0.005128148147029424,-0.0049364194465097554,0.0021374407513196215,-0.0022570876194569745,-0.009154736344146956
2024-03-26,0.006239562641823644,0.02912471970755817,0.01164898565132191,0.005937999456257482,0.004670854365092995
2024-03-27,0.0194125448930928,0.00559779233585147,0.01767750992752136,0.026844774048310233,0.019363437423192204
2024-03-28,0.002909206150675547,0.018401190150720843,0.007808793445558874,-0.0020531526889101203,0.003909451069676941
2024-04-03,0.0037532810536404053,0.016967360510797395,-0.018300594102659235,0.02086758292396519,-0.002816131512319217
2024-04-04,-0.013888813271992907,0.009469393823977906,-0.012643783219359252,0.0067240779010105485,-0.007608421602288719
2024-04-05,0.005146312886253581,-0.009082751284482908,0.011328161630280671,-0.01402614523421362,0.009199974032790598
2024-04-08,0.010509399686434788,0.006611483499924396,0.0021104419723558254,0.008941835674139694,0.0052165504441733825
2024-04-09,0.006133179655672653,-0.005224596992425068,-0.001133861717506904,-0.019470916766078285,-0.006700918908472418
2024-04-10,-0.028624400990132047,0.0013505178058080573,-0.024002607972248135,0.024103015880607752,-0.008521339233440341
2024-04-11,-0.008185510167136692,-0.018282628153293384,0.008806781404878925,-0.0247392488706296,-0.00020470450692717935
2024-04-12,-0.01540592792644404,-0.002289759238271032,-0.01696586536212828,0.013848912637191924,-0.06467796051391188
2024-04-15,0.004470566925108288,0.006272940171573689,-0.01876672770548727,-0.005274551003801608,0.0005472618274731184
2024-04-16,-0.03532685885677419,-0.02949668767411256,-0.026297860592515536,-0.01849082599099606,-0.011427817529134129
2024-04-17,0.015859211580239372,0.005013402178553362,0.020168384150565717,0.004571212543132589,-0.003982333955636287
2024-04-18,0.01532799861318756,0.020420788029064257,0.0025786211597717754,0.020408219174724403,0.006497155516854864
2024-04-19,0.03354766029995197,-0.000458287550980261,0.01406038311063131,0.010405462461544201,0.025103506487530573
2024-04-22,0.0205571945694411,0.018187450519519047,0.030605354745307234,0.013775566928346522,0.01942954349070631
2024-04-23,0.016962584453545478,0.021465037608174795,0.028219919040597643,0.015567177077260021,0.014413159249183323
2024-04-24,-0.0013030101106459645,-0.00470243676346023,-0.0031913933710573344,0.0002597818389470774,0.004892271695161083
2024-04-25,-0.01069947859572342,0.009301552161561973,-0.010885203787751355,0.0818183102093617,0.0015019426333753086
2024-04-26,-0.002110176628584032,-0.019748333843587828,0.014080007732136766,-0.007683122430797262,0.0006206182213509789
2024-04-29,-0.007401711552690113,0.010595418114947443,-0.006383805341656878,-0.08637791991576126,-0.0010853260041609923
2024-04-30,-0.014380863011441508,-0.0016243312433890822,-0.014937252704931219,-0.006223553773333654,-0.007967704921191726
2024-05-03,0.010032528528164027,0.0028169688495820995,0.008359233310008755,0.014494589470832977,-0.00600013004766172
2024-05-06,0.011811982543081665,0.008722595488184721,0.0209687498442986,0.022807693957710016,0.007821053650837333
2024-05-07,0.003979981217279763,0.02007910489344034,-0.012895896105950889,0.02806617689329774,-0.0013021527383381768
2024-05-08,-0.003435762967422676,0.004885219904501783,0.012096675305646662,-0.00274244528958838,0.020339089129075477
2024-05-09,0.015115612202167113,0.00957945802582326,0.009083699948992604,-0.006250095170240199,0.009455741283291028
2024-05-10,0.004441004923800024,0.008355837013739013,0.003316399633448891,-0.0013835427335366272,0.006430267248840729
2024-05-13,-0.006242037501496866,0.006039268986394148,-0.0020462897103871247,-0.004786546172030773,-0.00020122591664891026
2024-05-14,0.007327997446037661,-0.0015356655275263263,0.0029968782465253294,0.014428569821541181,0.013988696724266931
2024-05-15,0.010911825138318874,0.003215916574285673,0.010221667667398099,0.0016219600805389774,0.002977662985956432
2024-05-16,0.007967182955434334,-0.0019511443536871303,-0.0015565705698480986,-0.012456462296977638,0.0017811046975661857
2024-05-17,0.0017849232228243528,0.009775051525295654,-0.0010912289127746912,0.014929293504825832,0.011458451576914745
2024-05-20,-0.011962346476624936,0.008159455894196659,-0.014203298451694364,0.0031976848639429373,-0.04497268059401191
2024-05-21,0.021380631832506596,0.0005855017710938073,0.02501579483155564,-0.008542619180396142,0.020145053368607772
2024-05-22,0.0027742015085785434,-0.01199883056723182,-0.014210682847142818,-0.0032150217438922327,-0.006064581656106319
2024-05-23,-0.014839081357555243,-0.006368440326562388,-0.012535271962304447,0.00283825796354942,-0.007009162209643383
2024-05-24,0.013530898643665315,0.001788700369782439,0.008886130999042396,0.011449971604295235,0.019246346936337526
2024-05-29,-0.015259660524623065,-0.012686213401205014,-0.007045658639853863,-0.021064707703931165,-0.0069674324470517576
2024-05-30,-0.0023241969902495414,0.012849221365486904,-0.0012900771893474942,0.006129349668991136,0.0061581986447479965
2024-05-31,0.035205937715691596,-0.001327688526223012,0.006136026498881748,-0.013221060699189824,0.016555337168481836
2024-06-03,-0.002750914231223716,0.005317559099899683,-0.006259128975210354,0.008932154977222715,-0.003997182303812247
2024-06-04,-0.005014994672714446,-0.018072226790631276,-0.014373465989836078,-0.021872154526066064,-0.013180279619686942
2024-06-05,0.007056319815049359,-0.008977972337884048,0.012125247702527256,-0.001064856516517548,-0.009540034234924402
2024-06-06,-0.00650637154312129,0.009361239913607633,0.0027521716175633875,0.016922050486268582,-0.0017742251854770926
2024-06-07,0.008109461521687348,-0.0071801647197903195,-0.002583135370657559,0.002096439547168525,0.015438516795335118
2024-06-10,-0.0027651968483806484,-0.04761194212606672,-0.005665287593920416,-0.0010459936311820346,-0.001700445664504347
2024-06-11,-0.02041829203211832,-0.03891782538997257,-0.03727811804697989,-0.031675435958460334,-0.026301174518250887
2024-06-12,0.014153205970427565,0.017613129778596866,0.014710727332976029,0.011084155411225715,-0.014560764559085797
2024-06-13,-0.0038062525805785657,-0.029440300195572682,0.003666067416847955,-0.029010737242088597,0.011121054589697438
2024-06-14,-0.0005093854316373685,-0.02649997849431223,-0.01494263949332875,-0.007710360152993017,0.00061952445539502
2024-06-17,0.006880714207686731,0.01249779088985177,0.01230408798904841,0.016095542765182023,0.006192640864201739
2024-06-18,0.012148900193023386,0.005410894927243063,0.011988000181042171,0.0012289327791250686,0.010360047443619886
2024-06-21,-0.01250316279553077,-0.012976164244698643,-0.010392600173275425,-0.019129029479161282,-0.01192941707486896
2024-06-24,0.01342109914567764,0.032698372961101216,0.02250372978017441,0.02641771758704947,0.013143073885388329
2024-06-25,-0.01599197284362491,-0.011588035792410006,0.003912636566184883,-0.011723442737255212,-0.004072711464678772
2024-06-26,-0.009649637475304418,-0.005118919917462288,-0.005358834138382112,0.0,-0.003231234176205642
2024-06-27,0.006410275999409191,-0.0038173662253705404,0.004897932468413626,0.00790841074447266,0.008813262540449814
2024-06-28,0.013248609814999625,-0.00816396435898108,0.031031659469123736,0.00838733029261199,0.01551450256209613
2024-07-01,0.006034536837735279,0.03594818275253458,-0.0004727171109675772,0.03340493565332119,0.01577166768809269
2024-07-02,0.02299428067137795,-0.007134678071011167,0.01970677296450319,-0.012073217473284423,0.016451704218405958
2024-07-03,-0.0007329026507082639,0.024497779321533485,-0.0034014958600272296,0.03442841526611243,-0.0006704771393361552
2024-07-08,0.005196532119226392,-0.01759344843105721,0.011088506615499797,-0.012257360928529418,0.0018557002708229488
2024-07-09,0.019694792140900072,-0.02350501166811058,0.027957994853954705,-0.004782853512511676,0.011990141631117834
2024-07-10,0.007725721261539787,0.009006074361235076,0.006461173386515666,0.0020781953581493935,0.0008186837054116983
2024-07-11,0.0016773009303247689,0.006491422895149076,-0.018960601257324173,-0.007388278534196196,-0.0016843974129764185
2024-07-12,-0.005262160711733818,0.006771985114457421,-0.018110109549535437,-0.0007834708414984956,-0.012099169053864085
2024-07-15,0.007213294331848028,0.004804664805382033,0.009609318120600806,-0.0032670546486304733,0.024934095140881775
2024-07-16,0.053473562900308684,-0.0027096084754585346,0.03269898489348691,-0.009440195356369922,0.01699586708198053
2024-07-17,-0.003399147957954595,0.00735171692052093,0.005054187727281066,0.007544680723740147,0.015213964318594824
2024-07-18,-0.022055418250100513,0.00983664279060319,-0.04023064820803341,0.004598031602024282,-0.03177025286198604
2024-07-19,-0.0025576260205796065,-0.009426585863931202,0.003852476796445799,-0.018569412059183558,-0.0009524447753523122
2024-07-22,-0.013985962827570139,0.02347332831560514,-0.009824833743655932,0.030646261411149844,0.002383570611411893
2024-07-23,0.002600461600952316,0.002479637079095238,0.002480673513614034,0.013703924513125076,0.00023771499733229274
2024-07-24,-0.005187620826695808,-0.009429597994842234,-0.015465531876884773,-0.08315261864667185,-0.008272668203595221
2024-07-25,-0.012088002731441349,0.007490542464115195,0.011153081463072024,0.003060138681723036,0.0003834407329098159
2024-07-26,-0.00024009548918812554,-0.0015489859612350429,0.012583363616997282,-0.000277275263326965,0.017108419112348384
2024-07-29,-0.01391887228123564,-0.008532371481963476,-0.013500931530800042,-0.006797101106139066,-0.006549134505940273
2024-07-30,0.004624126341480535,0.005163425504910019,0.024416659913375556,0.020530782658445434,0.020583331650504882
2024-07-31,-0.023497996481753245,-0.012141926224676507,-0.015029590472513817,-0.012180116562106796,-0.011106424752486462
2024-08-01,-0.020094406080968942,-0.03151589759015792,-0.0246608834033189,-0.03061785715467053,-0.02274438408387014
2024-08-02,-0.048607500218748836,-0.029287380406921016,-0.0714286397161901,-0.05859658879295136,-0.04241213020368168
2024-08-05,-0.024747320449785986,-0.017767263219932713,-0.03419234018439412,-0.02565655630875537,-0.02129150844227716
2024-08-06,0.007367072389493914,-0.013139910126605717,0.006226675551088076,0.00015576750560026924,0.027911771766718458
2024-08-07,0.010292490161107658,0.02818601270408985,-0.007956175035427011,0.015578756304712926,0.0002994428782291438
2024-08-08,0.024396727789843742,-0.0006727672763205112,0.033683731050440625,0.003988377498765296,0.018263470026921254
2024-08-09,0.001832153069932478,-0.0028609312147048634,-0.0027585614100868907,0.01543158876271992,0.008527011822581003
2024-08-12,-0.0028737582522867294,0.0,0.0,0.0012036953171069885,0.0018950476334632232
2024-08-13,0.0075977378724231565,0.0003375758797911772,0.005359583565564458,-0.0006010477453915028,0.00848728772280771
2024-08-14,0.009100493816678086,0.008098503592872237,0.01943247898289119,0.006015008876381492,0.01106083573837583
2024-08-15,0.005668412216075255,0.012050167068013339,0.020917835640282392,0.03213749904895054,0.006231080066928228
2024-08-16,0.007942713608144126,0.010749118489646162,0.014540530932118337,0.016654648139153804,0.01143923805453492
2024-08-19,0.008388372550500695,0.003926758780695462,0.010260511743242775,0.007692220300511886,0.006916809865292315
2024-08-20,-0.02470391919327062,-0.007333742266371523,-0.011607230889400839,-0.016256692356545376,-0.004316369806041066
2024-08-21,0.0015508752063991675,0.0044327540354491156,-0.012722185575532997,0.006466507105084354,0.0003728412212900085
2024-08-22,0.01264511686906488,-0.0016344917972647964,-0.001817323993883781,0.04026258015243922,0.009459541889691194
2024-08-23,0.013506808377819285,0.00556649768681851,0.028467443422337195,0.0087839841839759,0.0077550844151635665
2024-08-26,0.003771598010004319,0.0004884385057328886,-0.005632401748291331,-0.0063944692447461485,0.003939349447601439
2024-08-27,-0.006262543372814989,0.008787600900539158,-0.0017802010303133273,0.0062987305087529285,0.004608110219097925
2024-08-28,0.007058391382159072,-0.001774496729659778,-0.0016213331537177193,-0.001224584988313356,0.005041457519530723
2024-08-29,0.005506660278558889,0.003716881580573382,0.004871768690757898,-0.0009536843011521863,0.004157537510932277
2024-08-30,0.01443861986901727,0.007567215964405752,0.012281763869161676,0.005591098466926481,0.011655648763419778
2024-09-04,-0.004914019783165851,0.0038909668652132748,-0.008135360332473097,-0.002480017396656435,-0.004403052023998541
2024-09-05,-0.0088887982093316,0.027293374454393955,-0.005413384149817761,0.03232045142810995,-0.007750838681881115
2024-09-06,-0.028084292465635676,-0.022480753698650338,-0.025399915177244572,-0.018731582629036122,-0.023755842627534107
2024-09-09,0.018317869194125157,0.006272160792449743,0.007615455979212579,0.024679558264381694,0.020474363201843586
2024-09-10,-0.004813635978641484,-0.006233066000266122,-0.026704648495763508,-0.0491018386649527,-0.05188875812565341
2024-09-11,-0.0071284192638341095,0.006915429031690468,-0.011216582301892366,-0.018051976338925583,0.008124130210622147
2024-09-12,-0.005641199815323345,0.013735868638621923,0.0005236360573934679,0.01752880051596347,-0.003040071566680614
2024-09-13,-0.0033519542837973713,-0.0015756553987497871,0.0059305534642056556,0.024369797103812575,-0.011035735012727617
2024-09-16,0.011642829592277831,-0.001262377176417108,0.01248476523658172,-0.00205090372351298,0.017325774465899144
2024-09-17,0.01150893514186298,0.01832828841583216,0.015413573648718542,0.02753805995526051,0.006687136368160382
2024-09-18,0.0017697892759192695,-0.004654620867186224,0.01028844389762115,-0.004133378081229624,-0.008219826344594873
2024-09-19,0.031549781752309394,0.015900108941409846,0.052086821350160864,0.01901195585795144,0.014214771018100722
2024-09-20,-0.014680675321108387,-0.005984327720942215,-0.013963836559514933,-0.003547490256265474,0.002898074224902201
2024-09-23,-0.009932939135166637,-0.03658537073632111,0.007080825463303053,0.0017141168450176074,0.0016579948932167606
2024-09-24,-0.010534301073001502,0.006569390791964628,-0.0193352639659301,0.004475449753245455,0.0007094572363926933
2024-09-25,-0.0050695017991378745,-0.008118336875989599,-0.01613171889431188,-0.0028829570560021133,-0.006616457613556863
2024-09-26,0.006879050962879089,0.014925320326553299,0.022027199694818686,0.01800495207616541,-0.0019507302059698188
2024-09-27,-0.0030364124811004473,0.0009488316506341847,0.0025927167135910935,0.004002043485047015,0.003432296408436708
2024-09-30,0.007106407276807181,-0.027646213474800885,0.011798921496408077,-0.0036003170583465086,0.0017101652302496896
2024-10-01,-0.011592665879465518,-0.006661251346338717,-0.012619744309788176,-0.009807749466611723,-0.01811626024718916
2024-10-02,0.0002549111916781207,-0.0029439819046818425,0.003559185524233884,0.004040184696805741,0.0012074045481070782
2024-10-03,0.0005098936779119954,-0.014271673853524255,-0.011607230889400839,-0.0031153027991107085,-0.009937754640454322
2024-10-04,0.02191073463996553,0.012814090975175725,0.0216930735672368,0.02708331197434143,0.03549368290603907
2024-10-07,-0.0037397104824073014,0.015609635800734654,-0.0006386196122927197,0.012043602538511894,-0.001373010153824955
2024-10-08,-0.0007507694374316,0.0014560699092592898,0.010223741378964871,-0.009645429388263753,-0.0008534003364226147
2024-10-09,0.006511425340272238,0.0032309597820718815,0.013915195571696988,0.012142631797746384,0.012669135992500503
2024-10-10,-0.005473872809697136,-0.002898610245826039,-0.009981319136250688,0.0057485803284335335,-0.002717713405518695
2024-10-11,0.049536996577897396,0.0038760255452849088,0.03560184766533805,0.010064593338431285,0.044399534982320875
2024-10-14,-0.0009535711970503366,0.012226516075058433,0.004107015000132773,0.004797649955150528,-0.0036438329192978697
2024-10-15,0.005488055939482774,0.012555696990782343,-0.051052845840633944,-0.025710060555281633,0.004108710091765667
2024-10-16,0.015662093365625743,0.012085994455669545,0.025702430555378408,0.01042972922855176,0.005620761879753118
2024-10-17,-0.004672982519819576,0.017524774366192007,-0.004357944874471889,0.004477046670438181,0.003487757219456958
2024-10-18,-0.00657268669733241,0.010059407031293597,-0.017508328527012854,0.003342819045949092,0.0042330122378385895
2024-10-21,-0.013232625248654406,-0.007092065347063076,-0.016229054568715047,-0.005676226543583345,-0.010515934525541795
2024-10-22,0.01293107359242549,-0.0015199265684162728,0.027980037121247754,0.012285967350978557,0.0050223785125643764
2024-10-23,0.0009456811390871616,-0.0071535949372352236,-0.007237319638154758,-0.00845895553851406,-0.0031678479264526356
2024-10-24,0.007321708265601022,0.0015330094042204446,-0.0015847202378751683,-0.023986182889423672,0.007027411093162226
2024-10-25,-0.01781947135895286,0.0,-0.01968268477674205,-0.0070939748479501704,-0.011867741352382397
2024-10-28,0.017426680910475625,0.010561726083268379,0.03886030403862668,0.011099727484269165,0.014349405511991842
2024-10-29,-0.002111829542276412,-0.0012117061314713593,0.008260466216721041,-0.007823300706013628,-0.0115300555635825
2024-10-30,-0.0051727005249727715,-0.00667279657358045,-0.002937098493979791,-0.014371091989020842,0.006774370657634549
2024-10-31,-0.011581318020933092,-0.04198467488882609,-0.005116153474075501,0.007999955428351567,-0.011095818164725386
2024-11-01,-0.0014347559772847607,0.0046215205641028535,-0.007168521479760924,0.012288806659476922,0.00459644857390855
2024-11-04,-0.010296750724552207,-0.0026967138107582608,-0.012668236297343646,-0.003161356702132095,-0.014174283071857023
2024-11-05,0.013307408714320025,-0.002067728650304614,0.02117072290939389,0.00951414772105933,0.007780411898769678
2024-11-06,0.08428843551981145,-0.02661785370649732,0.08418404993819914,0.015707469681557815,0.11544547622605829
2024-11-07,-0.014093757078386322,-0.033076799586850565,-0.013327640094291786,-0.011134521314754744,-0.043228373316610745
2024-11-08,0.008041122304756156,0.012023691167114351,0.007634817951030847,-0.02902534996867432,0.002538328162923677
2024-11-11,0.0210502674705973,0.01974562892852472,0.017048065244277176,0.03968558951050429,0.009747544758040077
2024-11-12,-0.0047743670451841505,-0.02559886141530606,-0.011174829149745207,-0.020076862034568085,0.0011283864908146592
2024-11-13,0.00021800300298491123,-0.004378660197536192,-0.0018835386569460652,-0.014796987523222985,0.00667895724917036
2024-11-14,0.000654124603250884,0.005920239383338132,-0.010741693330362909,0.021052649425888113,0.0029440775310716626
2024-11-15,0.01851849144755019,0.010761738991885265,0.008950746433942069,0.009554908343195754,0.014222454357004359
2024-11-18,-0.0006417271942641865,0.0051570975965186715,0.0034903977781970035,0.007721003362258154,-0.0011414191961723016
2024-11-19,-0.006635298347655098,-0.018371337108240786,-0.005797095461210534,-0.017795320542329393,-0.007917331484395801
2024-11-20,-0.007541382566109456,-0.013825589114275444,-0.004664718185589937,0.00012578207144025392,-0.009502672770308725
2024-11-21,0.00868422615372579,-0.004616231121221426,0.00981261335740181,0.007044955108541452,0.016529581164233084
2024-11-22,0.011623021152953814,-0.022329067555352675,0.0129078036829461,-0.028607115848729277,0.01548460014774479
2024-11-25,0.010638113836333377,0.00105410729718687,0.013029854105683658,0.010030888745705787,0.007000587449047609
2024-11-26,0.005263233991013922,-0.011934070836070773,-0.014134372125436789,-0.009931269288370497,-0.0012785508558515466
2024-11-27,0.00041891370584306095,-0.011900465843659822,0.005878158745369104,-0.006301413873980999,-0.0007201173485407617
2024-12-02,-0.009892541008461306,-0.012358764553988067,0.0073373703042724095,0.012691363736631165,-0.01389557119184698
2024-12-03,-0.004676930966686558,-0.0028602488618969784,0.00042019873580969566,0.027767514179161488,-0.005807078942694578
2024-12-04,-0.009611179319546949,0.012907885092613675,0.0011201332362004177,-0.0026299875666469384,-0.005800321352569934
2024-12-05,0.013586366937028704,0.02601776122941806,0.010209917914838417,0.016780455549270597,0.00854573462713056
2024-12-06,0.00021380695801405752,0.010350069770263334,-0.0011075717251915226,-0.006601359686793813,0.007658515852290191
2024-12-09,-0.017967867636613257,0.025439803265718226,-0.00401953647734018,-0.00035601799717391877,-0.014351679689162056
2024-12-10,-0.003485066188300444,-0.00599405639729004,0.008906197188469066,0.0,-0.0038963645996847366
2024-12-11,0.00721311391021486,-0.0018425636622869787,-0.007448213517784429,0.00937801718287058,0.0027587365767711234
2024-12-12,0.0,-0.011243505898571525,-0.0073651122473920565,-0.003175343784986373,-0.00821254846500513
2024-12-13,-0.008897604548088555,0.00033939320661871043,-0.005879930827995283,0.0066067508039461065,-0.006583055193655172
2024-12-16,-0.004379161301184934,-0.002035961713945326,0.006759603595397153,0.004922794140849712,-0.0015003739624566215
2024-12-17,-0.009236920750182573,-0.009690547725396364,-0.005175681618537322,-0.020877121968941658,-0.005092244564323767
2024-12-18,-0.03440629635205817,0.006523606972030277,-0.042182073598601086,0.007266222943104086,-0.033520668466315975
2024-12-19,-0.0027585878325811853,-0.013986013986013986,0.004403813452969432,-0.019157958389985616,0.01124281024159637
2024-12-20,0.018211150832751984,-0.005708334894264574,0.011254268644996889,-0.020376143388918796,0.019917603196573496
2024-12-23,-0.006339098164091957,-0.0006959419006583923,0.008382417810826581,0.003569216879879984,0.003324815482805068
2024-12-30,-0.00969770341917741,0.003245607965736399,-0.008591568555760315,0.00653277254561501,-0.007670983598130585
2025-01-03,0.011740865249507898,-0.012826934980273662,0.015155660007762958,0.009519292214617078,0.013666817346105076
2025-01-06,0.01316669107635514,0.026329168371119527,0.02450707342139353,0.003300410262532934,-0.004875504370325707
2025-01-07,0.014977937233812065,0.006163683586390367,0.012922779590284558,-0.009163674870547799,0.009632554094819995
2025-01-08,0.0028211750654121635,-0.004304644316659275,-0.005700373346724059,-0.0027269450722491374,-0.00016444963245668056
2025-01-13,-0.0011084464156346024,0.004886275216445306,0.01918756847513866,-0.003977478427245721,0.018093183486933527
2025-01-14,0.01597876571123343,0.019617782947426526,0.01003151362242114,0.033474193860568484,0.013349060957039362
2025-01-15,0.028833462884359718,0.020884767153630763,0.06489791969204055,0.03284478024579144,0.01971968718533398
2025-01-16,-0.0097663657440761,0.002093902156675353,0.003066508262108954,0.001320382679566343,0.007608475809676278
2025-01-17,-0.0023585183539435437,0.0004823054157179451,0.018850978559112483,0.01736261638315296,0.019231588373566314
2025-01-22,-0.018645549904921576,-0.01267625777269876,0.00024503315753392115,-0.0019141711004895528,-0.000722379458432001
2025-01-23,0.013103398321861871,0.01717216586627665,0.003549929198208856,0.014917296033056688,0.011832363986110761
2025-01-24,0.0028023225432633925,0.0036289150466806684,-0.006098993473361182,0.0,-0.0041738126185180465
2025-01-27,0.012252731379169294,0.009746951529255704,-0.005032025292502142,-0.004934368241189607,0.0038135557160903803
2025-01-28,-0.005309030361155432,0.0054491027515189356,-0.013938483705141825,0.015509697607525436,0.0048524215539311605
2025-01-29,-0.0019214117537036555,0.00139361543402988,0.008631290409022397,0.014233627185684314,-0.002096417143304425
2025-01-30,-0.0006417035613330239,0.01530856938851616,0.015254926969464315,-0.03216545869574109,0.0061898550208995965
2025-01-31,-0.008989702542443438,0.0009137292510744828,-0.005252744492971865,0.002328626328757949,-0.0034673033561923357
2025-02-03,-0.001943821202020577,-0.021302442630800722,-0.015580615185772839,-0.03146796916982911,-0.0018331936636657596
2025-02-04,0.010820095526092999,0.04244401308035472,-0.014194197093646789,-0.006759666683355834,0.004235328458521117
2025-02-05,0.008563570661663541,-0.009694309602471286,0.012487201485324187,-0.008013126663987893,0.009292912016647425
2025-02-06,0.01337304604605055,0.028012145629590847,0.03611888112234187,0.033639481345282454,0.023925054976244288
2025-02-07,-0.007122015919481089,0.017433238320624513,-0.007409089393682194,-0.004817516692124867,-0.003972584296032085
2025-02-10,-0.015400852180156068,0.0005759311686006286,-0.012114626371772427,0.0,-0.01725882667263514
2025-02-11,0.0025712981628502295,0.009210030052734583,0.0047069670438267385,0.010757428827076428,0.014573361397673432
2025-02-12,-0.012395857416139824,0.01155006107203739,0.0019725397795037377,0.02288206297984536,0.0016728779203222452
2025-02-13,0.0025968942765122877,-0.011841132382815608,0.010212956127014007,-0.0031214878108802705,0.003158454454013992
2025-02-14,0.013597936608875245,-0.0021397928520188944,0.030572437263494567,0.0043837031857560825,0.0009770769256911757
2025-02-19,-0.011175648607462101,-0.011112675195622888,-0.008153119132856728,-0.024236286572937492,-0.002500527209488563
2025-02-20,-0.015431386268876333,0.008108017867289815,-0.030974519284013187,-0.005953073029291322,-0.04458369965264914
2025-02-21,-0.010816676584870654,0.003527675186722498,-0.020776912779451855,0.01404233071093456,-0.009595080358108707
2025-02-24,-0.007810895924329498,-0.0005624074417937472,-0.0139360667128579,0.003971092244333846,-0.010974844223871256
2025-02-25,-0.011695884748921189,0.014490642715495348,-0.005092964119136507,0.019523344520353793,-0.015076243015835515
2025-02-26,0.0,0.008459248730854919,0.011901706472549954,0.03954238685423404,0.005400143914656201
2025-02-27,0.004096446307369611,-0.0015126064207128759,-0.002529413256691681,-0.019138666201555906,0.0010046164821694635
2025-02-28,0.044877606648637124,0.003443079585063486,0.013693368307741554,0.010975563460198257,0.02161760429511218
2025-03-03,-0.01171344150469613,0.015920967337537582,-0.034771660440115426,0.01085640826236485,-0.015227737431928578
2025-03-04,-0.06343295733464516,-0.03147794526703122,-0.06245952077076835,-0.07599039759061035,-0.03978971138553667
2025-03-05,-0.008905600797128219,0.041428344536468306,0.008431103772364546,0.12356643223783577,0.00511481966791104
2025-03-06,-0.01962640234166567,0.033619030944089794,-0.03262051800022206,0.032873566160667736,-0.01983857689811528
2025-03-07,0.004854416727761856,-0.007775126853736063,-0.0017000929886346605,-0.016470088742493727,-0.017279152320329345
2025-03-10,-0.03792264350536856,-0.027817587892094812,-0.04328706530379984,-0.03711240998915837,-0.041522093912411184
2025-03-11,-0.00552346977667175,-0.01988186879903817,0.0013350599003564398,-0.012455928807982599,-0.013263348186462635
2025-03-12,0.007573820202690014,0.010005606068631503,0.006666749003855944,0.024274124460896853,-0.005411582741950555
2025-03-13,-0.006013569551132884,-0.0018999221799196036,-0.01059606389583477,-0.00975842446625384,-0.011891117370280702
2025-03-14,0.030753763705699672,0.02950367524975277,0.023055207466685632,0.03496019403672887,0.03219499176043186
2025-03-17,0.013450661796942102,0.028922474769675886,0.01686542762287507,-0.005214229698813651,0.0064102961206665525
2025-03-18,0.005067636093654508,0.029521211608742576,0.0040034454684892565,0.0426161569274802,0.0044457801886593
2025-03-19,0.013445340534099485,0.008103771038719263,0.017373915852284195,-0.006994502783784038,0.017619216618187893
2025-03-20,0.006396687986187745,-0.02238443082528943,0.005319167674714462,-0.020250996604691887,-0.0004182030178299538
2025-03-21,-0.00023542553854739688,0.008475655116945601,0.002227799508118864,0.0011233892024073617,0.010961974686462077
2025-03-24,0.014127572829426085,-0.0036376831570704153,0.02861905165137439,0.0,0.026610867700991803
2025-03-25,0.004875758670458068,0.027067834812672435,0.005807744998408248,0.048249524048381766,0.012376030066051048
2025-03-26,-0.010628407416065836,-0.014464313722165466,-0.0165169332466489,-0.010704350341593494,-0.0003981862798806426
2025-03-27,-0.006072006183227767,-0.009079605614544144,-0.01897860838071086,-0.011252945020134748,-0.011592341478028526
2025-03-28,-0.030779936554580493,-0.014057975543873402,-0.02115504074949963,-0.028890412413699128,-0.02123959743232437
2025-03-31,0.01163634348701484,-0.020878420462864016,0.009384139365266417,-0.016452556259451603,0.010088535054301538
2025-04-01,-0.005751294978405655,0.02054349420607456,-0.006338777618318642,0.019706774416142308,-0.006685738819632505
2025-04-02,0.008676704550101659,-0.00942799246016146,0.017295211464211133,0.005618025241935904,0.008864927168773802
2025-04-03,-0.11063314083418287,-0.0520900711266341,-0.12137689518254262,-0.06905027403302454,-0.06968520541337482
2025-04-04,-0.07603445726434237,-0.06824961878258413,-0.07803339233666087,-0.09774366559158068,-0.07483831414310071
2025-04-07,0.03460305765501447,-0.03742544560157062,0.01238600806932241,-0.03841652038494689,0.01978316042329301
2025-04-08,-0.015458054786984877,0.001361699478379244,-0.0013593263600062571,0.04072599455517576,0.011331810132153189
2025-04-09,0.060519520083947,-0.03641037805100415,0.09154336140173293,-0.04561888799314965,0.08055514212623968
2025-04-10,-0.03499329723246256,0.05409220459775911,-0.039906486049899936,0.0715319716863767,-0.030852600249576378
2025-04-11,0.002789427592876743,-0.02409642892391913,0.0008117591038138631,0.0037433641491273284,0.04002461379809685
2025-04-14,0.020027729885010705,0.04404825115680216,0.025632797609645323,0.05226364401908759,-0.006265880714406422
2025-04-15,0.03599680556923561,0.030364960095012175,0.017557796052570195,0.025842931174702967,-0.006774004243445044
2025-04-16,-0.017372977893445447,0.014168371095138804,-0.03466512721419313,-0.001199567792886913,-0.015098878416883071
2025-04-17,0.0021430276058735046,-0.01173519980191921,0.018518520863826143,-0.0067260575107642205,0.010234843914446887
2025-04-23,0.011221262196056039,0.030717608095338574,0.027110862639290984,0.0449893764348391,0.02245434888310953
2025-04-24,0.02141952586644672,-0.02153880351718086,0.02805427652806353,0.005466898354441008,0.015609334797186751
2025-04-25,0.0027790309696393823,0.00802979616220126,0.003961339011279506,0.019030476843721302,-0.004455432009039306
2025-04-28,0.002267674644360807,0.01771740424965497,-0.0021920859410781367,-0.003334861732572296,-0.0013550022993204232
2025-04-29,0.005279105752430923,0.009446699483019929,0.008787146218536953,0.05041267069362725,0.005756100587218195
2025-04-30,-0.0027506362571527417,-0.006818273495396443,-0.007258913503675472,-0.023996602525909107,0.0
2025-05-05,0.0012174456283122067,0.0,0.002998834826325839,0.019144870573748765,0.00019811740415192722
2025-05-06,-0.006809272638590539,-0.004714494023495707,-0.010962407588552478,-0.010436153943831177,-0.01310586372333359
2025-05-07,0.002203724250049449,0.0002631190678054311,0.011227898829634465,-0.005273193656018361,0.0005616845744190871
2025-05-08,0.01636932315728614,0.012891376218155103,0.01978645629944365,0.005725201529006846,0.016359922027057
2025-05-09,0.004567333905093929,0.006493671266972695,-0.002652302072516006,0.018975338734254263,-0.0015386160029074816
2025-05-12,0.037568829239085444,0.019999890676233315,0.048425757211425585,0.021311813546605066,0.02754064782672646
2025-05-13,0.021217775909888412,0.0003795053131837521,0.008810387316241952,0.002025850297682095,0.011382434015009648
2025-05-14,0.01038855586080683,0.010622117619071359,-0.0037052187552397762,0.0,0.009999645134198418
2025-05-15,-0.008046585578044784,-0.0040039540845026545,0.00889898391038589,0.01799432189838855,0.006964155964862886
2025-05-16,0.00698503801271819,-0.002638290301863812,-0.003159463707767634,-0.009136035579463743,0.00026180814638552977
2025-05-19,0.001790179541628155,0.03418235467843823,0.0054144597585884194,0.01322917490569528,-0.01001645320139765
2025-05-20,-0.0017869805256498486,0.0063512601959123055,-0.0030210201592653706,-0.0021760882089108995,0.003020316990577997
2025-05-21,-0.0322219225643268,0.0038640730253194145,-0.032674525430818384,0.011102287941941541,-0.017464502942835844
2025-05-22,0.001387314786080894,-0.00564543691785536,0.0,-0.014509825639374752,-0.0014174228718396107
2025-05-23,-0.0025397817486227576,-0.021419359626809045,-0.004494700355612148,-0.014928352784760476,0.00015330564323503193
2025-05-28,-0.003618237008284281,-0.010849813949374041,-0.005830215972521461,-0.01975804082629593,-0.0067850050415224905
2025-05-29,0.004085342474982058,0.0032645081145935384,0.006663985113637049,0.004113556707846962,0.0033398159405544406
2025-05-30,-0.0024864794045498114,0.0040348691192039,-0.002780360028474027,-0.002048311845536991,-0.0013995691732327246
2025-06-02,-0.001133027144657577,-0.005574238739390069,0.0063730345701024475,-0.006773440892066596,0.002499846212261019
2025-06-03,0.012931107713217805,0.0066484251001611115,0.009630460417531309,0.010332730644504452,0.006083389610946834
2025-06-04,-0.006495093671356699,-0.0075109557126723315,-0.0016986169642704216,-0.016567805194442838,-0.007698962200506012
2025-06-05,0.0004509841592803246,0.011221209081568522,0.0035339387925150843,0.02017469450254665,-0.008591284398430528
2025-06-06,0.01926554271150886,0.00825805120683588,0.020738388223449807,0.007135595910526463,0.014430221801416633
2025-06-09,-0.0022237191303653508,0.004479152338899758,-0.001150215193029678,0.0,0.0038006965894885913
2025-06-10,0.004903016035416135,-0.028029080765136865,-0.0017908403834406652,-0.012145817037087846,0.006973227248806595
2025-06-11,-0.007983963790046665,-0.0009174901023199529,0.00448533309975244,0.012295151700080262,-0.0016754349499784505
2025-06-12,-0.0024592242364662696,0.0034112391937900417,-0.0019136593608692297,-0.012348155276349774,0.000335649348645348
2025-06-13,-0.01187801105364163,-0.015690509235703497,-0.023903871868520575,-0.021110964699658515,-0.012265125741605173
2025-06-16,0.007257857908197121,0.02948995263805842,0.022393882359672948,0.02386939083140936,0.02041894696226288
2025-06-17,-0.004053149874602947,-0.019741857805750468,-0.009094394292032815,-0.02106339580742195,-0.0031069659326939123
2025-06-18,0.01876560362905004,0.007897814327791804,0.01279734655135792,0.007520376893547214,0.016473799945747217
2025-06-23,0.017582359518387717,-0.01641985064096067,0.011599810515476077,-0.005417833899616909,0.011890883128322594
2025-06-24,0.007775394611326583,0.03147212331393186,0.022429234317532732,0.05342546720329965,0.010745047180358661
2025-06-25,0.004071945064725793,-0.002255135647082749,0.018363344161829134,0.0019889129818328856,0.009955192783414384
2025-06-26,0.013020287586529062,0.0007976974465904564,0.02105788262008704,0.013894441485675556,0.01651058188657192
2025-06-27,-0.007163843266570692,0.021655468409430865,0.00011846421548391107,0.018010924522088925,-0.005679725744074779
2025-06-30,0.004244509348034378,-0.0075422106133315025,0.008769936918111162,-0.03192303603861033,0.009752460382966194
2025-07-01,0.017540042727867276,-0.014675240307366062,0.013510222313233483,-0.036154173018936246,0.0017246256496723093
2025-07-02,0.011630365095600718,0.01901602996500683,0.0056799790393461756,0.015251357081896419,0.00547510529357665
2025-07-03,0.004516491782468688,-0.0006524120534452053,0.02259105678115706,0.009541260191216903,0.01858215930727979
2025-07-08,-0.031031538676942885,0.0061890796239310935,-0.023173374204889338,0.006242511756661471,-0.03147581593578771
2025-07-09,-0.006574811529087369,0.032194725509002126,0.0025710318557384607,0.03382021589967853,0.0013438950005660694
2025-07-10,0.0027753655162593787,-0.01217190850828456,0.01503657578645012,-0.004064975624764887,0.017763630089264276
2025-07-11,-0.0051096279497713825,-0.016814264487369984,-0.004019184421939727,-0.013216773779848827,-0.00461501239164562
2025-07-14,0.007275837054840205,0.001044331650545652,0.008878031534208089,0.004727181084858426,0.0064144049473455166
2025-07-15,-0.01954533576784006,-0.005868515254622282,0.036800043372218524,-0.005293028412027141,-0.007447162308350056
2025-07-16,-0.002600250202767758,-0.0019677193425191495,-0.00771609928677878,0.0,-0.002547510690803602
2025-07-17,0.02150775866426297,0.014064086360815412,0.03410357033926929,0.0230587395536528,0.014274634018463192
2025-07-18,0.006380304653423949,0.008943529635247957,0.0038672359622435736,-0.0038528438059269037,0.004725778197296327
2025-07-21,0.003381140983688234,-0.0012846454549705103,-0.008560723417990702,0.010829657166630691,-0.0010300443418675713
2025-07-22,0.006107866217573909,-0.00848973328625233,0.01457083765873891,-0.008991820068589576,0.0015810298550534643
2025-07-23,0.007745391265723466,0.018162891087998605,0.021170301350506057,0.01969113168591251,0.018289131614985556
2025-07-24,0.005193179980191295,0.003950038160894363,-0.006250587270224936,0.09125328105356019,-0.000707692079764399
2025-07-25,0.0012399817424427946,0.0010154072166500387,0.007128622006685051,-0.015961105061634916,0.0069803445308540685
2025-07-28,-0.004540808935635858,-0.018891848519120517,-0.005412680547891981,-0.01057826913953029,-0.001138650443127044
2025-07-29,-0.00580553682703763,0.014215523133309047,-0.011198410098338338,0.018353529183408473,-0.004157147633496298
2025-07-30,0.00020864088657820455,0.007517898044317567,0.014077120009962711,0.01837268561647006,0.008719349741289094
2025-07-31,-0.014386992579835993,0.012520447108040973,-0.022022840292631324,-0.003951881746545585,-0.011314023199069252
2025-08-01,-0.034059638163923,-0.04409186860426097,-0.01995714446186722,-0.030705526075272483,-0.023190610334723017
2025-08-04,0.004161124643338846,0.025741530596430293,0.009316952254782993,0.0332799857915024,0.016898787459356926
2025-08-05,-0.006324836056284664,-0.0015287375651656468,-0.0060816538529207004,-0.0003445208283236845,-0.009821303435251852
2025-08-06,-0.003073009552662886,0.011737851471942205,0.007757904788926837,0.026188860028514,-6.86460605927938e-05
2025-08-07,-0.011008352223560114,0.002521986966763105,-0.010842439086131875,0.0,-0.015136326514129467
2025-08-08,0.024265249719794234,0.025157242987383262,0.01644188676285926,0.04264603795138896,0.0063429099047392756
2025-08-11,0.00326022437766957,0.0006135270809657384,-0.004529372417981872,0.003220630063810918,0.0027703388354819534
2025-08-12,0.029029601083657975,0.002452404348460179,0.037157520198649055,-0.004975909649062013,0.011362113862153158
2025-08-13,-0.0054736864103659055,0.014556694720126245,-0.011385076798120107,-0.002581050410849826,-0.00792217028833545
2025-08-14,0.00994907017736541,0.012056814627834136,0.008557806118441962,0.0,0.012494429028433215
2025-08-15,-0.016139173325556908,-0.0028592289227802044,-0.01854160948809684,0.010674432029320013,-0.01247633990874149
2025-08-18,0.020877752662929343,-0.016845833572342248,0.005656879412016803,0.005440894627313492,0.003580195581640024
2025-08-19,0.0033388873563694604,0.006926766943079852,-0.005094506488965673,0.0036606637109917015,-0.002984146047068537
2025-08-20,0.00561557207677774,0.005430819843787456,-0.006080544432569206,-0.008087602706447303,0.005435752313595474
2025-08-21,-0.0018614312409274275,-0.00708194095791918,-0.006225233034417986,0.009112726476484069,-0.0026347935995355287
2025-08-22,0.02527975548161653,0.007978624150145566,0.028836836273693562,0.004436007355343195,0.01636529948891104
2025-08-25,0.0,-0.03538007670428222,-0.0027294209165282008,0.0034700323130037623,-0.0045232585982204416
2025-08-26,0.015561921125138456,-0.042272939797566716,0.0075789761924014085,-0.012731845312119143,0.012444823159558461
2025-08-27,0.0025870273292718225,-0.006490875377006739,0.012014238833943218,-0.03359339855926492,0.0023780648098362203
2025-08-28,0.002183427960346707,0.0048347306584235455,-0.0005162787441111455,-0.004118590497278049,0.005981026202280617
2025-08-29,0.004951469120671861,-0.0009103177977852138,-0.0025819265302998488,-0.006451593491789255,0.001162601759791359
2025-09-03,-0.007139962695523378,0.003292020383503847,0.002637744087218526,0.0035359588009403393,-0.0006339083965175536
2025-09-04,0.01118653993178873,0.01798128661555417,0.02157222330933909,0.015436275582640938,0.014390143956228441
2025-09-05,-0.011323006269118691,-0.013408900609877318,-0.01730527345541841,-0.012888262568492905,-0.031071064138419
2025-09-08,-0.006228647859647079,0.0023523356515540842,0.004926515431832442,0.005356521895673443,-0.004993580013395307
2025-09-09,0.016781324771834437,0.015254351463664032,0.01533321771345108,0.01681646926693171,0.016865373618045035
2025-09-10,-0.0031815744115904635,0.0037240252732118583,-0.0017464104659446376,0.008842355461472363,0.009031295810073345
2025-09-11,0.012367835013480925,0.015992893894963146,0.016980610852399287,0.02061352049280433,0.016703304356282766
2025-09-12,-0.003349687666927799,-0.0013851816864249432,0.006273976477431844,0.0036577530341995192,0.004418122916877134
2025-09-15,0.00019761299964182643,0.012988673391623762,0.0035196923642482883,0.011408665518561808,0.00648383419761253
2025-09-16,0.001383703715899627,-0.01444053470936591,0.008517899605797217,-0.03446655905661941,0.000938881020610879
2025-09-17,0.01460719717634328,-0.018946578408487826,0.01112882677375858,-0.0025961271474858895,0.00827977825659712
2025-09-18,0.014202363384421709,0.00927002574182014,0.006387578286987031,-0.009272832551533139,0.004747428199133563
2025-09-19,0.002301883286424762,0.015435571466842015,0.0026364238853706632,0.015435154839458197,0.0049483913650615165
2025-09-22,-0.006315825675919624,-0.011557745146647197,0.007888625275427753,0.0,-0.007433792067067702
2025-09-23,-0.004237287820881657,0.0031774804667656234,-0.004734717552010064,-0.00016169894763332586,0.0009601525303720455
2025-09-24,0.0,-0.008995342228941171,-0.013106835425052709,-0.0058224232840145326,0.002174482520879052
2025-09-25,0.002901323235513187,0.0026847633913349546,0.0045253130121279215,-0.01887100959322419,9.572490026927445e-05
2025-09-26,0.006943165655750117,0.022415599167165498,0.01282929429164649,0.013098940826781601,0.008326478973603299
2025-09-29,0.004022160474135884,-0.0011608133798482675,-0.002513915501529553,-0.01702120472381481,-0.0011705499850999538
2025-09-30,-0.015833587004801784,-0.0015493132459841851,-0.016091632219000746,0.0,-0.0008236504387522529
2025-10-01,-0.0176390991460079,0.013060837884698919,-0.027487703365940818,0.0021644517211663735,-0.014963669335741472
2025-10-02,-0.0039462880551360295,-0.010339531644114988,-0.013879067581839289,-0.0016613820733386113,-0.01017027013830276
2025-10-03,0.003169523077337937,0.0060621774940318,0.0041093322550092145,0.007655167662582002,0.008063791122450448
2025-10-06,-0.00493675651670136,-0.03205125558188301,0.003171691002288617,-0.013542518220517977,0.0021067048240394643
2025-10-07,-0.0019844995980033784,-0.011523178132670592,-0.0025496952216140663,-0.0010045326100080708,-0.004819239646801695
2025-10-08,-0.00894815886279188,0.0076376061711361035,-0.011247431363602248,0.021954095169598113,-0.01189504711844226
2025-10-09,-0.001003199623417152,0.004521358304535554,-0.008066167793957175,-0.0021318617334093255,0.004933709298697171
2025-10-10,-0.022896090981189124,-0.0005295303101506447,-0.020746505372390433,-0.011339335277522612,-0.015186614875115257
2025-10-13,0.004316484719904078,-0.0007946122438957039,0.023102390302823846,0.013962739169917401,0.023530118949580115
2025-10-14,0.025173966951606525,0.0041091953424537715,0.038917748875847855,-0.002131162799862689,-0.01912528477724019
2025-10-15,0.04372131379885426,0.01425737041992566,-0.0006009961583139251,-0.011664161174948841,0.011950508846754783
2025-10-16,-0.03519518574144854,0.014968176278743672,-0.03527757262532704,0.013962739169917401,-0.023389754519057167
2025-10-17,0.016653441882827982,-0.03962565112430384,0.008414671453208775,-0.06065572325361194,-0.0032825735954961086
2025-10-20,0.014820646905904391,-0.07731331932982459,0.022973225267002295,0.012914481890219313,0.016131111594110906
2025-10-21,-0.009992252034730092,-0.016931945715184797,-0.01057411906279619,-0.010682327749704615,-0.01742949495369469
2025-10-22,-0.008152206659292087,0.00647725645846454,-0.01984732812382521,-0.004702148702784415,-0.010030714629819483
2025-10-23,0.012915849677086779,0.005119181188382168,0.0040497959164618215,0.006999095268434485,0.0014621903269567364
2025-10-24,0.015649117537015703,-0.003492381427814839,0.021615609935046787,0.007819348938137197,0.020031224285313474
2025-10-27,0.008560071129514062,0.010367946765461239,0.022372916521658476,0.00517234045047961,0.012348435380442592
2025-10-28,-0.0028291636522692477,-0.03540980881677899,0.003960734820963319,0.015608963692502763,0.003978273984245954
2025-10-29,-0.005485035659806713,0.0029967575930316087,-0.022388722658579968,0.049484898610772494,0.0004913028101330069
2025-10-30,0.00855822198909997,-0.007021221739523822,0.011097646463752275,0.0020920651181435537,0.012863815692467384
2025-10-31,0.007920150582992804,0.008876107829375928,0.010077803093220936,-0.006584257253302748,0.005429062526573759
2025-11-03,0.002057961725447056,-0.015806673957639263,0.009738579382760812,0.015518911382213906,-0.005689031500917322
2025-11-04,-0.00037338022209427427,0.0,-0.005904850059381409,0.004138838852970516,-0.00032331060497629404
2025-11-05,-0.020358623554744944,-0.0003030357492915974,0.006731980458193318,0.0,0.007857713267444716
2025-11-06,0.016015243636372193,-0.009699964389054403,-0.008260483118729242,-0.006975333571228753,0.0055827195887499384
2025-11-07,-0.001688868691707473,0.0022957255141848065,-0.0005948890428024424,0.0,0.002520455227363976
2025-11-10,0.004135337773615209,0.02305701026314044,0.006945064011573374,0.0,0.008529351485299007
2025-11-11,0.003931127807347739,0.008208985235809298,-0.007192731603383834,0.037675668230771064,-0.004007744013883297
2025-11-12,0.008950219594060175,0.025758693404935782,0.020940886520190913,0.026153718786161257,0.015176546861379911
2025-11-13,-0.022916336319493615,0.004329479905750937,-0.021386321470162225,0.0,-0.03411249150144776
2025-11-14,-0.004917728841344749,-0.010920967953684123,-0.003675296856934992,-0.044377685568381064,-0.018967453529932995
2025-11-17,-0.021478754259519738,-0.00770015460113569,-0.021036849518367755,-0.03310325251142753,-0.010671543130122436
2025-11-18,0.0031079549744657954,-0.023572437262736137,0.0013239481670878931,-0.04283629040080929,-0.0031959998506427083
2025-11-19,0.007358663120816027,0.005697872132408503,0.015357978880104628,0.012883518153445064,0.0128919821184529
2025-11-20,-0.01960782714861486,0.043983870894066274,-0.022037496462969198,-0.0015062614870470909,-0.016124166946488997
2025-11-21,0.01098041119322797,0.006426851302843982,0.01095975152540171,-0.014917862386094502,-0.0012065446683819621
2025-11-24,0.007175998950539696,-0.0007095345163739163,0.01003042204577172,0.004934494576092638,-6.709974433860123e-05
2025-11-25,0.010591216956283792,0.019170588238575103,0.014846015257992336,0.011852319690948885,0.01677843987071731
2025-11-26,0.009718016955810522,0.007942071041694122,0.013146164588107027,0.025100378024118516,0.015313624693302441
2025-12-01,-0.007642172417409257,-0.0033926513412992324,-0.008880296876633966,-0.003920335172510894,-0.013287260150049168
2025-12-02,-0.0009392059186704315,0.02233112811731715,0.004966887168730981,0.02082648464889672,-0.003366572161670868
2025-12-03,0.01692051192394727,-0.011054864487745347,0.03420882437562524,-0.016706819860682284,0.01380410585406256
2025-12-04,0.001294097114887763,0.01939397081313668,0.010026241238600325,0.012416315910506149,0.012719117916349337
2025-12-05,0.0012992598035446268,-0.003963606639181233,0.010112147422881088,0.004195544518921167,-0.0033533642962131315
2025-12-08,-0.0009268181962983021,0.01366232731275504,0.0003673672050001005,0.013498286910092071,0.0005394858981066059
2025-12-09,-0.006679011032919686,0.014655907310077588,0.004682406318800787,0.018867977756489317,-0.046635480810727985
2025-12-10,0.01008591608101091,-0.006835203099284598,0.0151694291968084,-0.003890420678962951,0.03194551491487577
2025-12-11,0.008875754545896288,0.021555621089732257,0.005851182409538238,0.01890326881853535,0.02344338467362409
2025-12-12,0.010630440051477352,-0.007372601617792422,0.0005369810438864601,-0.0312787662509615,0.0035919643450041026
2025-12-15,0.0034458180113007635,0.012677706691636124,0.008944582172865135,0.015986089311775146,0.004709169758890237
2025-12-16,-0.009398183845640399,-0.0027819436015942855,-0.013475229095084237,-0.008879903647307653,-0.013967802574422993
2025-12-17,-0.0047436388456804845,0.015470432520233201,0.0016175330612747975,0.0,-0.0018063489273613185
2025-12-18,-0.005316264837825616,0.0019979397686933718,0.012291372928160562,0.0,-0.006286169244011383
2025-12-19,0.018614144892083025,0.004486523297378751,0.017991721722355428,0.03630931361270803,0.013450425955421851
2025-12-22,0.01103673267901938,-0.004342412595472113,0.028121098978475752,-0.00030327578629809953,0.018536715100008996
2025-12-23,0.0016105710579694364,0.004486062108094832,0.011093315828778571,0.010468738330133384,0.008790070465712278
2025-12-30,-0.0012646843598182603,0.01096973576608212,-0.007787954217696264,0.01099238016257432,-0.0010192030648613446
2026-01-05,0.016800634152305025,-0.000610266672343566,0.03875317021732522,0.0074492976962173855,0.02629964132678795
2026-01-06,0.006328046092872212,-0.015878829353367114,-0.006488255422148747,-0.011830768957297198,0.006224686240595935
2026-01-07,-0.028122315454005727,-0.010798160013033842,-0.009224512558577857,-0.012122118718655484,-0.02277270780531306
2026-01-08,0.009705316574391363,0.0351317863351373,-0.006344211418945683,0.006514114013527305,0.008563024588912158
2026-01-09,-0.0058740289760027395,0.05696967480954453,0.005970118737892364,-0.00496685884399144,-0.001819367948914462
2026-01-12,-0.01181733676016546,-0.0025228911494762332,-0.029838447428725313,0.021025510766461742,-0.014277521145921417
2026-01-13,-0.011777512913412174,-0.0009197681974611544,-0.011894594289908649,-0.0017777995422356553,-0.041881133582052095
2026-01-14,-0.037770443659451036,0.0011507686872676258,-0.033447903441230914,-0.0011872322536592831,-0.009745849792895389
2026-01-15,0.002096055389546565,0.0043678042810495555,0.044924678491041786,0.0019316043561032894,0.004514931774873522
2026-01-16,0.0072257265774267,-0.0019455602729915671,0.004937884480714258,-0.004893994720992108,0.010379544850873328
2026-01-21,-0.0005758075277188368,-0.007637076691099446,0.009397152498505876,-0.00910347227509571,-0.002312133105916163
2026-01-22,0.007297886917122218,0.030200552310275703,0.015808874235665182,0.04017446009169991,0.005264117859369094
2026-01-23,-0.01391798897643255,-0.0023769527080393783,-0.017897392935125673,-0.015419280022028303,-0.019464496763157223
2026-01-26,0.00580045517414383,0.004538227204586088,0.010828453921885459,0.008210470944519174,0.01115143432691642
2026-01-27,0.0028834650902347585,0.018183933033441135,-0.00026118771961377505,0.011310500534294964,-0.0024249428280423203
2026-01-28,-0.006900492632861378,0.002662190266915269,-0.005139868598725618,-0.019832923594182775,0.0015316962350975997
2026-01-29,0.02451268695114737,-0.003872092497766468,0.008756537647552092,-0.01247526920400072,0.01878526929261475
2026-01-30,0.0022607061020635086,0.012883132845676533,0.004427083124309888,0.026035991206716656,-0.001729690748832266
2026-02-02,0.015601472922802794,0.01293857100933533,0.009729858091641265,0.004054133318578365,0.007355625063174564
2026-02-03,0.007773490255375223,-0.004979437509024417,0.012733356886632808,0.010318387789454464,0.021775739143063997
2026-02-04,0.01707992734422221,-0.01077017281553481,-0.0023787031987687296,-0.05387801372284167,0.0076861220555480975
2026-02-05,-0.00794517733429935,0.011547378827164776,-0.014391566622511093,-0.03942420730615385,-0.022409818542664245
2026-02-06,0.02894066857800143,0.013046292187341466,0.060048414283207,0.017915313221920377,0.039463486153245166
2026-02-09,-0.002122736372768794,0.012985599498752318,0.008802592506881379,0.01647993727375276,-0.00093048806953505
2026-02-10,-0.018081913754214123,-0.014408315301959589,-0.013088736425613583,-0.007240658669661846,-0.011859725795086923
2026-02-11,-0.02780289382584782,-0.003547306625810449,-0.038968523883114135,-0.0077691046205192954,-0.023438421571628256
2026-02-12,-0.02469819264662929,-0.011974071939512379,-0.053156111034928594,-0.014861001209805923,-0.026317534667601953
2026-02-13,0.0005712028033640193,-0.023910823361162865,-0.0026090922921570957,-0.03974045354442455,-0.0002974738339583156
2026-02-18,0.011755735862948407,0.020352868438039236,0.02188435911010312,0.022596034172351634,0.005372327181836277
2026-02-19,-0.011056933411515632,-0.004350127594129895,-0.006192448294569795,-0.0190322564599077,-0.002364158252277212
2026-02-20,0.00549551647306398,0.009484315460641338,0.003894371152994972,0.02104568370046321,0.008894742952802142
2026-02-23,-0.037504705856069596,0.011822956181871451,-0.04525860701756612,-0.012077283151532609,-0.04221498100001638
2026-02-24,-0.012923478999374795,-0.014293096291148168,-0.010744967427747184,-0.017440943197092492,-0.0012431491035961365
2026-02-25,0.025391780489991397,0.020004260382895676,0.043629104718107325,0.01526214397174797,0.020181642728992834
2026-02-26,0.011801127084859106,-0.0007263801528585558,0.01617984403950252,0.014379088260986616,0.009330769938703045
2026-02-27,-0.04722747151208375,-0.008307440306001336,-0.051639528934580806,-0.02400127381435748,-0.019044222796515336
2026-03-02,-0.00040133323006810424,-0.0358115053873383,0.011434712322778725,-0.034494180840371404,-0.009124192158079256
2026-03-03,0.003212185958510606,-0.040942627751411866,-0.006191056755675244,-0.04307690935128408,0.009073787728847106
2026-03-04,0.006603867738394098,0.011437010954164158,0.0050559252995930224,0.022150779814978025,-0.002897386131100746
2026-03-05,-0.00974143743154979,-0.025638175192907234,-0.021289967752217823,-0.02429214505675381,-0.019506455688926987
2026-03-06,-0.017968971486660535,-0.00781344776291846,-0.022212034409758743,-0.03546488051202797,-0.013864685824104299
2026-03-09,-0.015213772061169424,-0.011812331283113951,0.0005632004927554586,-0.013927563307506441,0.0015200188442071282
2026-03-10,0.01377870201226469,0.03562638679014435,0.02232857422197918,0.034274899884293865,-0.004104646261509006
2026-03-11,-0.0008237420592278867,0.012108221143379689,0.002018969207923369,-0.011835338095075938,-0.004190830232280442
2026-03-12,-0.028647967364683405,-0.0406977009721481,-0.03379433181008835,-0.05269947732780013,-0.016103083976032818
2026-03-13,-0.008699338810104245,-0.010606067819651526,0.0018009892035103995,-0.008364143938677866,0.0019441494546731258
2026-03-16,0.007277400336137527,-0.00011789415862205603,0.015706227957381677,0.01608472898120872,0.009596371267614902
2026-03-17,0.004674827870504893,0.011781365880646873,0.003353533509950099,-0.0013513551678763396,0.0025510370883854655
2026-03-18,-0.009517702196710581,0.01653481459162354,0.008912842707687411,-0.00309296970416837,0.0029627028745809075
2026-03-19,0.003843614850323439,-0.032187984423055656,0.010858507446178311,-0.024626702660090243,0.0007994110433214905
2026-03-20,0.003190843038388223,-0.027932245648527813,-0.003004088491166026,-0.015506911774057774,-0.004896382729087877
2026-03-23,0.007633600753103425,0.014854479131964242,0.019357238745693763,0.013933734000378943,0.011690410393198082
2026-03-24,0.01304711544428178,-0.004919010497759528,0.018810442334292434,-0.004580751033700767,0.008588885393816218
2026-03-25,0.01267138799513012,0.01651797790354148,0.0065060918159798465,0.03221289523671345,0.010328370772313638
2026-03-26,-0.01046150403145032,-0.028940775049918613,-0.018081717893435437,-0.020934391145427295,-0.012727709195087464
2026-03-27,-0.026326708407445398,-0.009649425477054776,-0.04474696469744899,-0.013462585004192673,-0.030240671116531784
2026-03-30,0.005535412279670173,-0.0019733950154917517,-0.0010243965572565932,0.0038129179466850076,0.0032880699097952468
2026-03-31,0.03218294457962852,0.0008649703604460606,0.05723880917517115,0.004198332476598004,0.036614158333540515
2026-04-01,0.010666676056690706,0.05420423069570132,0.016665144744898764,0.049771057574755494,0.004147464284507667
2026-04-02,0.0022326082672935975,-0.024361564488339798,-0.00043366829660704254,-0.02617107972753421,-0.002640676322181411
2026-04-08,0.031821844225604294,0.07477298563012527,0.054298633353974446,0.07296139027409781,0.035541383796725425
2026-04-09,0.015998419415367508,-0.005445665223941371,0.011579916045282785,0.004000000862673395,0.00766303647176091
2026-04-10,-0.0032251597779934444,0.009386516983336892,-0.004242709413708258,0.003621824834912037,-0.0014822655720735777
2026-04-13,0.015416778539765278,-0.006199515392994853,0.015194100553481374,-0.008119733427888763,0.012295471064092135
2026-04-14,0.0,0.014927129826563343,0.026132455788703594,0.03820261734085419,-0.008161175779035917
2026-04-15,0.018181841582875606,0.0028536582947458183,0.016283386532670356,-0.008585901764596907,-0.016681674347067812
2026-04-16,-0.014911660122269755,-0.010178406478029079,-0.01784499597953527,-0.00830686497015238,0.01314032500079304
2026-04-17,0.007475267023470263,0.04245907057402605,0.02195763702513288,0.03047583532103947,0.0010969392627851369
2026-04-20,0.0007419943543046393,-0.017819249188526756,0.006581947731345929,-0.021791760269096315,0.02159264399415279
2026-04-21,-0.00871179266091853,-0.004967607099155667,-0.010296926477718762,-0.007779351143309179,-0.012587117439969932
2026-04-22,-0.006731499877206406,-0.015194287151966147,-0.014808566621842673,-0.008018594413925802,6.386266348841854e-05
2026-04-23,-0.012236402941482098,-0.004738812954105941,-0.009404207560969643,-0.021914745614572132,-0.004248887032602684
2026-04-24,-0.00800461166135551,-0.014394773394051073,-0.004124127529905293,-0.006060643468644038,-0.010940369069907568
2026-04-27,0.011143166946325634,0.01291986334556257,0.00906393521940907,0.002032484241489228,0.010866764359610478
2026-04-28,0.0005699938948899076,0.015084216812483783,-0.00472358610278682,0.006638400356151721,-0.0005775845488592657
2026-04-29,0.0041777672111773965,-0.011035780580837243,-0.0071578318075919845,-0.0183183317601672,-0.0070637730640666285
2026-04-30,0.010968192220917713,-0.014142077447491328,0.0028994404514832693,-0.011009515599463731,0.012869881928304365
