Date,BAC,BNP.PA,C,DBK.DE,JPM
2022-01-04,0.03844598752505563,0.03294796114922514,0.007735435270312744,0.029863399342296707,0.03720891595522088
2022-01-05,-0.017022599503682578,0.0012640621463572697,-0.011705244705758667,0.013422861904006718,-0.018451345292188434
2022-01-06,0.01993546979471737,0.013488328919773883,0.03225060046249978,0.02500139295310521,0.01056817386987935
2022-01-07,0.021581455491862616,0.004817752523957719,0.01331421359808776,0.017621656828751327,0.009859301549794343
2022-01-10,-0.005096272716655075,-0.007782258505961833,0.0037935228941506824,0.0006466652865336388,0.000956664380006014
2022-01-11,0.005706101054724393,0.0056092482301692195,0.01622376337795522,-0.004860706018618132,0.0010156699137393078
2022-01-12,-0.007137706578502475,0.01495918460808293,0.002529882430955237,-0.007335557616348821,0.0056557798291380565
2022-01-13,-0.0020489116346651824,0.024643940837773017,0.007404104547974212,-0.001965276899581345,-0.0012475175809088085
2022-01-14,-0.01758602795732771,-0.00990547894350743,-0.012619924070944196,-0.020369984719620027,-0.06343360213524052
2022-01-19,0.0038835655006239605,-0.009283972978573167,-0.01636618278200735,-0.011978180440761429,-0.01559013017909533
2022-01-20,-0.014969340401557958,-0.01992196694786246,0.003418869199341383,-0.009207255209569073,-0.00856387883792787
2022-01-21,-0.018308846250027506,-0.026394309093263645,-0.018633505941145857,-0.01710328392670117,-0.0176269207912226
2022-01-24,-0.008271053478138364,-0.038196276466844745,-0.009049721852398534,-0.06459646661089706,-0.0008964903819522006
2022-01-25,0.01956079407148382,0.03209186258808197,0.022238812658856365,0.02876441288522099,0.010841260880808765
2022-01-26,0.010292485910697374,0.029999898049899658,0.00993337747579663,0.030766067918254245,0.009441120348556905
2022-01-27,-0.009412445337275857,0.008563776046042334,-0.00930941142417101,0.04285154666814058,-0.01780190269890892
2022-01-28,0.008758440753148414,-0.027028846776541788,0.008382374362484717,-0.0006714883239436286,0.008906339108254568
2022-01-31,0.005868767149996576,0.003498241813306835,0.00662517348142035,0.028306178866474553,0.013482411303502567
2022-02-01,0.01719028977793392,0.01917993464239521,0.02187182899019292,0.030697489913107577,0.017014573757950725
2022-02-02,-0.001065745010896359,-0.0117472651222822,-0.004969949937040256,0.0003164324660984448,-0.008037597882334263
2022-02-03,-0.009858736097399304,0.002674870715624203,-0.014754501370405135,0.04788566011276181,-0.008304371930207721
2022-02-04,0.03907159520162546,0.010317540505739731,0.020332637430603286,0.023698744454563048,0.02562718202586086
2022-02-07,0.004752441687031858,0.02138698431911602,0.0042282664528001945,0.008799145697143466,0.0033371467097905168
2022-02-08,0.01777582089773896,0.00470800026202842,0.01138754283497594,0.04817102465692807,0.018640233015835974
2022-02-09,-0.002027485816621964,0.010700117800721023,0.01066982079472813,0.002501424639545823,0.004159486453280667
2022-02-10,-0.004678010927691617,-0.00225112032920838,-0.005024443013159368,0.003602191970593189,-0.004159486453280591
2022-02-11,-0.023307334923600116,-0.025256030081426503,-0.0051984582524725355,-0.004435254088325517,-0.013102545854989033
2022-02-14,-0.010488932864460393,-0.0497537485315651,-0.01032888966885132,-0.03548820356535729,-0.009333962739401428
2022-02-15,0.007772671285587415,0.028418254949529684,0.008092490531190055,0.00874109977523065,0.014518096780290472
2022-02-16,-0.0023044877582097142,-0.012353663724766668,-0.0007465350445643748,-0.009605068707041748,0.001808165618035275
2022-02-17,-0.034350139435609175,-0.011701709953570465,-0.03403044202918704,-0.014071518378621714,-0.023301625268154845
2022-02-18,-0.0023903508039806623,-0.0016136918950456353,-0.008847548746168221,-0.00924633655202242,0.004677669228143367
2022-02-23,-0.017268628910171346,-0.01863318475918105,-0.010542395093671102,-0.02531005500644538,-0.02116129124578432
2022-02-24,-0.026704558831963893,-0.07784796238433002,-0.04117097911522185,-0.1339530960487407,-0.028238059417276994
2022-02-25,0.03204958979341063,0.029687465905088854,0.021362419002421754,0.05343129375833329,0.023383890818642363
2022-02-28,-0.018381817515406452,-0.07765201091685936,-0.04538378801604819,-0.05343129375833323,-0.04259196177421752
2022-03-01,-0.03992689507470526,-0.07051077252084244,-0.010864034133308201,-0.07868187875414831,-0.03845939402037882
2022-03-02,0.016116268376347456,0.02082985042642461,0.01642005568323294,-0.0019235320526328444,0.020528063686495523
2022-03-03,-0.010767850858274202,0.015785834000881363,-0.033114467899625015,-0.027917807070775305,-0.0071332015702106595
2022-03-04,-0.036917298333238244,-0.07282080640802964,-0.01803737662273383,-0.09919809461323471,-0.028532556105896695
2022-03-07,-0.06585803634136801,-0.04098075183668183,-0.01854894742333911,-0.02804596504942022,-0.03938139107685622
2022-03-08,0.006499494661931856,0.031827938049924225,-0.01231664500165062,0.02487075858366111,-0.0070677656865328654
2022-03-09,0.06155400919486319,0.09489211476611259,0.019491606335182564,0.07263434181071748,0.039280684584304636
2022-03-10,-0.009056568553499948,-0.04119065966849765,-0.01930937696317442,-0.006753397078900613,-0.01191130237072626
2022-03-11,-0.00839482476683609,-0.006404165998028608,-0.013206383459006998,-0.015415953255037203,-0.02278122676204109
2022-03-14,0.02134252779785744,0.03958945471730266,0.0012916929894180983,0.07674085512123564,0.009881696873110557
2022-03-15,0.007255355525040906,0.0054741755556352726,0.01609690729275252,-0.002900989935603282,0.017590666033363282
2022-03-16,0.0308445568569061,0.057948654587873634,0.03020504217863755,0.06957372889539219,0.04371588698877479
2022-03-17,0.005359423288301577,-0.024209762103372404,0.00858985601515236,-0.015659345988200464,0.01256561163926124
2022-03-18,-0.0030257390718681776,0.005639238095412886,0.0010467380678144378,0.01149542989083672,-0.0003571263000172036
2022-03-21,-0.0013996950126381506,-0.012068861838217284,-0.00647233073618653,0.004886360779528839,-0.0032170875316005995
2022-03-22,0.030799983629459557,0.016743824989694046,0.009084469524468246,0.054627664958085964,0.02104457852480021
2022-03-23,-0.024981226961224214,-0.02589185333693524,-0.020202767126450152,-0.009101045748916991,-0.020113836664923234
2022-03-24,-0.00046402893704737574,-0.02187263378278217,0.0012415234753911303,-0.004668571886076774,0.006489175490052952
2022-03-25,0.015207546489191728,-0.02176138023388146,0.005655709760556473,0.01017335148145635,0.008704569108061843
2022-03-28,-0.004124806239693626,0.02117402764752021,-0.014557329833908438,0.00034306829343419467,-0.00742618896356196
2022-03-29,-0.002529073089899287,0.062063458382858025,0.009787502237632055,0.025900841510182914,0.002198135567370091
2022-03-30,-0.010180449066346957,-0.023460383073708704,-0.026921977983675596,-0.02830460531247272,-0.004543495829915977
2022-03-31,-0.04227655692220689,-0.021903601383726986,-0.02897693573373787,-0.010715521740870608,-0.03048716966484484
2022-04-01,-0.0077932578178965765,-0.004632360506893736,-0.02024076225648052,0.026745831837363128,-0.0074363524344492355
2022-04-04,-0.0017130632260938022,-0.006794040638610087,0.00894122398869726,-0.0013543852432462559,0.0044244410449194894
2022-04-05,-0.017044009442314174,-0.04664989855882808,-0.02337723474383551,-0.003393822816287224,-0.01170558755505795
2022-04-06,-0.01102192918472781,-0.035415784931131476,-0.0205666190195048,-0.032127101813720624,-0.013971564029187632
2022-04-07,-0.007839389487887679,-0.01566262913689756,-0.00994458433940589,0.000526380797910508,-0.0030467692839662285
2022-04-08,0.007083267929290378,0.027224664326788262,0.01684717117638234,0.038208218681219215,0.01814246726237002
2022-04-11,-0.002018554358840147,0.01863609399515385,-0.006507042618083721,0.006731690503112077,-0.0036773456820543876
2022-04-12,-0.010665535726272385,-0.0007182889529531386,-0.004162799965744168,-0.09826652926631838,-0.011038141960286886
2022-04-13,-0.00897536540107754,0.004404125840485856,-0.003781501647577067,0.00810909908969465,-0.03276457259541096
2022-04-14,-0.03272977613922544,0.011785257693309866,0.01543355009541681,0.007315240593536874,-0.009312443864798237
2022-04-20,0.0022718407101715993,0.02941532362747846,0.0033957012034098216,0.019442617452579237,0.003501972737641884
2022-04-21,-0.019091462590224793,0.02258120311293181,-0.008890567711588861,0.0,-0.007782200592507947
2022-04-22,-0.03531186793570416,-0.012868675378013778,-0.02696107407774932,0.0,-0.029142849314159877
2022-04-25,-0.007214486582292686,-0.01715777894099732,-0.0019538570315892406,-0.07648355472340221,-0.0003154102711733308
2022-04-26,-0.022783884891640113,-0.008095470537959648,-0.017758924031424286,-0.026522603347392898,-0.030027533696499485
2022-04-27,-0.005501869407684413,-0.013874601883439482,-0.012621684797685344,0.0,-0.013091385215977464
2022-04-28,0.015330301934673132,-0.0057457790280476114,0.008432132399746023,-0.050461512542644166,0.015689029416284098
2022-04-29,-0.03117938068633134,0.004941329680072774,-0.026608241504240963,0.0004158750207729922,-0.03280055991287185
2022-05-02,0.012809928289325909,-0.01827274071011038,0.010317853662949123,-0.015599952065367335,0.009090683023697482
2022-05-03,0.027025005071657518,0.05024773251179025,0.028136666765391533,0.03971958006587908,0.021193481271008077
2022-05-04,0.03934492269164877,-0.006058802969380548,0.04163615306731927,-0.004370116054204629,0.03254589785710668
2022-05-05,-0.028363015607595982,-0.0060957359461011095,-0.017771423141153174,-0.038097072477363964,-0.025338087337153533
2022-05-06,-0.0024004048568417487,-0.002172128190526951,0.006023508853570888,0.0,-0.0016150842859433334
2022-05-09,-0.029262557579176205,-0.014735415742538371,-0.03408879001298395,-0.05379665417734668,-0.015148117645053189
2022-05-10,-0.016914367379869538,0.021237280787462152,-0.023115181507452696,0.01606063375217964,-0.024674110298874823
2022-05-11,-0.005327049960397331,0.023868506546199927,-0.022612912062573362,0.023134287261553328,-0.006328331863624796
2022-05-12,-0.01415670253970889,-0.014291458011122998,-0.023350366917284694,-0.01973394837822759,-0.0008468687347093773
2022-05-13,0.002847214606318127,0.018692024243813714,0.02293087291264229,0.0,0.008855985589097752
2022-05-16,-0.010288500564608555,-0.0013371967246874235,-0.003785698132969269,0.009481840437889771,-0.00699397720302116
2022-05-17,0.03333653869239962,0.02249406848540994,0.07291843893290345,0.03401739267445494,0.03260984901063278
2022-05-18,-0.03132788118030941,-0.002995128947850219,-0.034475778521004585,-0.007049515969427587,-0.017253922465034925
2022-05-19,-0.012404542052922015,-0.0028161726248338934,0.009283509587829288,0.0022149379446051464,-0.014933190234936096
2022-05-20,-0.017274593218916768,0.009728701724124279,-0.0006027629905751481,0.007505162934145602,-0.008232560822548387
2022-05-23,0.05766726607968578,0.04072621123614116,0.05893252432109322,0.06772444503128694,0.06003291726809247
2022-05-24,-0.006152490252474974,-0.008477889337513238,-0.0017071874873950147,0.006566559220755029,0.014026263497987402
2022-05-25,0.005315246817103766,0.003669576017130508,0.00037961769197743256,0.0,0.006940238053038312
2022-05-26,0.022894563060067256,0.015875114324722304,0.026033874200949693,0.03220095755781788,0.017142354115925018
2022-05-27,0.009499224909237425,0.016000186745077836,-0.00872723440629437,0.0,0.014038931183929938
2022-06-01,-0.014349848997728358,-0.005096782233507204,-0.01928233318332764,-0.008324467334133046,-0.01770081523876549
2022-06-02,0.006561166193628152,-0.002652937862625377,0.0007632078430888053,0.0,0.015959905258827636
2022-06-03,-0.013994129491958355,-0.002660182471738425,-0.02120346341240441,0.0,-0.014037605631254862
2022-06-06,-0.0011057645400025327,0.01360557084305597,0.0013626368109749315,0.016197822793750222,-0.0033090713245438486
2022-06-07,0.005517098362263153,-0.015700656385227097,0.013526893982681937,-0.011542949703394223,0.0026175495559660087
2022-06-08,-0.01273534582362841,-0.007079235344551659,-0.01333229768804721,-0.01914480420427291,-0.016042587228711
2022-06-09,-0.03920975429253996,-0.017236872759913802,-0.028409855253263477,-0.012504134710387142,-0.021239531792755867
2022-06-10,-0.03960324114611147,-0.051920616931391626,-0.04628179599663682,-0.060300007810835464,-0.04705592071180006
2022-06-13,-0.03528491317034082,-0.04052202510513828,-0.04326187824977257,-0.019060585707698453,-0.03023083854086945
2022-06-14,-0.017643808019577562,0.014148407174953236,0.005892363927523279,0.0006484514527012146,-0.016779397800326477
2022-06-15,0.018580178360162847,0.01987097125752314,0.034640949647378454,0.02559883629089461,0.011766508880346737
2022-06-16,-0.0062598201814862975,-0.015970227643668577,-0.01460803948841261,-0.016778668068646033,-0.017305170289453154
2022-06-17,0.0021954728773750085,0.004618943941796403,-0.007921931856754081,0.006723932608801756,-0.003532725037851201
2022-06-22,-0.00763949461930104,-0.006402954594258084,-0.015973511559470313,-0.0015459060025051763,-0.0056275628301963075
2022-06-23,-0.016079578582895788,-0.048035907911132325,-0.018172450706278393,-0.13003019817893585,-0.010999855248622483
2022-06-24,0.007144105791929091,0.025245660387408875,0.03205868326407477,0.04670684620141542,0.02940902422328651
2022-06-27,0.0012371667155951528,-0.002715815482630947,-0.0006269516183867354,-0.003256666571998867,-0.008044478511212802
2022-06-28,-0.002786024833708134,0.0021940721849702458,-0.013047556647905537,-0.0030418635034455137,-0.004823426846090608
2022-06-29,-0.012476674181553935,-0.017475928460599022,-0.002332554654583982,-0.03350082482497243,-0.00449990305154633
2022-06-30,-0.023179378411829467,-0.03710734188342345,-0.023848780322487682,-0.029962725450887254,-0.023606831897704128
2022-07-01,0.013718575424010468,-0.0012132595225068936,0.018953508243499156,-0.03237694129728763,0.012706356884070335
2022-07-06,-0.008357359510728968,-0.010762590606674581,-0.009918127765269654,-0.009708240679925775,-0.006503158492182046
2022-07-07,0.02800945753005865,0.025346442223137578,0.016760380416797248,0.03765353965139999,0.02497816977600426
2022-07-08,-0.0021995459057106265,0.020220723117230045,-0.002346955561131649,0.02681988021846752,-0.0031430142193553307
2022-07-11,-0.01043483130591747,-0.033211488410165566,-0.013547067395154844,-0.041076181990437104,-0.01320320118971745
2022-07-12,-0.003183811865567366,-0.003645044265803503,-0.001299770243782702,0.0,0.0009741115671407712
2022-07-13,-0.01672065651954677,-0.025074988401857786,-0.013751002098155857,-0.011758719047664633,-0.009427185090522065
2022-07-14,-0.023290984093825687,-0.0387713867628781,-0.030346300335857168,-0.0134612353012255,-0.03556387862555822
2022-07-15,0.06799657446228433,0.011369261868321807,0.12425660686831683,0.016157435700347257,0.044814009615811556
2022-07-18,0.00030992940983768345,0.02082788565087293,0.001799154290766729,0.03428194915462544,-0.01032299806304562
2022-07-19,0.033229738370620286,0.03358730456458377,0.04031859260089725,0.043756695102608927,0.02447662631993789
2022-07-20,0.00029983436265925773,0.014136556690994725,0.006119777238821037,-0.003921355111326616,-0.00017474260757953858
2022-07-21,0.008655382247724554,0.00011239338850511354,0.002665508907121674,0.007236475650650192,0.006786848746953043
2022-07-22,-0.006559180857938932,-0.01618702699854261,-0.013014363279891542,-0.02368244364465334,-0.004867815819785133
2022-07-25,0.008933818434183982,0.02055646202124932,0.004804244701129578,0.010714493792264263,0.004000140837959784
2022-07-26,-0.02036599191335647,-0.009209561939373216,-0.014677644372823807,-0.019589373534386712,-0.015745331953072234
2022-07-27,0.016206777748133238,0.0011277964020413275,0.018313827984114378,-0.01649883894807659,0.015918970757997638
2022-07-28,-0.00807068289092294,0.0075225652431817665,-0.002294878831292964,0.03489007409943094,-0.0037382549344455625
2022-07-29,0.014598909084772174,0.02866791335189374,0.0034743061217108275,0.02193732521334508,0.004779019841018419
2022-08-01,-0.002962127402962553,-0.003048020001211093,0.0003849085906376404,-0.014650519634881332,-0.010018683272080026
2022-08-02,-0.020075714453016702,0.011706030947472959,-0.02279232630450408,0.000951591898364569,-0.015708075341272512
2022-08-03,0.01799700471150149,0.018364834673535186,0.016804013708270185,0.018145816806347543,0.010440665851015888
2022-08-04,-0.007159629645021193,0.02238824767753271,-0.00680468029358296,0.007213609874513952,-0.011063619211271624
2022-08-05,0.016627147229175382,0.010497264816335727,0.007772960503629388,0.014844055213765094,0.029811198313317737
2022-08-08,-0.013936338209175989,-0.006882804278122878,-0.0036848517551936076,0.005012968078311579,-0.01225532604321432
2022-08-09,0.012757920400008211,0.0,0.011973935124813666,-0.00821626826959096,0.008967195259665337
2022-08-10,0.033341153172257776,0.014937864951183962,0.020897546543317814,0.011620138550346203,0.02575326931815699
2022-08-11,0.02366980224419134,0.006478371955528774,0.015113618606920612,0.003956268598451261,0.014673491620050681
2022-08-12,0.010802054208543185,0.01750316942680636,0.007012409483979019,0.021981320901086232,0.01642820855707842
2022-08-15,-0.001378726091276379,-0.006964626609802346,-0.005716721069688864,-0.013220118011245058,0.0026984674478353647
2022-08-16,0.010701395849658592,0.00099793540772415,0.0020321687977051263,0.0024572672466596397,0.009508802196349347
2022-08-17,-0.00629711636168619,-0.013152240598924137,-0.007782324702650674,-0.01212142293981139,-0.008447792545030417
2022-08-18,-0.0035769547365773376,-0.009035125937230366,-0.003913789620086132,0.0013541236424893985,-0.007779603026376861
2022-08-19,-0.022297182228530103,-0.028339803521395934,-0.01770960261122688,-0.042853692905823144,-0.02505649553790007
2022-08-22,-0.021653401707796446,-0.02507033871865776,-0.02619055979323611,-0.012912707849213723,-0.016659923182755818
2022-08-23,-0.008968449188558892,0.0031147664451700793,-0.0058708635098791515,-0.00597943989852422,-0.009905849125326502
2022-08-24,0.0031915911660728206,0.0007503378115363249,0.0011767288045074174,0.0026354162734593916,0.0024209661121795166
2022-08-25,0.01780102037066343,-0.0005360039563660484,0.02037547998194945,0.0005979908525209851,0.023470141399001006
2022-08-26,-0.032097564605551986,-0.016976159720975936,-0.04478370969700079,-0.023345558859168718,-0.03327621046570727
2022-08-29,-0.0038274141338603147,-0.0019647186749231715,-0.008270346437219368,0.008651775090100023,-0.002444632775008396
2022-08-30,0.005588998459149895,0.013673502965456275,-0.005891225698830691,0.018035811633176572,0.00017467912082513913
2022-08-31,-0.014180461613362607,0.0020458352073668435,-0.005516432260141286,-0.008256011835015268,-0.005961204683322009
2022-09-01,0.002393175777421447,-0.010923167973563679,-0.001230066980115044,-0.023461854178651317,0.0068347275162947505
2022-09-02,-0.0011959656341494727,0.03210198959240542,0.0018444890390175992,0.05305683483250082,-0.0070106719144924475
2022-09-07,0.015308801765454492,-0.0009670027784640819,0.008466752645047171,-0.019695020694113212,0.018812635890358823
2022-09-08,0.031664749591455627,0.01969084196399848,0.025780300552614595,0.05403504224653761,0.023028627975777184
2022-09-09,0.008334462367070498,0.02580251445569071,0.015312990377663765,0.03208104506748798,0.004794565963785723
2022-09-12,0.009400527431894207,0.03789250522107746,0.0039393714698812594,0.0313007458493664,0.011762336623626373
2022-09-13,-0.03667211888587432,-0.005354430882418072,-0.037452994323262434,-0.02105323975161562,-0.035366869569768
2022-09-14,-0.0038306951648035925,-0.0007957475594024071,-0.011700959135765323,-0.00044336953913850835,-0.002322269446831649
2022-09-15,0.018719146771895366,0.0021867104297563175,0.00020639666407044058,0.023231250014862318,0.014958204480899673
2022-09-16,-0.011365115560094365,-0.020766137110259295,-0.006835942182968836,-0.017813650175669247,-0.006724869995637792
2022-09-19,0.016567493499290393,0.0006080847852937265,0.0026988119934938204,0.0028627461582952473,0.009182118644126248
2022-09-20,-0.01510336255959743,-0.018713304932272058,-0.02073604349793908,-0.012502189950661489,-0.019916069195758307
2022-09-21,-0.030305205709390225,-0.009854390716870455,-0.019662835182621567,-0.018314032311955723,-0.02925924079554594
2022-09-22,-0.019802613443862218,0.005302346390885077,-0.016320593425228735,0.023975929883134097,-0.011444190592281191
2022-09-23,-0.023977485825400453,-0.02764948521318843,-0.029387926664636188,-0.04540824521361614,-0.018788722122125023
2022-09-26,-0.022308147465408486,-0.01492810358439265,-0.029113616664151066,-0.016469464408563228,-0.021767127958752006
2022-09-27,-0.014935465671192983,-0.024092153988923993,-0.009348223878263543,-0.043691922001356034,-0.008841304824445567
2022-09-28,0.01622373867441255,-0.0397974542940373,0.01883983461337101,-0.034291880693502905,0.020015584939519705
2022-09-29,-0.01328386871743578,-0.01897941736604267,-0.02354676928937419,-0.03366461277167717,-0.017091188110162654
2022-09-30,-0.015117004427495676,0.024844707264083464,-0.017130971721386338,0.006824240143724048,-0.015760342410335245
2022-10-03,0.029044454949933098,0.006286837735910775,0.021133287254069814,-0.0020946906993734343,0.030441226474488752
2022-10-04,0.04065455670929742,0.03570388077519312,0.042549699724443155,0.05606552462251117,0.045722085737694464
2022-10-05,-0.01430809824030134,-0.030362681170242184,-0.012917762721046252,-0.016996165129016763,-0.012423623813764037
2022-10-06,-0.014515927954650258,-0.0109404391263732,-0.01795224570247669,-0.008480492419089929,-0.020592926584932354
2022-10-07,-0.022826864345854403,-0.00045842171368494765,-0.020411407602997884,-0.005736496658705668,-0.020176209656768397
2022-10-10,-0.0029311166909288156,0.0038901277952368054,-0.014082941039073656,0.017991129031885843,-0.009385424239988263
2022-10-11,-0.029457858905142964,-0.02357128455091425,-0.02803362114133863,-0.02363221382442861,-0.029284448749683365
2022-10-12,0.0030187531316792243,-0.009869572640301695,0.009595614791767211,0.001284877613120803,0.016053205614805395
2022-10-13,0.059481389576875335,0.02553032251534086,0.050374617172252154,0.07087429436198155,0.0541027587433725
2022-10-14,0.00031551405789274705,0.014171721035336924,0.0064978005672485075,0.02958198897456362,0.016504005265077813
2022-10-17,0.058804325904480564,0.029519233111076498,0.008293435003416937,0.0022041563464323902,0.04114210282581052
2022-10-18,0.03679278401204858,0.01725855802238613,0.012764965689482924,0.025511775577146935,0.025395513852060937
2022-10-19,-0.027909091843944103,-0.00553821463433468,-0.018517007060027086,0.003833227323389802,-0.019800890888387712
2022-10-20,-0.006506868826797405,0.010399663900053382,-0.009738006424983316,0.004714905885954474,-0.003266908726052678
2022-10-21,0.036420694410874775,-0.0003233410962302505,0.030743318429067093,-0.0037027434636602314,0.051194137062953345
2022-10-24,0.003427491303187752,0.012534414396845836,0.003383240038708849,0.024539020565580397,0.001226350990943159
2022-10-25,0.009083309753073842,0.007847223375003484,0.02028390942935225,0.016211017764461173,0.002611524212340645
2022-10-26,0.008721291073275239,-0.002220649731567632,0.001983757604543369,0.011908161331682652,0.011425832982887409
2022-10-27,0.0047505318216276085,0.0035930143048503362,0.0006607934814046861,0.04982056967914651,0.003940417367829213
2022-10-28,0.008605203316376622,-0.0024291521316462056,0.015070677020586088,-0.0030485342315697546,0.01180801373748402
2022-10-31,-0.00387690072419177,0.004431230188428236,-0.005870433011829452,-0.017038295756183545,-0.001587633242598093
2022-11-01,0.004429667020907497,0.007237695277670498,0.007819297232395547,0.0070147066328418465,0.01787247362344667
2022-11-02,-0.0030433087725078435,0.0008358175888122155,-0.014601792052323889,0.0066595977021058515,-0.009250654028969447
2022-11-03,-0.005557118684123495,0.03094878857830427,-0.021525300050554308,-0.012743098152476002,0.0018098216469778661
2022-11-04,0.024767557069066977,0.024897740031784032,0.023767762587264197,0.005877883078495448,0.026990933072572845
2022-11-07,0.0059619801829032815,0.0011841888276221872,0.013207382250608884,0.00410422540820014,0.005266208344484867
2022-11-08,0.0026981622006036527,0.0,0.008492073775379232,0.010694249744230657,0.0006087489816139942
2022-11-09,-0.016026487050514654,-0.008519130616881521,-0.01661593419113862,-0.018197224332039606,-0.01309404263879577
2022-11-10,0.04314142372840652,0.011670581824094401,0.06528228469553697,0.027574681086686134,0.040334417690607825
2022-11-11,0.007316627710348385,0.017737577915741074,0.035902672876408345,0.025172349139133864,0.0016276971812487105
2022-11-14,-0.017067708491258455,0.008081557516508478,-0.02358719263049053,-0.0039225272510879814,-0.010326609325339202
2022-11-15,-0.0015902816615938407,0.005542394522971051,0.0002039463136585677,0.013467724762849072,-0.007270101459325101
2022-11-16,-0.009059345405496147,-0.0072686603759262005,-0.01355261057105103,-0.017800126851245553,0.0013531771422221602
2022-11-17,-0.005098796585473606,0.008030658736475852,-0.00248393437993434,-0.0033606441043431035,-0.004366677242431084
2022-11-18,0.0005380476858902373,0.015120491185761364,0.008461631819041063,0.011027978795365644,0.009760653168246598
2022-11-21,0.0032215495163934317,-0.013027890897964115,0.004510902900237077,0.0005875946484617598,-0.005919903876836274
2022-11-22,0.004812613946457472,-0.0034265728239563386,0.00916409633728763,-0.004905435194810043,0.014845830540803833
2022-11-23,0.0031958119030438764,0.005704511429423304,-0.0223437856017214,0.005687971012841613,0.010607094225670445
2022-11-28,-0.02253273581558876,-0.009987715675764118,-0.02219541620021426,-0.017868066665258257,-0.017633229982291356
2022-11-29,0.003790816170612844,0.014477966396817428,0.007173107068683341,0.0003918574069848797,0.0163159607515851
2022-11-30,0.022713057402303737,-0.0026169236076165267,0.01750409966460661,-0.00865642737581306,0.011792998188868208
2022-12-01,-0.029120656225712204,-0.015085996565131161,-0.013099221687949516,-0.021671543808130706,-0.014139157297510509
2022-12-02,-0.01294246154334087,0.0022775060925457444,-0.011366037150617753,0.01194261460530123,-0.007958805208541869
2022-12-05,-0.045649275554420804,-0.008185074470638624,-0.03445674215015704,0.01249131115551092,-0.02844146554783382
2022-12-06,-0.04358169252880484,0.0026722746983192215,-0.014566435258713591,-0.007714350887920781,0.0016731215441005498
2022-12-07,-0.007910145330487693,-0.008807226113167112,-0.006915806569447254,-0.010579994560200798,-0.0006841635022247641
2022-12-08,-0.00920533366897058,0.0,0.000447559050837051,0.005603381541278502,0.010439852572127779
2022-12-09,-0.0018512535372027657,0.016970545930981785,0.0037968565693080715,0.01170555599146343,-0.005433364131500493
2022-12-12,0.010751161136653973,-0.003978419203079735,0.020082284620297042,-0.012903555517802251,0.015392650895233805
2022-12-13,0.000610632155071506,0.01787273260840753,0.01775705083234543,0.023497910430247383,-0.0009692262783444817
2022-12-14,-0.014454830716331562,-0.0022400932454168165,-0.013179431324777797,-0.01593413599259927,-0.005009467857679517
2022-12-15,-0.01592544963312199,-0.034991187157242296,-0.030024190808485948,-0.037683286545062804,-0.02512362109875819
2022-12-16,-0.002205745494946784,0.016697541732142843,-0.006069419474945066,0.019574549779784126,-0.006245577569421546
2022-12-19,0.011292493373415308,-0.006492320357524095,-0.009515252554253116,0.003326125485888925,0.005937931647746049
2022-12-20,0.004046519731837754,0.01407659335847074,-0.002735524809265412,0.05577103866427578,0.004832258461298712
2022-12-21,0.015107595393665386,0.020195168858117084,0.022569262341854735,0.012859637124311506,0.011185051799925145
2022-12-22,-0.008913648986257242,-0.0038950358146334864,-0.018468971530859607,-0.0007520977225336208,-0.011414497620728712
2022-12-23,0.002467029527748089,-0.00018584375180471724,0.006119035763481898,0.006559889813900579,0.004733804774511396
2022-12-27,0.0018459353905673135,0.0037106028406699468,0.002932822769506661,0.0003735600191897658,0.003497979005595921
2022-12-28,0.00735093084951238,-0.00818161440911186,0.005168047494479778,-0.007497640720385647,0.00545032432911644
2022-12-29,0.01122745537026443,0.006513578822836352,0.012029430909465491,0.006937349184779634,0.005721032283085487
2022-12-30,-0.0006038823598228828,-0.01231827204065561,0.0015488922748236574,-0.010896234982649087,0.006583973769057151
2023-01-04,0.01862587738042471,0.040243398182681744,0.025449040352812292,0.051392181578438084,0.009281961732837903
2023-01-05,-0.0020522826465106388,0.005131715491727385,-0.004481966620094661,-0.017592616043347182,-0.00022151428030504322
2023-01-06,0.009929819482553547,0.008494796129532411,0.011907345962982055,0.008835041580046651,0.018954650683449658
2023-01-09,-0.015227475542600582,-0.0015237256851491636,0.004849844903405634,0.010124422710153928,-0.0041408548294201795
2023-01-10,0.006764054023104309,-0.011416994272362323,0.013580053097137931,-0.004963553984350963,0.00891411425493712
2023-01-11,0.007591425894870456,0.004275301476222422,0.010732593263396066,0.003596705737497485,0.007403899477554776
2023-01-12,0.0026141304682061692,0.018262274384714908,0.007771216671175419,0.004945961228740176,-0.0010028966854200014
2023-01-13,0.021808625477888203,0.0030115902135578083,0.016766411408950875,-0.005629994262704247,0.024921309755673065
2023-01-18,-0.023447770091705046,0.002518253939257738,-0.017646389571092064,0.0048466782099576555,-0.03050307990223998
2023-01-19,-0.014638092269781102,-0.012485386706341764,-0.0012143888021450603,-0.020379698488088155,-0.013416006056635814
2023-01-20,0.01848597305697717,0.012653116746270735,0.03424562745452498,0.019211847737961182,0.0024457623260677134
2023-01-23,0.013789243269485281,0.009178158551939524,0.017270019406260124,-0.005523419412818524,0.01608280686643764
2023-01-24,0.00725812229951321,0.009094604262944755,-0.010831665140052321,0.005022532759102729,0.008559560442494256
2023-01-25,0.008640299539868314,0.003942972715979556,0.009291661945294476,-0.005190301183993143,0.004827505983509833
2023-01-26,0.013388812624483883,0.012060107669916637,0.005572087263391216,0.01813223658305314,0.006162494271779599
2023-01-27,0.0031076716946380604,0.004848093324624162,-0.006343144833085494,0.0,0.002426075906456398
2023-01-30,-0.00424007943092346,0.001288859835801494,-0.0021233544491329297,0.011962517509694449,-0.008516727632919505
2023-01-31,0.005086059161598835,0.012639091466959473,0.009041233440288161,-0.005717507067711397,0.005948069345192463
2023-02-01,0.012325097064991214,0.004599899090594908,-0.0013415880240114988,0.0034343550388104514,-0.0026473457728749413
2023-02-02,0.0058292442576338,-0.02548412691179118,0.0013415880240115643,-0.06701221775734804,-0.004667089364374146
2023-02-03,0.008269229040146486,0.0019461052891566208,-0.014806375077515619,0.0064385720240193265,0.015355440003751901
2023-02-06,-0.0016484985559041816,-0.015841002481241477,-0.0017680165702007634,-0.01520593025731893,0.005865682518985981
2023-02-07,0.010938251693681835,0.025836289039085893,0.005294533176852529,0.015205930257318912,0.012116205058980615
2023-02-08,-0.007370236441735631,0.023933253271658232,0.00039111481823263423,0.011897864369173398,-0.007055917434073654
2023-02-09,-0.02160147185584084,0.008732419668605038,-0.0231396226118939,0.0027387524482093855,-0.015686145814257296
2023-02-10,-0.003927268139706884,-0.01281273316794706,0.0025977453472865657,-0.0314288064243133,0.004405786239600003
2023-02-13,0.0019657948350512273,-0.004254935512312978,0.01760498921157328,0.002818258265273207,0.010789618463763475
2023-02-14,-0.0008420602951487787,0.01660167223271461,0.0118898238977987,0.015880217719366624,0.004409059165289199
2023-02-15,-0.0016857839241489684,-0.0027997793513765416,0.0040606800666957606,-0.01236838565228857,0.004181205633768443
2023-02-16,-0.007905100772038074,0.024616782791256734,-0.006971270888637446,0.03868126614657317,-0.013864568312510019
2023-02-17,0.001982258809796416,-0.005639038599219646,-0.0007776676616352217,0.0016849542247236594,0.0029569484712451102
2023-02-22,-0.006685231996303664,-0.022264312587941926,0.004004878472455247,-0.015293938627417958,-0.007692518645974138
2023-02-23,-0.0008751698186623275,0.012893352506529123,0.0067715381372222255,0.004194333540756928,0.007978926440393488
2023-02-24,-0.0014606440855673432,-0.013988543377420526,-0.0039776274910602585,-0.01528905448960806,0.008980870980892237
2023-02-27,0.0,0.02427652741885925,0.0057625585906920735,0.022413898862354786,0.008690028282798959
2023-02-28,0.002627407388434104,0.010485661357825974,0.004349398112112366,0.02141406282570319,0.008335955767642032
2023-03-01,-0.004675547455122363,-0.04246104877076871,0.015853309205407267,-0.017784315090436126,-0.0055965115008781
2023-03-02,-0.012757994411952259,-0.00047334392901399994,-0.0019437091456392882,-0.012674854674457083,-0.010436701269436122
2023-03-03,0.019808502443446924,0.013946928242824126,0.018313724375946278,0.01920974015756875,0.018193275393125347
2023-03-06,-0.002051215349421821,0.010526310848186693,-0.003252553482870081,0.008533918433467527,-0.0058639523464483045
2023-03-07,-0.032496500069510444,-0.015831465620940857,-0.02130615091335955,-0.015586453515876855,-0.029849291197212125
2023-03-08,-0.013423018643534764,0.0012507743733164288,-0.007861807065217155,0.004306168505592382,-0.005932610065925386
2023-03-09,-0.06404722376112025,-0.02147913745472699,-0.04190785957888509,-0.010539986432857413,-0.05565709127481686
2023-03-10,-0.008880359685751266,-0.03890133705551178,-0.005364061202663275,-0.07631495081368751,0.025078009784588816
2023-03-13,-0.059902077862021105,-0.07047595472123375,-0.0773913376488167,-0.049972135031675635,-0.018120479862577383
2023-03-14,0.00873055896805462,0.030345244117644835,0.057754119917900935,0.041877811207959956,0.025351922611859975
2023-03-15,-0.009432435021341824,-0.10655140269722098,-0.05596784372234392,-0.09707897637850348,-0.04839655349795883
2023-03-16,0.016707760620883555,0.012984684521208366,0.017691764506259783,-0.012996646506317057,0.019227756196938135
2023-03-17,-0.04050560011305047,-0.01973431916296766,-0.030490698918031696,-0.015415201060851891,-0.0385142519830998
2023-03-20,-0.002519411895058778,0.016884507870114297,-0.0036222783085083175,-0.005048118450808962,0.010516123546840053
2023-03-21,0.029821138776790747,0.04063933804759701,0.021983603818904667,0.058754409112024134,0.026467378299632926
2023-03-22,-0.03379307315814765,-0.00494463901578008,-0.03063980953703536,-0.02113775746377853,-0.026152903532540444
2023-03-23,-0.024538812709714305,-0.022089128188760753,-0.005966049546837929,-0.03235428143044185,-0.0026770044510125396
2023-03-24,0.00628361570160865,-0.05418177915710363,-0.007855905996706585,-0.08911692958382568,-0.015332973521513072
2023-03-27,0.048544382776688294,0.025817968187861765,0.03800653971728447,0.059659932295212395,0.02825771356786748
2023-03-28,-0.013071943495245155,0.003469503841834798,0.009777887869060224,-0.015900847601298045,0.003030707257160768
2023-03-29,0.01937008480081534,0.026582142161027524,0.0160143203581382,0.024468497631709937,0.0020152531141332678
2023-03-30,-0.01298941077717411,0.021502226732403415,0.002608340339809317,0.015842429190342976,-0.003024468634179215
2023-03-31,0.010544928970290347,0.012393058062378226,0.017642319118438544,0.007186799443073136,0.012043690277636679
2023-04-03,-0.0003497721091215785,0.01062985361092695,-0.003846287090852925,0.01158299738189858,-0.0011518946575495785
2023-04-04,-0.02156713230611628,0.009630944491843457,-0.01336196931713037,-0.014580161385776792,-0.013458278440958373
2023-04-05,-0.012225940852031436,-0.009093490963374029,-0.0069671567864415295,-0.0030060579477665128,0.0014899934003443137
2023-04-06,0.007209897549781899,0.02476685913406154,0.0019643487168764483,0.01663493325158482,-0.0010977083096913535
2023-04-12,-0.008043359729822012,0.0026318930073288937,-0.005949896317956343,0.0032357509166013165,-0.00015567722085626113
2023-04-13,0.002805031054680223,0.008201820888618117,0.008066289695459332,-0.008056423099244878,0.00380608751263413
2023-04-14,0.03306091156236808,0.03164547068619041,0.04667365918611459,0.04468463207544889,0.07279461798043312
2023-04-17,0.028387241172339088,-0.020412388531121976,0.0026197315421795575,-0.022452485245868684,0.007897680251225711
2023-04-18,0.0062366833523893675,0.02074898299518141,0.007818096750096709,0.018425823470632773,0.011165582435436796
2023-04-19,-0.016496582173010435,0.0031930445574043596,0.0063693687205140315,0.009236982914830872,-0.0012737777830499283
2023-04-20,-0.005336934988262597,-0.012663800661127373,-0.02004074644029979,-0.009337803052987667,-0.0029076537513609843
2023-04-21,-0.001003746177285367,-0.0032336353512726437,-0.007517939276236267,-0.0018173754592332267,-0.0019192337970903627
2023-04-24,-0.0036894391251716787,0.008149401877865043,0.0,0.00020199684639477558,0.0013509902393027942
2023-04-25,-0.03140199161973398,-0.02413060214913373,-0.023316929075295815,-0.03904700232391886,-0.021983695037028978
2023-04-26,-0.013966463448529675,-0.0020807501388645146,-0.02195095263742418,0.004193841932512864,-0.017882352086912048
2023-04-27,0.015698680085191576,0.01942480440949978,0.0036211465572801166,0.024391386456641993,0.013368772575057359
2023-04-28,0.013409230260625902,-0.002556887309219501,0.011753505909337773,0.015098863552737216,0.008645527813875571
2023-05-03,-0.010710579757571614,-0.011832089256512753,-0.0071997189086573385,-0.007084243071580137,-0.021390376576332092
2023-05-04,-0.03172540123537084,-0.006237404695005354,-0.0170038369845038,-0.03381130392063025,-0.013772846572386432
2023-05-05,0.026326820415293148,0.03426507802318082,0.031136040863906544,0.04421191042044448,0.019346598691804766
2023-05-08,-0.000721997991756616,0.0068858522085500735,0.0008629755790005154,0.0009306130310129609,0.002410358417487529
2023-05-09,-0.0010839753316063449,0.002227594168941631,0.003445559900580424,-0.0003101081268884297,-0.004826780247995807
2023-05-10,-0.012368335243301134,-0.00859547670979588,-0.003229614653434628,0.004642332162678142,0.0005130334647878044
2023-05-11,0.0025590904986695184,-0.009889920519331505,-0.00735955705740696,-0.013261625281236611,-0.0031555882409953604
2023-05-12,-0.011013342599812338,0.01968307198381491,-0.01268021676096671,0.0029160073222824503,-0.014436676889380919
2023-05-15,0.020460926397523966,0.0025611689640947875,0.013114607575824595,0.010963088873315806,0.008391213903259205
2023-05-16,-0.010543664239673728,-0.0035876112105100305,-0.016862243368263148,-0.011899429885721168,-0.00675204110101784
2023-05-17,0.043275178483399304,0.0034170761500327204,0.03898285978971418,0.008705571401103741,0.030284481424512323
2023-05-18,-0.003506272038316063,0.0170799913131771,-0.01476433458873937,0.038819971984782854,0.007555031374215525
2023-05-19,-0.012725462037435742,0.00351495197995452,-0.014766803615324297,0.0020470934808656267,-0.0022965364254807674
2023-05-22,0.008148800325228838,0.024016676164554742,0.0017486694531130972,0.008653617386459997,-0.008297201438178001
2023-05-23,0.008432950661478793,-0.0040212961807763025,0.0026171465476674074,0.009985437894257196,-0.010486992932275844
2023-05-24,-0.01693762121880088,-0.018388119892869353,-0.03141851824411383,-0.023148269825854623,-0.009193606852778643
2023-05-25,0.0024879970573937972,0.00249516847050201,-0.00586105735695912,-0.003601265640970062,0.0024350210459190423
2023-05-26,0.00495757320808578,0.0023112519151738745,0.008330485903037909,0.00421744495693805,0.009317573442882346
2023-05-31,-0.01677131769485628,-0.023422907794790643,-0.008537654665932908,-0.017780955592973793,-0.012812566272196362
2023-06-01,0.007588105079633533,0.008480878249323899,0.011664649538778642,0.010706380092348955,0.013685313058535094
2023-06-02,0.0329292177426751,0.0362365664880458,0.03247328774476858,0.02922028274351839,0.020788201551883077
2023-06-05,-0.005938835127985345,-0.009964603946577572,-0.00172864364105896,-0.016975628832194466,-0.009872758121070455
2023-06-06,0.02388893218339171,0.009787482917714564,0.020972435086856554,0.009034926820074136,0.0017958311323502162
2023-06-07,0.008516519199222822,0.0051223523873764965,0.01659160475845161,0.002857869739249906,0.009642057595408617
2023-06-08,-0.008516519199222802,0.004394739056253028,0.001872793880291376,0.005184083800145503,0.0002841267837634479
2023-06-09,0.0013675601201066623,-0.016625641721231037,0.004149510897880198,-0.00202974301212065,0.001987788960816259
2023-06-12,-0.004794524646586001,0.006399997565913304,0.0031008507852663438,0.0013197060131732562,-7.114379763489596e-05
2023-06-13,0.009226153242775051,0.004420463900910025,0.004941171293750669,0.00040582745868339074,0.0072080578403635465
2023-06-14,-0.00956965104043802,0.014711297118501675,-0.009284815407469858,0.007074396482096298,-0.0037388046808831
2023-06-15,0.008548623550919406,-0.021615697599300324,0.006611378739305511,-0.03005444182460902,0.011244732999412898
2023-06-16,-0.00614745398061545,0.004961800064160236,-0.007648715896255238,-0.01326727138620809,0.001187462382319435
2023-06-21,-0.010445858004299143,0.005449730741688217,-0.004209863772147245,0.011725741149700996,-0.001474421051058724
2023-06-22,-0.021582255884295708,-0.02341364711173975,-0.01658906563690361,-0.0145176537648997,-0.019440183738306614
2023-06-23,-0.007539142895705056,-0.01573711922527822,-0.01316787108010956,-0.01462256155979476,-0.00524362095550467
2023-06-26,0.012177924176859532,0.00690417887327059,0.00476907587504682,0.0014176067876252134,0.002445671724098778
2023-06-27,0.005325631080987594,0.007935098053957134,0.0034541228232453274,0.017818082996781823,7.159940394792695e-05
2023-06-28,-0.0060379018503223005,0.003407239791365125,-0.003670493195184721,0.003952275868540179,-0.0043917082196534745
2023-06-29,0.02080104011161954,0.016511665228995175,0.001297247790773805,0.014604906362714562,0.03432729775224384
2023-06-30,0.0010462369970105163,0.016243532715614673,-0.0054155596024818425,0.010451650757481591,0.013916534325190532
2023-07-03,0.017620009499349963,0.01222562591153116,0.01508979950979684,0.01157758728740884,0.008012314973523331
2023-07-06,-0.027895669267105846,-0.046038358174771705,-0.030811635150244772,-0.0443656636353745,-0.009935783677621825
2023-07-07,0.008801211634475024,0.0065525180601222035,0.007901729072707125,0.02113598567491494,0.007859292620142828
2023-07-10,0.004546313610240304,0.004164158545492208,-0.0015316036260211144,0.0160413191282817,0.005595989519126207
2023-07-11,0.012482680495997989,0.014528025620483739,0.018655580115996967,0.005396135198729984,0.015518110662081357
2023-07-12,0.011648004928553122,0.009569537866922074,0.018102883296731778,-0.0035942230755609413,0.004939670816305253
2023-07-13,0.010503249599595374,0.005452363066573082,0.006311884834118509,0.01576007032615715,0.004848031066651873
2023-07-14,-0.019054586574367795,-0.006334598823194872,-0.041320424588461364,0.0017703533676815349,0.00602744382228564
2023-07-17,0.00991291553549266,0.0010585570018560634,0.011085963993669349,0.023346736256782123,0.023817767524579606
2023-07-18,0.04326783792844883,0.01574558311910864,0.01629548935967153,0.006181816828553609,0.0018239211359145158
2023-07-19,0.026676913886415007,0.006056959898592118,0.010577644336317448,0.015637862232304622,0.0038322111925186753
2023-07-20,0.005061777752654829,0.0015515650204448203,-0.002317600267734415,0.006543223392674358,0.01224244064918273
2023-07-21,0.00910934058946483,-0.0006892607544098728,-0.00762215241614216,0.007677964366437576,-0.007714799282575375
2023-07-24,0.020734227263630625,0.006186626586824618,0.012881542127158169,0.007424783464106387,0.019492597045015096
2023-07-25,-0.015432398121196528,0.003762043456943079,-0.012031771560555947,0.01295817973506815,-0.007496222220023224
2023-07-26,0.008054603237823968,-0.008054245718818713,0.008458401535583415,0.013551313548726539,0.00597622571374706
2023-07-27,-0.014294985507749746,0.029331602719401117,0.008178805528278463,-0.033934276747900956,-0.011090839259025079
2023-07-28,-0.001566087143367833,0.005498624978763703,-0.009864825214322094,-0.008468815262809208,0.005688313227686078
2023-07-31,0.0031299172547501085,-0.002662238291891507,0.005259389711016179,-0.003169672915460954,0.00666964123527852
2023-08-01,-0.011946021652619838,-0.018836721816307887,-0.012456655991992692,-0.006968651180628546,-0.004950307863322017
2023-08-02,-0.013692361204771804,-0.02214495607954143,-0.01627785666809678,-0.02324506313844183,-0.011389248373932202
2023-08-03,0.007028719959892753,0.011734459072280273,-0.0021618984318715734,0.02064438399443161,0.006094707546489215
2023-08-04,-0.0035080539289418576,0.01701011064148589,0.0006565328736920934,0.007384467540088128,-0.0021131057721997717
2023-08-07,0.018360626003206645,0.0043755138329897355,0.0026218296116032854,0.003969065753812332,0.004731791636048759
2023-08-08,-0.019319644451966243,-0.03051979569017195,-0.014727046008511714,-0.039181099872667796,-0.005629229814801734
2023-08-09,-0.013198301409127719,0.013584661655470582,-0.016071917299038726,0.0159382326894847,-0.01349845448147073
2023-08-10,0.002589004936660242,0.029451042766633906,-0.0022526244012993353,0.014689825577829824,-0.001496860526423206
2023-08-11,0.011248635332745543,-0.012515908731932424,0.005173797169797535,-0.007116699393530619,0.005779280632355303
2023-08-14,-0.011571969018237201,0.0021807529965791684,-0.01060136124335949,0.003514579679361349,0.002069456058719875
2023-08-15,-0.032531116657901024,-0.015195276280778151,-0.02038779244601495,-0.005629250817900307,-0.025786732393807025
2023-08-16,-0.02194914444495038,-0.005116918110737142,-0.013279094216715854,-0.005357138588807648,-0.004252203378209014
2023-08-17,-0.0003415511933224274,0.0023911065706145114,-0.004230361084319149,0.004348402575941376,-0.010441085153265094
2023-08-18,-0.00582288494703347,-0.006846936237289912,-0.004957949688421253,-0.00404440883868978,0.002285046021235987
2023-08-21,0.0013729830962995835,0.002058991999027963,-0.004269592448069025,-0.00742361429838505,0.0034177000144869135
2023-08-22,-0.024658078845576168,0.0035931450278821183,-0.025275067667903852,0.0025484836210602035,-0.020956964375864223
2023-08-23,0.0003515654965726981,-0.0006833726268532179,0.0014617465286707837,0.0011194359152997678,0.006740620126681711
2023-08-24,0.00595749423029653,-0.0011971256530400756,0.0,0.009413382470576267,-0.0009504695724219475
2023-08-25,-0.00420173364761175,-0.0022269974358988497,0.003887240494028703,-0.003026903965469572,-0.0012233454809651607
2023-08-28,0.009081487203266049,0.02020271206513242,0.0019378677170156784,0.023568044154851208,0.0034623576140428414
2023-08-29,0.014155226157283731,0.006700210305337161,0.009634103750408124,0.013528428526709846,0.008099276544565685
2023-08-30,-0.004466649677943349,-0.0003340427664348862,-0.008424689817496738,-0.007820213875059078,-0.0040412742272315375
2023-08-31,-0.004523977650990966,-0.002842950531857595,-0.0019357246996296311,-0.013635261853580776,-0.012428651857253867
2023-09-01,0.010754608337573881,-0.002011702396474633,0.0072393775408694325,0.0031782804626500883,0.0033428796673628893
2023-09-06,-0.009116566874594646,-0.013391151975352067,0.00024188650672356504,-0.01955456752363293,-0.0016542134700637723
2023-09-07,-0.00920029969557615,-0.0005121467609664568,-0.01559112819326523,0.001357185399031315,-0.008590862478025946
2023-09-08,0.008143088672231086,-0.002393150282487915,-0.003443084563088007,0.007070162184817753,0.0007649781691782534
2023-09-11,0.004222225647559013,0.01831491922800295,0.0,0.018985649098019766,0.004370623781755872
2023-09-12,0.017058829804570304,0.006031233955163055,0.026499528439960725,-0.00010173176276909744,0.01293011088682738
2023-09-13,-0.0031113274760894696,0.0003339444378008391,0.016419213131985293,0.02806923526591247,0.0004781271342757797
2023-09-14,0.011019304032499032,0.023270292606460137,0.01800991201100635,0.017831386868664843,0.01921196425454507
2023-09-15,-0.012405417188190514,0.0026067207652046135,-0.010017386646308593,-0.00467203893351557,-0.0029524533728040527
2023-09-18,-0.002777791988079455,-0.022210275195517794,-0.0016403519642041377,-0.01930717237743459,0.002080777411368403
2023-09-19,-0.0038320449343291784,0.01649923146652457,0.000937687359307734,-0.00019887374287263764,-0.00127450977895584
2023-09-20,-0.003496575879622686,0.015587303119297206,-0.008943485053874234,0.009702101302410728,-0.00423905441817595
2023-09-21,-0.017668294000989612,-0.006789512726005318,-0.014045971963912702,-0.0057307747680992475,-0.007852951051932776
2023-09-22,-0.014724580451855726,-0.014870799601017249,-0.019122271502489425,0.001979919704863986,-0.00962895247595906
2023-09-25,-0.001448269360771594,-0.005282374002971845,0.0024410702722552774,-0.006747449274392519,0.00492845061936255
2023-09-26,-0.015702354911533895,-0.003149531334824048,-0.019695405217284315,0.005361979328193241,-0.010433133930741858
2023-09-27,0.003673771283699849,-0.001994316921003187,0.005949499754123006,0.02387586110162272,0.0058477985112751095
2023-09-28,0.010578213740425054,0.005971134677753278,0.018124346597763876,0.0038602820123908783,0.01233947817727074
2023-09-29,-0.006552711611347505,-0.0006616674849120195,-0.0017003205941688955,0.00652829215616132,-0.017566525514946
2023-10-02,-0.025149181974368245,-0.012321219818384454,-0.015435840722988354,-0.03248351337799284,-0.008656815380249542
2023-10-03,-0.030034523299492515,-0.015022736536203462,-0.015928938689359344,-0.018457161648769312,-0.007400161667706731
2023-10-04,0.0011571992846430962,-0.002724726138075282,-0.0012548407395917695,-0.0012091583326999467,0.0044746930800227585
2023-10-05,0.004615374503241688,0.009504509617264947,0.001756753758690983,0.0030201063234515033,0.004207366834112404
2023-10-06,0.0003836871525885127,0.013089646659732824,0.017153875476806957,0.012287098259398324,0.015278382121611896
2023-10-09,0.009163753627137694,-0.015965455779527543,0.004181434078632067,-0.013393474938524203,-0.0022771183549688237
2023-10-10,0.026258135067867387,0.01346145433655158,0.01703606950816038,0.027980854396231058,0.006060019543881933
2023-10-11,0.0003701945523508385,0.006829442132979828,0.0021694791998286794,-0.0054945869631486555,0.0034271479915776192
2023-10-12,-0.0044511036408923154,-0.013369218130858987,0.0,-0.005326861960204757,-0.002329009880038795
2023-10-13,-0.005218018263782632,-0.03075059162501872,-0.0024107562887576697,-0.014948084800643668,0.014907822395917017
2023-10-16,0.008558126861763927,0.0032908996131089676,-0.011653347357815279,0.017121618681681893,-0.001014003394154497
2023-10-17,0.023073871216260068,-0.002597215959198587,0.006086432370562225,-0.005939464415391705,-0.0021666935263970543
2023-10-18,-0.011287309149738474,-0.006435391518749501,-0.017877183014517364,-0.026560900188861414,-0.01104144242499717
2023-10-19,-0.01289864230564845,-0.010524554073304281,-0.01018268346349228,-0.006033623380067505,-0.0042583015556329215
2023-10-20,-0.02440525433818052,-0.02048700565664822,-0.009531097077846036,-0.022929957507728898,-0.016236977363930188
2023-10-23,-0.028529259734993345,0.010206906807055719,-0.020110349524691224,0.00898567928552024,-0.013734929613752975
2023-10-24,-0.003918418548563254,-0.0039271635946044915,0.0010284858530709249,-0.01182319944727112,0.001204850441705229
2023-10-25,0.0031358828008751782,0.004817568914357555,-0.008253994334259983,0.07860848110601612,-0.005469262409721593
2023-10-26,0.022064039493412825,-0.026331470377287728,0.018730594140681345,0.009875266675593037,0.0025605541401559247
2023-10-27,-0.03704839473399715,-0.000914257665505638,-0.02836004574436047,0.002501686911606703,-0.03668320393656899
2023-10-30,0.02044889449445634,-0.017529734025174312,0.017883445937939068,0.00019200845981343347,0.012669180829286674
2023-10-31,0.024986795318143618,0.010554671895955195,0.014282084245556013,-0.005008582774467647,0.011863376557551588
2023-11-01,0.0022754972715961787,0.0020241006485364685,0.0027816324266847427,0.010183521813012774,-0.0008632194168327607
2023-11-02,0.04517616943263704,0.02109937739666732,0.04324330778258351,0.014235810860662664,0.017691880681716426
2023-11-03,0.028552956494446845,0.019251859188269597,0.034668662865359745,0.004513023909519411,0.011110363301778276
2023-11-06,-0.003171849793886607,0.0029969759878367,-0.0052191948296727055,-0.00319451752398784,0.007524296611898186
2023-11-07,-0.006018836637522049,-0.015253869146217638,-0.001904876657841505,-0.009645540533604125,-0.0004858805937539152
2023-11-08,-0.009634309942947594,0.0026773332310723987,-0.003342093974548079,0.0011395868910531093,0.004918004744825486
2023-11-09,-0.012991904730549536,-0.00017832088561524546,-0.0076811356632272895,0.0007589376428281402,-0.002975785610286683
2023-11-10,0.005433808719941641,-0.0085944423389573,0.013879088041775013,-0.004562588640207211,0.01472240772225665
2023-11-13,0.0007224138826869865,0.003231547030958673,0.014626356285139997,0.01042554781032197,-0.004448756865120548
2023-11-14,0.053420875535012007,0.003935594205709938,0.038139170001779354,0.011064365671971296,0.018082012076380265
2023-11-15,0.013596532176784101,0.006406831978711374,0.011654061764720603,0.018111778944635643,0.00871963056731382
2023-11-16,-0.0027045436531079026,-0.004979530876422709,-0.0046899483592611575,-0.003118434863693497,0.011355047692305241
2023-11-17,0.014785111166468079,0.011345576531626189,0.015328438559700274,0.025933108310079406,0.00900547285318033
2023-11-20,0.001000247338565248,0.0012332694256972844,-0.0022072423903797744,0.010329467499279687,0.00307065774250434
2023-11-21,-0.011731520425962412,-0.006004020704591242,-0.0037628280894098226,-0.008719613583372915,-0.002089826228550894
2023-11-22,-0.001011851447576718,0.002123189584054236,-0.0015539324551622922,-0.0066350518868003965,0.0023507082982548192
2023-11-27,-0.005734523594813945,-0.010753860131504839,-0.0033218207169360787,-0.004514028301427692,-0.0022820842526261455
2023-11-28,-0.0010154821027273918,0.0010630335017987995,-0.0048921794134746165,0.00343247690069332,0.002282084252626147
2023-11-29,0.026070994203339127,0.007760078655282587,0.019645172398220157,0.016277985178958537,0.005067400852065534
2023-11-30,0.01387077673102433,0.014822806642624848,0.007621168796546403,0.013569667357481276,0.011340285933431843
2023-12-01,0.015297252032505393,0.0005192371570433197,0.0242164661720013,0.008193152179161074,0.004857386329210821
2023-12-04,-0.004532201366015068,0.011525047288064309,0.002959663297228792,0.0008677285301939317,0.007305491877414771
2023-12-05,-0.007817646089351581,0.021822689753759512,-0.014244934827795867,0.0034631330093339214,-0.00012643216304240396
2023-12-06,-0.0016363450803337303,0.014948020543880294,0.02453600064181722,0.00860585692345926,-0.01056400368934428
2023-12-07,0.00424904549797208,0.0073909700461388134,0.01328366018885465,-0.008951694309396335,0.003066207217554987
2023-12-08,0.009737147037728187,0.012036630762342328,0.008009053549428257,0.022061773095993494,0.010973442253194887
2023-12-11,-0.0035594011531259683,-0.010891779588289614,-0.015251637888905092,0.006575005753928787,0.0036521409377921277
2023-12-12,-0.0035718538859399913,-0.005901634278074576,-0.0018709347706395746,0.002349811695865277,0.008885640417976829
2023-12-13,0.041420369418576526,-0.008420844018717096,0.026284855540543273,-0.008079565949981308,0.0033582210825906485
2023-12-14,0.057609191164585,0.041730304533826375,0.01807642345183161,0.011426865372766196,0.01802871020476983
2023-12-15,-0.010068118752509654,0.0033340750639663844,-0.00819430904636051,0.010801940974237353,0.00753279383103927
2023-12-18,-0.0050724794307594545,-0.011157210076263824,-0.0034174722120538133,-0.00929941733307966,0.006033980410998989
2023-12-19,0.0023900461543786005,-0.0016041296039106196,0.02525240651171583,0.00449442009685883,0.013266611058514302
2023-12-20,-0.015942389315267768,0.009109055274930129,-0.01703007871979012,0.020873405529355838,-0.011343231390188212
2023-12-21,0.006648446084488089,0.0003182093412779018,0.010529528667054578,-0.000976306295505239,0.005687554971624624
2023-12-22,0.006903897076401092,0.00206523721132786,0.0051253288298632,0.0077847356913850144,-0.0005970828539639904
2023-12-28,0.0011812286018745492,-0.008609824720324233,0.0011654246482171767,-0.007284440758477646,0.005298964079165559
2023-12-29,-0.006217642785588422,0.0022391981485051483,-0.001554174938289769,0.004377113491621944,-0.0011753443309109343
2024-01-02,0.00680803108903443,0.012227268930704083,0.03063029858311698,0.009498602202635558,0.011573051231037147
2024-01-03,-0.010974507873892505,-0.0270352042825598,0.011248772126026561,-0.01876174240653607,-0.0043677660912133315
2024-01-04,0.008019908167139086,0.019907635258915528,0.002420701156975799,0.02180149092780837,0.006614145632791665
2024-01-05,0.01846761251740444,0.0014295691308968443,0.010360807419314683,0.0038264869035699537,0.005004639021383322
2024-01-08,-0.007872815310864567,0.0022197443969362543,-0.005907321367134498,0.011392549853191915,-0.0014521645542599545
2024-01-09,-0.01563682890833187,-0.008110025582844264,-0.009861365797290652,-0.0009445061608889668,-0.00793743464634427
2024-01-10,-0.0008923483418203552,-0.003198512823843857,-0.008638683758890505,0.003929338195595678,0.002107128241823792
2024-01-11,-0.013483369579822975,-0.02645620219144958,-0.01788818246473048,-0.0440954075907009,-0.004218893861207185
2024-01-12,-0.010614373373577863,0.0004933670755974645,0.010315269169428369,-0.012371222453102978,-0.007367023898682413
2024-01-17,-0.010012578643659283,-0.008430359199607024,-0.009881043587865321,-0.004049903696875681,-0.0053719730716585735
2024-01-18,-0.0022036439416161404,0.006947879753205806,-0.004879458533055497,0.006908752665959626,0.001973206486184046
2024-01-19,0.015324743925139913,-0.0008246179932132101,0.00798990776813764,-0.008262432626649462,0.017114509052768796
2024-01-22,0.010190035463293149,0.015064966991400988,0.025298263165773906,0.010778125458602593,-0.001175126728926022
2024-01-23,0.006735979966008399,-0.005868040822937864,0.008667830664452978,0.004011990996177765,-0.006605650713433526
2024-01-24,0.006387982702414254,0.013316262860952591,-0.0007507959251617962,0.014574725167780501,0.008895842037680892
2024-01-25,0.012355144408428767,-0.004851307480486752,0.008785991866240902,-0.00692966236004446,0.014209243188746397
2024-01-26,0.0011971987524604128,0.013844412655297358,-0.0011171561475970542,0.0,-0.0038236137239493306
2024-01-29,0.005369877647723784,-0.008186762777561127,0.008164781384571525,-0.008646552559325784,0.0026086281740875282
2024-01-30,0.03450653132912138,0.002575593858528895,0.05360999484298554,0.01030090708466943,0.02028735860495673
2024-01-31,-0.02267574596953268,0.005611168919032322,-0.016246267530767054,-0.005469580073836737,-0.010894985019712191
2024-02-01,-0.013617702495866623,-0.09660593205565803,-0.0019601588133014236,0.029153807767746606,-0.003619711674977699
2024-02-02,-0.002386952816444645,-0.012937711804799,0.0001800597923512238,0.03458461520958946,0.005739621077922878
2024-02-05,-0.014445301590433238,0.000713309806529913,-0.01890295191890852,-0.02782791799363549,-0.0013172033245427615
2024-02-06,0.0015144793831852455,-0.018349166082862866,-0.0027559090070796914,-0.015023281560692638,0.003432536788099613
2024-02-07,0.004228319917996333,-0.005096535486220648,0.003489706236041454,-0.057445595630667944,0.0018828439960214935
2024-02-08,-0.001809913600578748,-0.0047557659330506544,-0.004594379813641882,0.0010336667734912792,-0.0035975938094389946
2024-02-09,-0.0015108184171359902,-0.02037496735855889,-0.005541219467963056,-0.0012060935665543762,0.0012005146190069208
2024-02-12,0.016494414057248958,0.013567810907174453,-0.0012973285195029395,0.023345980662926615,0.004447155054158125
2024-02-13,-0.026218081839083068,-0.006296269691774254,-0.021748231306878568,0.0001684482813386567,-0.008741722096572419
2024-02-14,0.011536497657712924,0.001670506324140625,0.022860330193481587,0.004536709733272286,0.010106017215214223
2024-02-15,0.027977947537216153,0.0016677203860420984,0.02253053006734734,0.006849885685276573,0.021580032875311923
2024-02-16,0.0005867425411509593,0.006827338286908539,-0.00654195766865101,-0.0025005948562397016,-0.004681156214496272
2024-02-21,-0.007685426313219285,0.007181544264616579,-0.0016252944386280924,0.0033405903597465737,0.0064888262853143395
2024-02-22,-0.002674283483778904,0.005708199998628825,0.010249173798522469,0.021282654063071796,0.011924243936506892
2024-02-23,0.009181028176883496,0.0030191675684442215,0.000536435597394503,0.011200534774454133,0.005012801981977055
2024-02-26,-0.009181028176883424,-0.018795799470166772,-0.010243502030168942,-0.007127895963530911,-0.003430018114275429
2024-02-27,0.01973865796717045,0.004687093860069182,0.006302333570211883,0.006643438867824209,0.0004908232176123633
2024-02-28,0.0008747135190417776,-0.0027014428630171483,-0.011917863780500837,0.0009685108991693503,0.005056712388907091
2024-02-29,0.013121414122353499,-0.001263147387796228,0.007960954403722928,-0.002746525924749875,0.009070097273196508
2024-03-01,-0.004936780470035332,0.013808127816499293,0.0019803752441083775,0.016367380893539143,-0.004146907802905289
2024-03-04,0.023022597271118574,0.019750297648758745,0.009665440604432316,0.002384602478040324,0.007473810595231147
2024-03-05,0.006804856125226625,-0.000524043625347253,0.0021352236011461466,0.002854020689370881,0.009967113643153863
2024-03-06,0.0008472333822944658,0.0005240436253471708,0.01814231423757483,-0.005556878147429696,0.005184184571851654
2024-03-07,0.005911405124747228,0.019367687287395203,0.00747757443773082,0.011870060747316672,-0.008797028245193543
2024-03-08,-0.0008424622547588887,0.009205739622321527,-0.0036448914522330795,0.007211129272651092,0.0018612145218150826
2024-03-11,0.008113035769346072,0.002034209956585171,-0.0017403464871206839,0.015960658816630075,0.00037187858512115256
2024-03-12,0.0019485237374426581,0.011114938786550545,0.0006964737685717767,0.045527334450603855,0.00819814563126587
2024-03-13,0.0033312969370104025,0.0205543611650057,0.005381428206020248,-0.002352938191594748,0.008079536204400245
2024-03-14,-0.010868043873323678,-0.011551294864334712,-0.01166736659432446,-0.0032444240298250574,-0.017978499786041043
2024-03-15,-0.007876124443776082,0.01580789302205985,0.009067275281547755,0.006478279076654962,0.012319330265698364
2024-03-18,0.016802353172628664,0.0024476922901908393,0.01755031077354325,-0.008992457977113403,0.012325225296747117
2024-03-19,0.0005552525826137885,0.010376255152863976,0.003915083517070346,0.016886058759677077,0.0058480672711112335
2024-03-20,0.019786168053366224,-0.001129626475598462,0.021347223270906882,-0.0071600446138720235,0.01302171238763192
2024-03-21,0.02046932805499072,0.011399172410248213,0.019760222926040866,0.025339737738213235,0.013809329935029147
2024-03-22,-0.012339120953921309,0.002551175674211437,-0.008350454228189282,0.013491750022120944,-0.01233312295841223
2024-03-25,-0.0051413422255272255,-0.004948643811306753,0.0021351596747027865,-0.0022596386810872283,-0.009196898462236104
2024-03-26,0.00622017716697635,0.028708654276457878,0.01158165857496338,0.005920439019106707,0.0046599797741158034
2024-03-27,0.019226525001795062,0.0055821829214146605,0.017523080049997048,0.02649077448713396,0.019178351518944408
2024-03-28,0.0029049825999322956,0.01823393690798175,0.0077784626138307595,-0.0020552632963198223,0.0039018290247265527
2024-04-03,0.0037462550691486412,0.016825022658381646,-0.01847012146125026,0.020652837259320808,-0.0028201042709600443
2024-04-04,-0.013986165292820108,0.009424840157587301,-0.012724396068154451,0.006701572119955217,-0.007637513297121264
2024-04-05,0.005133115876023454,-0.009124250948473593,0.011264478497905123,-0.014125441195789016,0.009157912054276398
2024-04-08,0.01045455983354951,0.006589723500815888,0.0021082181180238978,0.008902094193690962,0.005202991378828968
2024-04-09,0.006114448258992236,-0.005238292923934236,-0.0011345050250313293,-0.01966297214981347,-0.006723470867941952
2024-04-10,-0.029042068791108617,0.0013496066768743785,-0.024295364675327936,0.0238171230032359,-0.008557853425793151
2024-04-11,-0.00821919540197871,-0.018451820762621193,0.008768227895065464,-0.025050406683440125,-0.00020472546175454777
2024-04-12,-0.015525832320528265,-0.002292384745574396,-0.017111434475638437,0.013753892723196154,-0.06686438173705342
2024-04-15,0.0044606036241586445,0.006253347176808814,-0.0189450573739982,-0.005288510556499424,0.0005471121343309449
2024-04-16,-0.03596594886085756,-0.02994046336922357,-0.026649833806162097,-0.018663918382147208,-0.01149361681098817
2024-04-17,0.015734768275111454,0.005000876923170113,0.019967696172117827,0.004560796282307323,-0.003990284562504371
2024-04-18,0.015211711634643164,0.020215079509466608,0.002575302220529289,0.020202762108747812,0.006476139980307733
2024-04-19,0.03299721450935029,-0.0004583925968152576,0.013962452814763812,0.010351698276213324,0.024793589431093038
2024-04-22,0.02034874733120985,0.01802403724762004,0.030146352653687234,0.013681546280729623,0.0192431997582274
2024-04-23,0.016820326275142152,0.02123790816818843,0.027829073181240598,0.015447251575888016,0.014310277062644533
2024-04-24,-0.0013038597664737745,-0.004713528003447031,-0.003196496727653265,0.00025974810148801804,0.0048803434224060456
2024-04-25,-0.010757129609455464,0.00925855912096323,-0.01094488107995793,0.0786432460000287,0.0015008158456442761
2024-04-26,-0.0021124061883480566,-0.019945938085139926,0.013981805145198744,-0.007712789671663094,0.0006204257175062073
2024-04-29,-0.007429240142886609,0.010539680038901607,-0.006404268963987085,-0.09033827215413813,-0.0010859153969227763
2024-04-30,-0.014485269803963885,-0.0016256518996992009,-0.015049937001354447,-0.006243000812567171,-0.007999616704191557
2024-05-03,0.009982536798079727,0.002813008628302362,0.00832448841209862,0.014390547071711956,-0.006018203158229277
2024-05-06,0.011742765603637706,0.008684773430701988,0.0207519313138172,0.022551486852543542,0.0077906277495042265
2024-05-07,0.0039720820441387006,0.019880178106136286,-0.01297977004080097,0.027679539370852643,-0.0013030012759122104
2024-05-08,-0.003441678755056244,0.0048733259384418645,0.012024095260822284,-0.002746212682159986,0.020135012372762426
2024-05-09,0.0150025096546781,0.009533865951444282,0.009042691299705906,-0.0062697087823951735,0.009411315593996843
2024-05-10,0.004431172760476216,0.008321120265234907,0.0033109125085037387,-0.0013845007124895043,0.0064096812821129705
2024-05-13,-0.00626160046858586,0.006021105693438162,-0.0020483862217111418,-0.004798038370784368,-0.0002012461653001306
2024-05-14,0.007301278126090054,-0.001536845870395264,0.0029923965587288605,0.01432546856047036,0.013891757892133774
2024-05-15,0.010852720743565199,0.003210756574372551,0.010169779710524018,0.0016206461238857978,0.002973238528380481
2024-05-16,0.007935612527368598,-0.0019530503154394816,-0.0015577832844315346,-0.012534694365556046,0.0017795204115016424
2024-05-17,0.001783332140394034,0.009727584785021007,-0.0010918247365375772,0.014818948495670437,0.011393300733491903
2024-05-20,-0.012034471106850922,0.0081263475096263,-0.014305130680846049,0.003192583142603351,-0.046015332202729964
2024-05-21,0.021155272678901063,0.0005853304318082413,0.024708022063406613,-0.008579316495211741,0.01994482637032177
2024-05-22,0.002770360513729393,-0.012071397598564708,-0.014312621498267598,-0.0032202010302905958,-0.006083045921317822
2024-05-23,-0.014950281973192538,-0.00638880535099642,-0.012614501287618804,0.0028342377146215584,-0.00703384177675561
2024-05-24,0.013440173513440462,0.0017871025503391664,0.008846881681988794,0.011384916792308693,0.019063478640493917
2024-05-29,-0.015377287308333092,-0.012767370521384323,-0.0070705964974777,-0.021289734349968226,-0.006991818341900295
2024-05-30,-0.0023269021284030955,0.012767370521384356,-0.0012909100553093668,0.006110641611871624,0.006139314428321834
2024-05-31,0.03460038056305291,-0.0013285706855426585,0.006117277744431105,-0.013309236973810324,0.01641979153071931
2024-06-03,-0.0027547049493338235,0.005303470804004354,-0.00627879944593927,0.008892499246769693,-0.004005192389303816
2024-06-04,-0.00502761195992685,-0.018237524035947257,-0.01447776488287342,-0.02211489614711928,-0.013267910355241087
2024-06-05,0.007031540489326705,-0.009018517187661303,0.01205232575922548,-0.0010654238790268106,-0.009585831868268696
2024-06-06,-0.006527630239940854,0.009317695052231475,0.0027483913276730347,0.016780467606085002,-0.0017758009871419946
2024-06-07,0.008076756532859662,-0.007206066161374478,-0.00258647742138271,0.002094245084285031,0.015320555444522847
2024-06-10,-0.002769027067688796,-0.0487827034296334,-0.005681396204432234,-0.001046541064294637,-0.0017018930632813388
2024-06-11,-0.020629627038979047,-0.03969536418783454,-0.03799071268295913,-0.03218795447249837,-0.026653237240580725
2024-06-12,0.014053984456559903,0.01745981621171283,0.014603574172686477,0.011023176347811536,-0.014667812899247432
2024-06-13,-0.003813514793667318,-0.029882363783374638,0.0036593637707124176,-0.02943986867377281,0.011059670347820254
2024-06-14,-0.0005095152124705299,-0.0268574320787809,-0.015055405488657579,-0.007740238661635048,0.0006193326293428193
2024-06-17,0.006857150123748297,0.012420338158993547,0.012229007932155147,0.01596738288968685,0.006173545258036753
2024-06-18,0.012075694620129649,0.005396308628250079,0.011916713266358306,0.001228178259343383,0.010306749945781755
2024-06-21,-0.012581985042906422,-0.013061090138834962,-0.010446980338116982,-0.019314356588469892,-0.012001143578376812
2024-06-24,0.013331833998528539,0.032175156174566184,0.022254256634938973,0.026074796043891974,0.013057453087493662
2024-06-25,-0.01612122428391428,-0.011655700319746476,0.003905002111154405,-0.011792704145676867,-0.004081027541015634
2024-06-26,-0.009696496921783936,-0.005132066471317621,-0.005373244193830504,0.0,-0.0032364658863165995
2024-06-27,0.00638981756315187,-0.003824670963653091,0.004885976620578329,0.007877303164268948,0.008774652430339449
2024-06-28,0.013161614519417678,-0.00819747201080696,0.03055991209887874,0.008352352084324293,0.015395383139769733
2024-07-01,0.006016401940876762,0.035317125938284365,-0.0004728288769248666,0.032859112990102045,0.015648587371784848
2024-07-02,0.02273389621229507,-0.007160251598454533,0.019515108480825143,-0.012146690734646842,0.01631784112124612
2024-07-03,-0.0007331713551534407,0.0242025211215385,-0.0034072940992617854,0.0338490183864077,-0.0006707020096525094
2024-07-08,0.005183076740269054,-0.017750052669168622,0.011027479842123091,-0.012333101936607305,0.0018539805862262562
2024-07-09,0.019503359128654054,-0.02378566095518455,0.027574305161129485,-0.0047943279580541075,0.011918829346597982
2024-07-10,0.007696030699656219,0.008965761532969147,0.0064403894833138685,0.002076038897357169,0.0008183487667002955
2024-07-11,0.0016758958320816867,0.006470444347687386,-0.019142658406035434,-0.007415707047217126,-0.001685817605301763
2024-07-12,-0.005276054642242638,0.0067491582209026745,-0.018276104765319302,-0.0007837779151776103,-0.012172959808329437
2024-07-15,0.007187402957800572,0.004793159242300674,0.009563442279455197,-0.003272403124020323,0.024628313099673654
2024-07-16,0.05209285940552356,-0.002713286109304466,0.03217574873113485,-0.009485036429343419,0.016853053225304674
2024-07-17,-0.003404938186326763,0.007324824771559467,0.005041458194106771,0.007516361968245848,0.015099392562401085
2024-07-18,-0.022302275430237897,0.009788577960590262,-0.04106228193699916,0.004587492947082006,-0.03228587778201172
2024-07-19,-0.0025609023335914265,-0.009471297330619528,0.0038450750117576126,-0.018743988152756453,-0.0009528986390869741
2024-07-22,-0.014084687997644818,0.02320206648860296,-0.009873415892292032,0.030186043747707177,0.0023807344129409477
2024-07-23,0.002597086251062133,0.0024765678517394162,0.0024776017220992427,0.01361087487265508,0.0002376867475991288
2024-07-24,-0.005201123248823936,-0.0094743381304711,-0.015586370725454386,-0.08681425312527566,-0.008307076620881407
2024-07-25,-0.012161656791906656,0.007462627662249711,0.011091344464406502,0.003055465987648296,0.0003833672382985366
2024-07-26,-0.0002401243167244277,-0.0015501868802871928,0.012504851045803903,-0.00027731371122008316,0.016963718181124805
2024-07-29,-0.014016648130649807,-0.00856898055372687,-0.013592897798473424,-0.006820306611083243,-0.0065706741829959425
2024-07-30,0.0046134679139164725,0.005150140733765468,0.024123338304875154,0.020322867103319642,0.020374357602261133
2024-07-31,-0.023778476933512545,-0.012216241577898454,-0.015143679350137258,-0.012254902066360835,-0.011168561595014793
2024-08-01,-0.020299044693498,-0.032023210921494405,-0.024970056562793212,-0.031096376572660928,-0.02300702767311117
2024-08-02,-0.049828578364565994,-0.02972481784050004,-0.07410804569423696,-0.060383526474763395,-0.04333779211568237
2024-08-05,-0.02505868304701648,-0.017926995877379653,-0.03479057451636416,-0.025991425899805888,-0.02152144222372057
2024-08-06,0.007340068059163468,-0.013227002511043593,0.006207369905427052,0.00015575537510208754,0.02752933822013497
2024-08-07,0.010239883147774582,0.02779609687438653,-0.007987994281394017,0.015458653245519621,0.00029939805415853165
2024-08-08,0.024103881068162487,-0.0006729936857774732,0.03312885990836498,0.003980445006083809,0.01809869606376989
2024-08-09,0.0018304767247317552,-0.002865031500703973,-0.0027623732523613773,0.01531373272100526,0.008490862210684786
2024-08-12,-0.0028778954235875575,0.0,0.0,0.0012029714567122045,0.0018932542959791466
2024-08-13,0.007569020428715776,0.0003375189138737629,0.005345272110419079,-0.000601228446998102,0.008451473199126995
2024-08-14,0.00905933385169682,0.008065886693036654,0.019246079298041795,0.0059969909264751065,0.011000112054249056
2024-08-15,0.005652407221005661,0.011978141838207008,0.020702061546917665,0.0316318936968573,0.00621174715590894
2024-08-16,0.00791133629624011,0.010691757403459318,0.014435831119120612,0.01651748037886443,0.011374304693821852
2024-08-19,0.008353385672627833,0.003919069186980941,0.01020823001337289,0.007662786020882482,0.006892998472132796
2024-08-20,-0.025014181461201643,-0.007360766360411734,-0.0116751206465678,-0.016390282177394917,-0.004325712223436872
2024-08-21,0.001549673841397226,0.004422958318613935,-0.01280380557389166,0.006445688946996062,0.0003727717332733139
2024-08-22,0.012565835031247377,-0.0016358290363186446,-0.001818977330535726,0.03947316220114573,0.009415080592391717
2024-08-23,0.013416404576371733,0.005551061993909513,0.02806977518335543,0.00874562943625724,0.007725168316390696
2024-08-26,0.0037645033673943365,0.0004883192584743271,-0.0056483235364358725,-0.006415001438328598,0.003931610528113721
2024-08-27,-0.0062822353552089705,0.008749214653842667,-0.0017817874712362073,0.00627897641283189,0.0045975253841367275
2024-08-28,0.007033597539104789,-0.0017760730139985235,-0.0016226489367227761,-0.0012253354052055498,0.005028791923443818
2024-08-29,0.005491554056030364,0.003709991045156155,0.004859940027786721,-0.0009541393473619232,0.004148918831917555
2024-08-30,0.0143353756135561,0.007538728210739609,0.012206954908454432,0.005575526292635961,0.011588244940639156
2024-09-04,-0.004926133278644858,0.0038834166324398303,-0.008168632955735828,-0.002483097733713932,-0.004412774005651204
2024-09-05,-0.008928539251478736,0.026927551744342804,-0.005428089608670175,0.03180913380930048,-0.007781032551751945
2024-09-06,-0.028486198925808538,-0.022737298005604496,-0.025728061539331177,-0.018909240766410016,-0.024042562611870124
2024-09-09,0.01815211810606131,0.0062525726559061485,0.007586604778444939,0.024379937629120198,0.02026758115097353
2024-09-10,-0.004825258838119063,-0.006252572655906209,-0.027067695576468292,-0.050348308043563904,-0.05328343986204371
2024-09-11,-0.007153947835686459,0.0068916271229456745,-0.011279962546649225,-0.018216901090505794,0.008091307117667925
2024-09-12,-0.005657171477549227,0.013642386659695395,0.0005234990078737979,0.01737694310942319,-0.003044701971134503
2024-09-13,-0.003357584667938697,-0.0015768980492151072,0.0059130369529617295,0.024077591409769946,-0.011097080482114802
2024-09-16,0.011575573383496959,-0.0012631746456935127,0.012407473205435537,-0.0020530097064927976,0.017177394647106378
2024-09-17,0.01144321114261674,0.018162349850704952,0.015295991226641095,0.027165708021228318,0.006664876652489463
2024-09-18,0.0017682250441803898,-0.004665487347571005,0.010235878098119515,-0.00414194410095805,-0.008253795391677482
2024-09-19,0.03106231387921953,0.015775026351708386,0.05077564071065462,0.01883348710399626,0.014114688479094802
2024-09-20,-0.014789502856198062,-0.006002305569519191,-0.014062248134755677,-0.0035537975208825194,0.0028938829036831044
2024-09-23,-0.009982599900326537,-0.03727139986531172,0.007055874133450586,0.0017126494233872453,0.0016566219370438096
2024-09-24,-0.010590179596453989,0.006547906385917268,-0.019524635184816178,0.004465464708624455,0.000709205690574431
2024-09-25,-0.005082395317652743,-0.00815147001866073,-0.016263251554973136,-0.0028871207811816814,-0.006638443401583389
2024-09-26,0.006855498243681542,0.014815033753949214,0.021788105610158776,0.017844782631396505,-0.0019526353581665258
2024-09-27,-0.00304103173448708,0.0009483817944195176,0.0025893614219085004,0.003994056611138413,0.003426419522755561
2024-09-30,0.00708127575757942,-0.028035562839003908,0.011729856949461506,-0.0036068137980428067,0.001708704562776907
2024-10-01,-0.011660384700417446,-0.006683536500897252,-0.012700049620000646,-0.009856162248448107,-0.018282368926889832
2024-10-02,0.00025487870734056215,-0.002948323943425676,0.003552866612450167,0.004032045066986609,0.001206676221433253
2024-10-03,0.0005097637263030599,-0.014374493636828682,-0.0116751206465678,-0.003120165456602234,-0.009987463729443664
2024-10-04,0.021674144170310036,0.012732685201172727,0.021461127270774198,0.026723049344980238,0.03487830130958115
2024-10-07,-0.0037467206825235687,0.015489058594569626,-0.0006388236166560747,0.01197165544948341,-0.001373953595935492
2024-10-08,-0.0007510514059433932,0.001455010867370444,0.01017183243766787,-0.009692247841600088,-0.0008537646897972741
2024-10-09,0.006490317588444414,0.003225751447113676,0.013819268113026102,0.012069501445700175,0.012589553941438935
2024-10-10,-0.005488909348636833,-0.0029028193521782658,-0.010031466472186576,0.005732120291639882,-0.002721413093243595
2024-10-11,0.04834911127980643,0.0038685331126041716,0.034982753043265875,0.010014282608638054,0.043442112594098165
2024-10-14,-0.0009540261352978954,0.012152375932745438,0.004098604234921969,0.004786177910541566,-0.003650487849691164
2024-10-15,0.005473051432501141,0.012477527859209189,-0.05240216774003901,-0.02604634053588137,0.004100292391838237
2024-10-16,0.015540708567490008,0.012013542013690209,0.025377675983659333,0.010375714848280728,0.005605024341462649
2024-10-17,-0.00468393503656807,0.01737298630964035,-0.004367468394959566,0.004467054509473949,0.003481689099572046
2024-10-18,-0.006594381918723887,0.010009147966272723,-0.017663412146927394,0.0033372442466043,0.004224078244464552
2024-10-21,-0.01332095653608499,-0.0071173335827008,-0.016362188060374976,-0.0056923975399967375,-0.010571617682664566
2024-10-22,0.012848181088242809,-0.0015210828285718242,0.027595747701664262,0.012211107381846189,0.005009808439810254
2024-10-23,0.0009452342643904842,-0.007179304581792902,-0.007263636086502216,-0.008494935548797383,-0.003172876178662163
2024-10-24,0.007295034677992006,0.0015318355448423135,-0.001585977235159527,-0.02427853579366168,0.007002833915269888
2024-10-25,-0.017980149803746855,0.0,-0.019878968682386092,-0.007119256724471104,-0.011938725165439566
2024-10-28,0.017276577665062784,0.010506340689926336,0.03812425075670693,0.011038577591165815,0.014247427187237881
2024-10-29,-0.002114062598727842,-0.0012124408409071444,0.00822653529442367,-0.007854063271219021,-0.011597042057368214
2024-10-30,-0.0051861252550832555,-0.006695159217066232,-0.0029414202320829355,-0.014475356264726163,0.00675152771507437
2024-10-31,-0.011648903812934062,-0.04289150415470296,-0.005129285797731689,0.007968125431270772,-0.011157835940459665
2024-11-01,-0.001435786225196029,0.004610874127157083,-0.007194338785124018,0.012213912226137214,0.004585917163223029
2024-11-04,-0.010350128993592849,-0.002700356493769753,-0.012749162591501237,-0.0031663643469840375,-0.014275697682349445
2024-11-05,0.013219642917152035,-0.0020698693526269444,0.020949736672803268,0.009469173255077207,0.007750300578912321
2024-11-06,0.08092395205114186,-0.026978523343859747,0.08082767637100947,0.015585384156575358,0.1092538553687106
2024-11-07,-0.014194017215475497,-0.03363620714491453,-0.013417250174083795,-0.01119697411798046,-0.044190550611559624
2024-11-08,0.008008964754303257,0.011951980835442428,0.007605820229815277,-0.0294549181054227,0.0025351120492106624
2024-11-11,0.020831771536313465,0.019553212791560765,0.016904377743402466,0.038918349667688264,0.009700343923930554
2024-11-12,-0.0047858007424865555,-0.025932213528938087,-0.011237736645735219,-0.020281141040881922,0.0011277503412817644
2024-11-13,0.00021797924378313485,-0.00438827460584835,-0.001885314746454697,-0.014907555009230317,0.006656751832054603
2024-11-14,0.0006539107570023405,0.005902783627114566,-0.01079980181515076,0.020834104381804334,0.002939752222100929
2024-11-15,0.01834911208942733,0.010704243611181134,0.008910925942101473,0.009509548914363886,0.014122264103134526
2024-11-18,-0.0006419331892931927,0.0051438453114001454,0.0034843204772315724,0.007691348959152677,-0.0011420711111823916
2024-11-19,-0.006657409804755293,-0.018542185836773365,-0.005813963842439211,-0.017955561126816084,-0.00794883997226722
2024-11-20,-0.007569962570778793,-0.0139220527141798,-0.004675631936406168,0.0001257741615387335,-0.009548111252329827
2024-11-21,0.008646735158944608,-0.004626918820046383,0.009764782310796893,0.007020255350243103,0.016394454660608227
2024-11-22,0.011555992724516845,-0.022582135459013504,0.01282520797844482,-0.02902427445117256,0.015365937125427762
2024-11-25,0.010581927231734456,0.0010535521162024428,0.012945695815191359,0.009980913302060503,0.006976197101744185
2024-11-26,0.00524943158400811,-0.01200585353760623,-0.014235213712552803,-0.009980913302060626,-0.0012793688993449153
2024-11-27,0.00041882598599372075,-0.011971843235292998,0.0058609497753585,-0.006321351583691102,-0.0007203767575826616
2024-12-02,-0.009941797308124759,-0.01243576919724035,0.007310582756412273,0.012611503361440677,-0.013993018417601144
2024-12-03,-0.004687902028952783,-0.00286434719036471,0.0004201104770441679,0.02738898793419296,-0.005824005587000969
2024-12-04,-0.009657664796799022,0.012825288350679967,0.0011195063550503762,-0.002633452059662792,-0.005817208548905248
2024-12-05,0.013494899793285244,0.025685057738525488,0.010158148777169428,0.01664121917932973,0.008509426543164009
2024-12-06,0.00021378410456376334,0.010296874532904367,-0.0011081855360229177,-0.006623245030171677,0.007629338296255465
2024-12-09,-0.018131249815358474,0.025121596920233163,-0.00402763652700278,-0.00035608138662667827,-0.0144556611152256
2024-12-10,-0.0034911531779583593,-0.006012092863852512,0.008866770933371964,0.0,-0.003903975203789586
2024-12-11,0.007187223828265505,-0.0018442632707905539,-0.007476089966172162,0.009334316583917035,0.002754938247144787
2024-12-12,0.0,-0.01130719193051159,-0.007392368599794332,-0.003180395886670723,-0.00824645722029641
2024-12-13,-0.008937424609514008,0.0003393356257723353,-0.005897285684944608,0.006585021878410711,-0.006604819069276095
2024-12-16,-0.004388777913436154,-0.002038037101413773,0.006736859909686872,0.004910716809698884,-0.001501500650580258
2024-12-17,-0.00927984563631006,-0.009737806640688755,-0.005189121853621216,-0.021098130506521526,-0.005105254226054273
2024-12-18,-0.035012129882935485,0.006502420340321648,-0.043097575022632284,0.007239951132964003,-0.03409536542150649
2024-12-19,-0.0027623997479457275,-0.014084739881738972,0.004394145041366593,-0.019343850108314534,0.011180079591837628
2024-12-20,0.018047313941307017,-0.005724689706758998,0.011191410538636091,-0.02058660077979723,0.019721842853374617
2024-12-23,-0.006359275563065498,-0.0006961841806379528,0.008347480450574126,0.0035628623413075868,0.0033193005046167887
2024-12-30,-0.009745032381710674,0.003240352348913572,-0.008628688848168097,0.006511526467381068,-0.00770055692757133
2025-01-03,0.011672476069385576,-0.012909910421502213,0.015041960348926802,0.00947426925146424,0.013574268675023635
2025-01-06,0.01308076363100099,0.02598852216707786,0.024211592939838558,0.0032949758624660473,-0.0048874284146996575
2025-01-07,0.014866875542048805,0.006144765784479767,0.012839992933773641,-0.009205919615232096,0.009586456832134509
2025-01-08,0.0028172030198408858,-0.0043139359724417795,-0.005716682483179567,-0.0027306699602136653,-0.00016446315578008515
2025-01-13,-0.0011090611967059729,0.004874376119466097,0.019005808425363716,-0.003985409632349075,0.017931449780962967
2025-01-14,0.015852449047366043,0.019427834469559643,0.009981531972765675,0.0329261301719819,0.013260747310865063
2025-01-15,0.028425600104019528,0.02066967008399243,0.06287894451305635,0.0323169177104683,0.019527773042243003
2025-01-16,-0.00981436949784889,0.002091712998943159,0.0030618161155383035,0.0013195117409199022,0.007579677340331414
2025-01-17,-0.0023613040392784107,0.00048218914384510575,0.01867550071889153,0.017213608464832532,0.01904899865764413
2025-01-22,-0.01882156959371994,-0.012757287021642215,0.00024500314181286607,-0.0019160054672254785,-0.0007226405001947009
2025-01-23,0.013018291451359213,0.017026390709604874,0.0035436430720286057,0.01480712743310232,0.011762908909021102
2025-01-24,0.002798403357619377,0.00362234642099924,-0.0061176683045559305,0.0,-0.0041825472874586584
2025-01-27,0.012178274251184883,0.00969975642167627,-0.005044728565152122,-0.004946582432269187,0.0038063025468853626
2025-01-28,-0.005323173342062448,0.0054343101045582,-0.014036536574283779,0.015390651581602896,0.004840686503426174
2025-01-29,-0.0019232600331840263,0.0013926452533089028,0.008594253785276508,0.014133280194418505,-0.0020986177017873974
2025-01-30,-0.0006419095411866715,0.01519257554207189,0.015139740534291533,-0.032694134720175835,0.006170776556452693
2025-01-31,-0.009030353729791258,0.0009133120546195065,-0.005266588656509303,0.0023259192801236904,-0.0034733283835709896
2025-02-03,-0.0019457128742324374,-0.021532614344629986,-0.01570326864954474,-0.0319737240643473,-0.001834876019540486
2025-02-04,0.010761977147590704,0.04156796876940624,-0.014295898233608792,-0.006782616711688504,0.0042263846992245625
2025-02-05,0.008527111290824228,-0.009741605336350436,0.012409879410343395,-0.008045404308996232,0.00924999856551931
2025-02-06,0.013284416159129338,0.027626981777955993,0.03548188737209072,0.033086051212656946,0.023643335439145582
2025-02-07,-0.007147498538689038,0.01728302273785323,-0.007436673027365017,-0.0048291583299027606,-0.0039804959691701995
2025-02-10,-0.015520677167405985,0.0005757653838958452,-0.012188606559858359,0.0,-0.017409496325829218
2025-02-11,0.0025679980315995873,0.009167876352832005,0.00469592391399107,0.010699979328281954,0.014468190530469783
2025-02-12,-0.01247332692304863,0.011483868315993392,0.0019705968774611543,0.022624194868914038,0.00167148021862661
2025-02-13,0.00259352817292123,-0.011911796977365621,0.010161156278435285,-0.0031263698160171566,0.003153477014667987
2025-02-14,0.0135063143171906,-0.0021420854798266174,0.030114412195233628,0.004374122747273894,0.000976599896735833
2025-02-19,-0.011238565364583213,-0.011174882257871086,-0.00818653757563678,-0.02453481877773096,-0.0025036587490738097
2025-02-20,-0.015551689343533246,0.008075324490520638,-0.03146437154857035,-0.00597086320782961,-0.045608116891358276
2025-02-21,-0.010875602135365828,0.0035214675353791524,-0.020995789866659745,0.013944650560889463,-0.009641409735900146
2025-02-24,-0.007841560756145156,-0.0005625656521809059,-0.014034085419582138,0.0039632282696982065,-0.011035512115533722
2025-02-25,-0.01176481963914587,0.014386656698066004,-0.005105977464031871,0.01933520877939225,-0.015191044882888733
2025-02-26,0.0,0.00842366979289115,0.01183143815649355,0.03878060367915339,0.005385615418018704
2025-02-27,0.004088078715006387,-0.00151375156471861,-0.002532617626994864,-0.019324181295310355,0.0010041121927481331
2025-02-28,0.04389975573309008,0.0034371657571812967,0.01360046131886267,0.010915769083705083,0.02138725766985985
2025-03-03,-0.011782584324579862,0.01579555807703784,-0.035390584327976995,0.010797900537121673,-0.015344870056812008
2025-03-04,-0.06553417112284576,-0.031984024341739185,-0.06449534422519368,-0.07903281517649742,-0.040602967868277606
2025-03-05,-0.008945492677287394,0.040593179099012715,0.008395760533017545,0.11650794061285384,0.005101783410966749
2025-03-06,-0.019821557863860775,0.03306626616780475,-0.03316442824573782,0.032344787836062504,-0.0200380034310465
2025-03-07,0.004842672040612583,-0.007805510747419268,-0.0017015397867464635,-0.016607228542277173,-0.017430179144909675
2025-03-10,-0.03866041939273318,-0.02821182535122459,-0.04425189627213313,-0.03781860295807123,-0.0424087672706194
2025-03-11,-0.0055387805409150455,-0.020082172540329818,0.0013341695002912779,-0.01253415414749931,-0.013352091955518836
2025-03-12,0.0075452828271815745,0.009955881400765296,0.006644624510575056,0.023984190460997697,-0.0054262783976533205
2025-03-13,-0.006031723878637254,-0.001901729321379373,-0.010652601922573925,-0.009806349929835104,-0.011962382215595134
2025-03-14,0.030290344022605227,0.029076817415957353,0.022793451756458603,0.03436296610983782,0.03168759471571177
2025-03-17,0.013361004715528289,0.028512113653797726,0.016724785422948682,-0.005227871235221623,0.006389837556247733
2025-03-18,0.005054838842199074,0.029093851070190645,0.003995453005172136,0.041733089997074084,0.004435926900823706
2025-03-19,0.013355754063460816,0.00807111180949778,0.017224715032146908,-0.007019078984295926,0.01746579768071004
2025-03-20,0.006376316006902493,-0.022638764776410886,0.00530507086909146,-0.020458859105967273,-0.00041829048909998727
2025-03-21,-0.00023545325548975427,0.008439938425120813,0.0022253216422378017,0.0011227586729331775,0.010902327744909908
2025-03-24,0.01402870872425436,-0.00364431561585384,0.028217176111488437,0.0,0.02626295719848695
2025-03-25,0.0048639106555851425,0.026707980189340504,0.005790945062536639,0.04712165302463647,0.012300073061299762
2025-03-26,-0.010685292361448913,-0.01456994170267917,-0.016654858633880717,-0.010762054056334833,-0.00039826557708812254
2025-03-27,-0.0060905157777235,-0.009121076450350898,-0.01916101372252276,-0.011316738433290528,-0.011660056494249298
2025-03-28,-0.03126358921665933,-0.01415772483425247,-0.021382015437757446,-0.029315956517064565,-0.021468403311970113
2025-03-31,0.011569161905190428,-0.021099456688160764,0.009340381867413745,-0.016589402620995466,0.010037985480994516
2025-04-01,-0.005767897362779576,0.020335322845644568,-0.006358952972410111,0.01951510990440991,-0.0067081884891144
2025-04-02,0.008639278284461,-0.009472717313438437,0.017147351703578534,0.005602302995957034,0.008825864391294127
2025-04-03,-0.11724546361258538,-0.05349579297797206,-0.1293992504752115,-0.07155000319859652,-0.07223226130642339
2025-04-04,-0.07908049944742077,-0.0706903314815427,-0.08124627336628654,-0.1028566148040066,-0.07778676122369677
2025-04-07,0.034017833981146,-0.038143756704748774,0.01230992903754125,-0.039173895449591885,0.019590016875884995
2025-04-08,-0.015578776210737442,0.00136077320641847,-0.0013602510821772219,0.03991854130224137,0.011268086125408845
2025-04-09,0.05875890134443044,-0.03708977838140699,0.08759262265189159,-0.04669219883134446,0.0774749295601101
2025-04-10,-0.03562023179417782,0.05267992693599758,-0.040724588899649,0.06908937373774439,-0.03133856333421923
2025-04-11,0.0027855443593851744,-0.02439149757706497,0.0008114298055877845,0.0037363751975813255,0.03924437998677425
2025-04-14,0.019829813088417882,0.04310570597559117,0.025309785621514997,0.05094369510297452,-0.006285593734399761
2025-04-15,0.035364060405158854,0.029913069670759882,0.017405438738707445,0.025514646505652435,-0.006797051952678691
2025-04-16,-0.017525659008428784,0.0140689378297164,-0.035280219409232955,-0.0012002878502277421,-0.015214027028453857
2025-04-17,0.002140734597616113,-0.011804600749428365,0.01834914097086216,-0.006748779378623163,0.010182822552053574
2025-04-23,0.011158770886447202,0.03025526654264674,0.02674987316260349,0.044006719274036134,0.02220596136904595
2025-04-24,0.021193351816303038,-0.02177414905617448,0.027667963818248747,0.005452009106319409,0.015488762217318111
2025-04-25,0.002775176602360341,0.007997728897021555,0.0039535135672485065,0.018851662374023283,-0.004465387026506694
2025-04-28,0.0022651073506731473,0.017562280621700396,-0.0021944920784142913,-0.003340434777632516,-0.0013559211450551582
2025-04-29,0.005265220121362947,0.009402358449670863,0.00874876393249723,0.04918310666563276,0.00573959753875342
2025-04-30,-0.002754426208509481,-0.0068416241232986,-0.007285387609598764,-0.02428921155656751,0.0
2025-05-05,0.0012167051423233456,0.0,0.002994347290515445,0.018963913491467598,0.0001980977814906467
2025-05-06,-0.006832561515942735,-0.0047256423032439295,-0.011022937554559496,-0.010490992467591156,-0.01319250337956663
2025-05-07,0.00220129961126777,0.00026308445805445305,0.011165333853473685,-0.005287146012284274,0.0005615268886822832
2025-05-08,0.016236790148183966,0.012808989722504665,0.019593248808861097,0.005708874848782272,0.01622754038680869
2025-05-09,0.004556935286214859,0.006472678216015703,-0.0026558256574446925,0.018797552509312292,-0.001539800888054497
2025-05-12,0.036880312357483694,0.01980252011601055,0.04728976027999826,0.02108789270098696,0.027168226534466756
2025-05-13,0.020995813117642332,0.00037943331925642326,0.008771802320797922,0.0020238010301737346,0.011318141523014953
2025-05-14,0.010334965644797661,0.010566099267562884,-0.0037121000813898027,0.0,0.009949979500827523
2025-05-15,-0.008079134068169489,-0.004011991369779191,0.00885962130549841,0.01783434040981726,0.00694001823187306
2025-05-16,0.00696075564463233,-0.0026417767232000816,-0.0031644653510133087,-0.009178025093309068,0.000261773880613252
2025-05-19,0.0017885790800236288,0.03361111902669269,0.005399854268190339,0.013142433544968838,-0.01006695538695629
2025-05-20,-0.001788579080023596,0.006331175938247577,-0.003025592652050825,-0.002178459329326684,0.003015764996556281
2025-05-21,-0.032752476836831884,0.003856626671153704,-0.033220258392269476,0.01104110993724479,-0.017618806571100078
2025-05-22,0.0013863533540261572,-0.0056614326271048395,0.0,-0.014616122646446794,-0.001418428365890956
2025-05-23,-0.0025430124656582193,-0.021652083305437164,-0.004504831891465893,-0.015040902165765988,0.00015329389312577945
2025-05-28,-0.003624798660331412,-0.010909102416635832,-0.005847278030975793,-0.01995584067557199,-0.006808127839784221
2025-05-29,0.004077020122154187,0.0032591911762946783,0.006641878920720314,0.0041051191644136545,0.00333425114212208
2025-05-30,-0.002489575828325375,0.004026750864868245,-0.0027842324088245634,-0.0020504125052729365,-0.0014005494849508265
2025-06-02,-0.0011336695051666072,-0.005589832785107023,0.006352812656448502,-0.006796484759289485,0.0024967267943469627
2025-06-03,0.012848214773448552,0.006626421793056187,0.009584383127744735,0.010279712882638596,0.006064960499576622
2025-06-04,-0.006516278574031428,-0.007539304983149379,-0.001700061249823096,-0.01670658627949863,-0.007728752209929461
2025-06-05,0.000450882496488784,0.011158718361355933,0.0035277091033996577,0.019973881751442202,-0.008628402228365358
2025-06-06,0.019082311766039518,0.008224140067338877,0.020526275422694345,0.007110258008644586,0.014327097042336503
2025-06-09,-0.0022261952652507756,0.00446915079058016,-0.001150877198205813,0.0,0.0037934921909246306
2025-06-10,0.004891035397176558,-0.028429393451915818,-0.0017924458551288455,-0.01222018022068219,0.006949026738313462
2025-06-11,-0.008016006293697904,-0.0009179112539852958,0.004475303971383007,0.01222018022068216,-0.0016768400607814187
2025-06-12,-0.002462253095169703,0.003405434115299468,-0.0019154927463007458,-0.012425027219004405,0.00033559303100428364
2025-06-13,-0.011949118262655437,-0.01581490824746806,-0.024194205481065857,-0.021336987819121665,-0.012340963137783613
2025-06-16,0.007231646407310399,0.029063487980150595,0.022146821015712862,0.023588970466174305,0.0202132752846959
2025-06-17,-0.0040613861493264385,-0.019939331601652954,-0.009136000744903797,-0.021288394224997273,-0.0031118025721281303
2025-06-18,0.018591701901333104,0.007866789835607615,0.01271615249059666,0.007492239838687686,0.016339578983550217
2025-06-23,0.017429578074518337,-0.016556150463271947,0.011533048501947286,-0.00543256358779107,0.011820742056228113
2025-06-24,0.007745322014263433,0.030987027777580518,0.02218139804839109,0.05204720396942512,0.010687729383634551
2025-06-25,0.004063677133196472,-0.002257682294887382,0.01819677405654905,0.0019869377130664096,0.009905966288297386
2025-06-26,0.012936252298510467,0.0007973794550783772,0.020839229661868252,0.013798798651156737,0.016375764151677817
2025-06-27,-0.007189626805025114,0.02142431988619183,0.00011845719915283549,0.017850649428401637,-0.005695916722321502
2025-06-30,0.00423552682685815,-0.0075707969104206714,0.008731704389974174,-0.03244368664159531,0.00970521208428063
2025-07-01,0.017387991592565457,-0.014783986879177756,0.013419773009258536,-0.03682392767940905,0.0017231401905186696
2025-07-02,0.011563252262740624,0.018837485191445343,0.005663908782168695,0.015136224280639876,0.005460171389588415
2025-07-03,0.004506323039989893,-0.0006526249667988416,0.022339658056535275,0.009496029843611418,0.018411620399683463
2025-07-08,-0.03152321527528101,0.006170005929255912,-0.023446098372136934,0.006223107990436008,-0.03198182580749587
2025-07-09,-0.0065965208110201025,0.03168733676884489,0.0025677324074511853,0.03326088853122454,0.0013429927819139991
2025-07-10,0.0027715213004783704,-0.012246592839285472,0.014924647102082685,-0.004073260096585598,0.017607700685888992
2025-07-11,-0.0051227267376703755,-0.01695722906111671,-0.00402728305085423,-0.013304892626907188,-0.004625694439191658
2025-07-14,0.00724949584481394,0.0010437867156097734,0.008838853523906879,0.004716043051561418,0.006393920203561175
2025-07-15,-0.01973887181180061,-0.005885802657708277,0.036139088448644725,-0.005307086114065423,-0.00747503086891191
2025-07-16,-0.0026036367251370944,-0.001969657845595376,-0.007746022406775741,0.0,-0.0025507611176684695
2025-07-17,0.021279730610633305,0.01396610471112403,0.03353493580825649,0.022796904239613097,0.014173710725137872
2025-07-18,0.00636003667459291,0.008903773140510633,0.003859777428339184,-0.0038602851282745396,0.00471464676352627
2025-07-21,0.0033754377784572897,-0.0012854713193140434,-0.008597576889698316,0.010771436392966809,-0.0010305752021117396
2025-07-22,0.00608928880987753,-0.008525976346952553,0.01446570303950125,-0.009032490466830042,0.0015797813431352647
2025-07-23,0.00771554971341141,0.017999916219897206,0.0209493238535113,0.019499769366711696,0.01812389707065274
2025-07-24,0.005179741925118471,0.003942257243375,-0.006270203977518426,0.08732683485999351,-0.0007079426120110444
2025-07-25,0.0012392136000049182,0.0010148920394557317,0.007103333491216043,-0.01608985533468254,0.006956094708645308
2025-07-28,-0.004551149724101442,-0.019072579335555825,-0.005427382177396081,-0.010634616754297575,-0.0011392991980596337
2025-07-29,-0.005822454465052419,0.014115430052724918,-0.01126158436974687,0.018187136017458586,-0.00416581259440521
2025-07-30,0.00020861912409543787,0.007489779489164313,0.013978957513588202,0.01820594702202363,0.008681555745154055
2025-07-31,-0.014491488826327056,0.012442714469255753,-0.02226896330247569,-0.003959711065049508,-0.011378513651942505
2025-08-01,-0.034653183905174204,-0.04509346741471721,-0.020158978132702402,-0.031186818598838227,-0.023463743552403656
2025-08-04,0.004152491106053398,0.025415795514874596,0.00927381717312859,0.03273819483690464,0.016757591424979294
2025-08-05,-0.0063449225725943515,-0.001529907276710582,-0.006100222433111325,-0.0003445801892587205,-0.009869850561398058
2025-08-06,-0.0030777409420744777,0.01166949726111759,0.007727966982316971,0.025851803910884583,-6.86484168414081e-05
2025-08-07,-0.011069392514963944,0.0025188120945035574,-0.010901646687613445,0.0,-0.015252049940980906
2025-08-08,0.023975526003565655,0.024846008617168357,0.01630818251875914,0.041761749245761565,0.006322878312808719
2025-08-11,0.003254921369045869,0.0006133389501711561,-0.004539661104515737,0.0032154549432624503,0.002766508519401877
2025-08-12,0.02861622328330342,0.0024494021123787246,0.03648381761403362,-0.004988330708657827,0.011298049858075266
2025-08-13,-0.005488721923381097,0.014451763118636511,-0.01145038293504583,-0.002584387064078172,-0.007953717404253168
2025-08-14,0.00989990401479155,0.011984710226025404,0.00852139567718984,0.0,0.012417017789280007
2025-08-15,-0.016270828239401517,-0.0028633243261233375,-0.018715659937158048,0.010617862488817527,-0.01255482290780189
2025-08-18,0.020662799068746195,-0.01698933855037014,0.005640939355408244,0.005426146431541598,0.003573801937226149
2025-08-19,0.003333325648485901,0.006902887102910641,-0.005107527730508141,0.0036539797883516486,-0.0029886074888235644
2025-08-20,0.0055998635327722335,0.0054161261170146335,-0.006099106224987586,-0.008120484776635812,0.005421031932125845
2025-08-21,-0.0018631658569730012,-0.007107136929845845,-0.0062446905915004266,0.009071456118742877,-0.0026382707772983883
2025-08-22,0.024965507528347287,0.007946963224069858,0.028428878947413683,0.004426197275738915,0.016232831275903904
2025-08-25,0.0,-0.036021117096832096,-0.00273315257752704,0.003464025642426958,-0.0045335194858504525
2025-08-26,0.015442076176523994,-0.04319244744762812,0.007550400046799499,-0.012813589834919117,0.012368022868734972
2025-08-27,0.002583686734303924,-0.0065120327113608765,0.011942640760307441,-0.03417062086389191,0.0023752416885406986
2025-08-28,0.002181047745573068,0.004823080882084952,-0.0005164120618700669,-0.00412709525088409,0.005963210865767549
2025-08-29,0.004939250912899536,-0.000910732388657043,-0.0025852654510741748,-0.0064724949681328105,0.0011619264617166447
2025-09-03,-0.007165574212166095,0.0032866135474278937,0.0026342713457454077,0.0035297219963513374,-0.0006341094013954205
2025-09-04,0.011124433336686713,0.017821535459915192,0.021342835966925208,0.015318348304326405,0.014287588522144198
2025-09-05,-0.011387599560987336,-0.013499611721142979,-0.017456759920429263,-0.012972036805864682,-0.031564007384851954
2025-09-08,-0.006248126813881591,0.0023495732412745418,0.00491441986441567,0.005342226757688643,-0.005006089596516062
2025-09-09,0.016642074056297165,0.015139173675714268,0.015216851931036841,0.016676637916666945,0.01672473231382538
2025-09-10,-0.003186646380212909,0.003717108258533608,-0.0017479372185190928,0.008803490771991941,0.008990757550597394
2025-09-11,0.012291978158322938,0.015866354933959735,0.01683805184279411,0.020403937152386396,0.016565338373644423
2025-09-12,-0.003355310430506566,-0.0013861419374276926,0.006254377021976092,0.0036510797235009733,0.004408391663875994
2025-09-15,0.0001975934767648432,0.012905043951936744,0.0035135127430772975,0.011344077472169273,0.0064629045654571934
2025-09-16,0.0013827472800938486,-0.014545813985879877,0.008481826996116954,-0.03507454183209131,0.0009384405475050278
2025-09-17,0.014501539734935542,-0.019128364639001326,0.01106735701813028,-0.0025995029294741544,0.008245688931381494
2025-09-18,0.014102454670309959,0.009227322755515917,0.0063672641682596285,-0.009316092901634036,0.004736194701333269
2025-09-19,0.002299238011723962,0.015317654891987244,0.0026329546162239,0.015317244597645701,0.004936188316925597
2025-09-22,-0.006335854881420832,-0.011625055019275585,0.00785767274643223,0.0,-0.007461560400919563
2025-09-23,-0.004246290565400308,0.003172442943973383,-0.004745961833529402,-0.00016171202231758672,0.0009596918787714564
2025-09-24,0.0,-0.009036044591490188,-0.01319348798588037,-0.0058394396736939445,0.002172121755438379
2025-09-25,0.0028971225203816755,0.0026811658516911604,0.004515104569212607,-0.019051339368731976,9.572031893341996e-05
2025-09-26,0.0069191728743054496,0.02216806192611506,0.012747696053114122,0.01301389159948456,0.008292005079461566
2025-09-29,0.004014093211344725,-0.0011614876455479906,-0.0025170806928992077,-0.017167730505902687,-0.0011712356138277417
2025-09-30,-0.01596027733131306,-0.0015505146728359697,-0.016222508439803735,0.0,-0.0008239898251448029
2025-10-01,-0.017796522000592636,0.012976280605043302,-0.027872559215686547,0.0021621126701069876,-0.015076754567138207
2025-10-02,-0.003954095196096695,-0.010393355934845097,-0.013976282389018857,-0.001662763699019607,-0.010222340684173855
2025-10-03,0.0031645107274487125,0.00604387642170198,0.004100912009061539,0.007626015548302585,0.008031452490476397
2025-10-06,-0.004948982553730065,-0.03257614308874392,0.003166671800485997,-0.013635054519784803,0.0021044888331783504
2025-10-07,-0.0019864713263585743,-0.011590084428534458,-0.002552951230206226,-0.001005037491031674,-0.004830889626621897
2025-10-08,-0.008988434075660608,0.007608587319834345,-0.011311162041298723,0.021716574108930714,-0.011966359263109868
2025-10-09,-0.0010037031649559416,0.0045111676695389884,-0.008098875327100692,-0.0021341373854600635,0.0049215784387047325
2025-10-10,-0.023162277406528348,-0.0005296705608388797,-0.020964737764892823,-0.01140411571677342,-0.015303112485246165
2025-10-13,0.004307195421551592,-0.0007949281155461338,0.022839570233547497,0.013866158113074466,0.02325755309177916
2025-10-14,0.024862322044133283,0.004100775656813381,0.03817954524511999,-0.002133436958945762,-0.01931053886433947
2025-10-15,0.04279251301971327,0.014156689945085853,-0.0006011768288968804,-0.011732721154128805,0.01187966536779382
2025-10-16,-0.03582946311852351,0.014857258582264958,-0.035914859045723634,0.013866158113074466,-0.023667636439974726
2025-10-17,0.016516293882502312,-0.040432123784211335,0.008379465465384673,-0.06257322506815546,-0.003287973059531016
2025-10-20,0.01471189432425554,-0.08046555967015195,0.022713313867448234,0.012831801061481534,0.016002387675059772
2025-10-21,-0.010042509656580833,-0.017076930015862114,-0.010630422316373787,-0.01073979342395564,-0.017583176952028774
2025-10-22,-0.008185617601835801,0.006456369179176172,-0.020046931822402095,-0.004713238581825977,-0.010081361213388524
2025-10-23,0.01283315140839461,0.005106122727155191,0.0040416175659772026,0.006974715293553373,0.00146112236759374
2025-10-24,0.015527932752006323,-0.003498494027669913,0.021385305508891218,0.007788936264556889,0.019833238872065707
2025-10-27,0.008523641466687402,0.010314568238856318,0.022126314190165038,0.005159009844807085,0.012272815341959509
2025-10-28,-0.002833173300174019,-0.03605194019098447,0.003952911760710198,0.015488396816234073,0.003970381577478689
2025-10-29,-0.005500133702077545,0.0029922762657314302,-0.02264315488930054,0.04829947104760598,0.0004911821604227755
2025-10-30,0.008521808019020789,-0.007045986504230847,0.011036519413716047,0.0020898797972725212,0.012781779597807073
2025-10-31,0.007888950819972974,0.008836946745677988,0.010027360651862235,-0.006606029095319071,0.0054143782903968455
2025-11-03,0.0020558470230360574,-0.015932931672254468,0.009691465056012457,0.015399724594801826,-0.005705275679017489
2025-11-04,-0.0003734499458456339,0.0,-0.005922352620503598,0.004130297419080121,-0.00032336288111782616
2025-11-05,-0.02056871669358089,-0.00030308167390235484,0.00670942186383226,0.0,0.007827002212750024
2025-11-06,0.015888352622844177,-0.009747315495125457,-0.008294789967465277,-0.0069997749345319426,0.005567193966407921
2025-11-07,-0.0016902964381803837,0.0022930943625318495,-0.0005950660594961034,0.0,0.0025172842072458267
2025-11-10,0.004126810764323447,0.02279521392418251,0.006921058138636646,0.0,0.00849318208905861
2025-11-11,0.003923421115154175,0.008175474782809503,-0.007218724009940728,0.03698327756655691,-0.004015796542105802
2025-11-12,0.008910403775859829,0.025432527473570093,0.020724639876808386,0.025817558904501253,0.015062535162789251
2025-11-13,-0.02318299736052665,0.004320134671251146,-0.021618322573218652,0.0,-0.034707902380199454
2025-11-14,-0.004929860660162843,-0.010981039484079674,-0.003682067354578247,-0.04539251257706241,-0.01914964313727898
2025-11-17,-0.021712779821188657,-0.00772995386275525,-0.02126127711750232,-0.03366356535332197,-0.010728892415004583
2025-11-18,0.003103135266112946,-0.02385471192150726,0.0013230725205019354,-0.04378083674729939,-0.0032011179660720833
2025-11-19,0.007331720254269058,0.00568170065857061,0.01524123886559023,0.012801231639677285,0.012809587911146546
2025-11-20,-0.01980261098776701,0.043044040005919236,-0.022283949624000318,-0.0015073970393164942,-0.01625557581322545
2025-11-21,0.01092056417626936,0.00640628715546061,0.010900128687417687,-0.0150302528461577,-0.001207273129406522
2025-11-24,0.007150373986849645,-0.0007097863551214316,0.00998045123694244,0.004922359860485564,-6.710199562715863e-05
2025-11-25,0.010535522917940358,0.01898914772566484,0.014736891879334026,0.011782631057436571,0.016639236764600832
2025-11-26,0.009671100739207164,0.007910698793090407,0.0130605036911883,0.024790537575191545,0.015197554611837881
2025-12-01,-0.0076715234497603205,-0.003398419432637957,-0.008919961711216728,-0.00392803982959437,-0.013376325628486296
2025-12-02,-0.0009396472489042548,0.022085439419601827,0.0049545928774238305,0.02061257826486441,-0.003372251816625616
2025-12-03,0.016778954645003587,-0.011116423607753998,0.033636713505586724,-0.01684795290672777,0.013709697012462588
2025-12-04,0.001293260492918702,0.019208304459714668,0.009976311940013454,0.012339865630192471,0.012638909341582634
2025-12-05,0.0012984164958975163,-0.003971482546196472,0.01006136174136844,0.004186767762301036,-0.003358999423547948
2025-12-08,-0.0009272479578438123,0.01356983916897934,0.00036729974219044617,0.013407996637243125,0.0005393404279066412
2025-12-09,-0.006701415442363748,0.014549547441413792,0.004671477955081561,0.01869218525463142,-0.047757951935089235
2025-12-10,0.01003539266205335,-0.006858670095579007,0.015055523880322646,-0.003898008050597412,0.03144587004051251
2025-12-11,0.008836596570330691,0.021326584199173382,0.0058341307244248785,0.018726822176816746,0.023172809175109766
2025-12-12,0.01057433419335143,-0.007399913567985936,0.0005368369211575028,-0.03177839295000252,0.0035855286476689906
2025-12-15,0.00343989478342745,0.012598017379853688,0.008904816347624947,0.015859657440290473,0.0046981163071177275
2025-12-16,-0.009442625441471614,-0.0027858203983849123,-0.013566843946305713,-0.008919564958688172,-0.014066270322816444
2025-12-17,-0.0047549256081250765,0.015351985435425815,0.001616226263675147,0.0,-0.001807982342893643
2025-12-18,-0.0053304464582358295,0.0019959465414907127,0.01221644733806773,0.0,-0.006306010399505669
2025-12-19,0.018443021973248205,0.004476488853712188,0.017831786191883324,0.035665664538784225,0.013360772004103209
2025-12-22,0.010976272394151314,-0.004351868252551622,0.027732960657751486,-0.0003033217836995184,0.01836700424316058
2025-12-23,0.0016092754792975488,0.004476029724217615,0.011032236301928391,0.010414320549866104,0.008751662703509428
2025-12-30,-0.0012654847479800482,0.0109100046408011,-0.00781843871085118,0.010932403078748985,-0.0010197228054825737
2026-01-05,0.016661064567484982,-0.0006104529608435244,0.03802111913696734,0.007421688705084454,0.025959752187630917
2026-01-06,0.006308108077442764,-0.016006248610052377,-0.006509395643075712,-0.011901309421655076,0.0062053929031204305
2026-01-07,-0.02852532138453253,-0.010856883260821173,-0.009267321841100126,-0.0121961908155777,-0.023036011013233864
2026-01-08,0.009658522513326264,0.03452874840398558,-0.00636442145136646,0.006492988864294982,0.008526569854552704
2026-01-09,-0.005891348942837984,0.05540601660855785,0.005952368192558826,-0.004979234683752211,-0.0018210250089542024
2026-01-12,-0.011887716501112186,-0.0025260790022180435,-0.03029267230990937,0.02080752492960019,-0.014380425605693796
2026-01-13,-0.01184741722669258,-0.0009201914437753,-0.011965900983421585,-0.001779381703296734,-0.04278343102774511
2026-01-14,-0.038502232727997195,0.001150107060519386,-0.03402007950109991,-0.0011879375721778362,-0.009793651418856058
2026-01-15,0.0020938617302679835,0.004358293109165069,0.043944804820027425,0.0019297412072675003,0.004504770045271333
2026-01-16,0.007199746091993169,-0.0019474553337483261,0.004925733114087913,-0.004906009529458432,0.010326047243987155
2026-01-21,-0.0005759733685379361,-0.007666388494318833,0.00935327393580377,-0.00914516208640176,-0.002314810213013938
2026-01-22,0.007271386195135252,0.029753494268671896,0.01568521555049478,0.03938844917298164,0.005250310824327182
2026-01-23,-0.014015752358098614,-0.002379782144641424,-0.018059488240041766,-0.015539393428093103,-0.01965642468272302
2026-01-26,0.005783697304982397,0.004527960501541245,0.010770246038634813,0.008176948393575639,0.011089715494938422
2026-01-27,0.0028793158789284547,0.018020582586936673,-0.0002612218350667351,0.01124701507617144,-0.0024278877637323596
2026-01-28,-0.00692441112859258,0.0026586529150849124,-0.0051531231606430595,-0.02003223572024295,0.0015305243848789838
2026-01-29,0.02421707217421443,-0.003879608455852052,0.008718421520353164,-0.012553738676402094,0.018611005138201117
2026-01-30,0.0022581545508381473,0.012800851232814145,0.004417312418353042,0.02570282528216556,-0.0017311883910966594
2026-02-02,0.015481021145486364,0.012855582765769065,0.009682827841428711,0.004045937464019773,0.0073287043848137435
2026-02-03,0.007743432349402734,-0.004991876217003429,0.012652969380473587,0.010265516612021188,0.021542034378686167
2026-02-04,0.01693570527054292,-0.010828590954379427,-0.0023815368076575616,-0.05538376869051619,0.007656734308570678
2026-02-05,-0.007976908440333729,0.011481216693961002,-0.01449612964706937,-0.040222390262732374,-0.022664734132697848
2026-02-06,0.02852979588731724,0.012961922334306437,0.058314580933039185,0.017756725298473535,0.03870470134328125
2026-02-09,-0.002124992571064535,0.012902009468317965,0.008764075557103766,0.01634561682680581,-0.0009309212422876678
2026-02-10,-0.01824738933523872,-0.014513123030232635,-0.013175148783493797,-0.007266999465473176,-0.011930613371987633
2026-02-11,-0.028196710949834215,-0.003553613236698138,-0.03974811704470555,-0.007799441342081737,-0.023717470307108628
2026-02-12,-0.025008309880312416,-0.012046338602408075,-0.054621047362729394,-0.014972532242867325,-0.026670039445088584
2026-02-13,0.0005710397291387086,-0.024201327235978502,-0.002612501905406642,-0.04055167016995047,-0.000297518088075741
2026-02-18,0.011687174007037168,0.0201485169185247,0.02164833382372048,0.022344525475478574,0.005357947709989414
2026-02-19,-0.011118515661054075,-0.004359616929050417,-0.006211701024685261,-0.0192157011601327,-0.002366957286842122
2026-02-20,0.005480471218205529,0.009439621711612303,0.0038868077198408943,0.02082728225643266,0.008855417746405799
2026-02-23,-0.03822610203326119,0.011753611076385772,-0.04631476786091811,-0.012150806107046885,-0.043131932248379516
2026-02-24,-0.013007713677850127,-0.01439622647116212,-0.01080311146924243,-0.017594828339927163,-0.0012439224544363939
2026-02-25,0.02507476442933938,0.019806804133432793,0.04270416265938169,0.015146849070719894,0.019980692548477445
2026-02-26,0.011732036815440987,-0.0007266440947442682,0.016050345341445175,0.014276689603660736,0.009287507213018631
2026-02-27,-0.04837909375813967,-0.008342139395595886,-0.05302060526155177,-0.02429399770755759,-0.01922789973615387
2026-03-02,-0.0004014137858027076,-0.03646846965527739,0.011369830137455739,-0.03510315003734587,-0.009166072543786267
2026-03-03,0.0032070379105734515,-0.04180438081141315,-0.006210300816045321,-0.04403225580699001,0.009032868260417895
2026-03-04,0.006582157731435428,0.011372102779224376,0.005043187027070249,0.02190901496496899,-0.0029015916796602814
2026-03-05,-0.009789195642008806,-0.025972560947628807,-0.021519868017652148,-0.024592066328488964,-0.01969921744586808
2026-03-06,-0.018132373862761068,-0.007844132687100746,-0.022462436552683828,-0.036109035181091445,-0.013961698322916757
2026-03-09,-0.0153306888371867,-0.011882651178110128,0.0005630419548808045,-0.014025461872568954,0.0015188647848769497
2026-03-10,0.013684638759156518,0.035006448283026605,0.02208294130675209,0.03370060137467273,-0.0041130934450325195
2026-03-11,-0.0008240815211501091,0.01203550303654042,0.0020169338287102626,-0.011905933273722899,-0.004199636373271189
2026-03-12,-0.029066329911575168,-0.04154903059293021,-0.03437856040221006,-0.054138894351407583,-0.016234147555854866
2026-03-13,-0.008737398950775131,-0.010662713034959082,0.0017993693670352718,-0.008399319671178605,0.0019422620420009365
2026-03-16,0.007251047832885822,-0.00011790110868463903,0.015584161634370658,0.015956740345692274,0.009550618570554082
2026-03-17,0.004663934798327863,0.011712505905007217,0.0033479229564027137,-0.0013522690717030872,0.0025477887165774237
2026-03-18,-0.009563284983762724,0.01639960297504578,0.008873357767064285,-0.0030977628208251904,0.0029583227196851086
2026-03-19,0.003836247036089967,-0.03271740934873401,0.010799977173938399,-0.02493501219337413,0.0007990916845014822
2026-03-20,0.003185763102058213,-0.028329770828143093,-0.0030086098222537067,-0.015628401520854443,-0.004908409284809593
2026-03-23,0.007604612253829506,0.014745231901909133,0.019172270570660635,0.013837551949077305,0.011622605478842031
2026-03-24,0.012962734988784334,-0.004931148651394628,0.01863571371167863,-0.004591274823923858,0.00855221076417148
2026-03-25,0.01259177776760845,0.016383040013036428,0.006485018554285997,0.03170493961774875,0.010275397589799258
2026-03-26,-0.010516610230838934,-0.029367818781462694,-0.018247189867725284,-0.021156622502450928,-0.012809400387150552
2026-03-27,-0.026679461185118245,-0.009696282857918305,-0.0457790151647025,-0.013554027228229567,-0.030707352823342214
2026-03-30,0.005520148187904177,-0.001975344724888814,-0.001024921610015325,0.0038056672002074283,0.003282676028334868
2026-03-31,0.03167592322805299,0.0008645964891599342,0.055660612471850585,0.004189544067993515,0.035959785115019356
2026-04-01,0.010610188402936361,0.052786198612192844,0.016527804977859276,0.04857209999017216,0.004138887261597685
2026-04-02,0.0022301197007638896,-0.024663216622985495,-0.000433762357898061,-0.026519637304771023,-0.0026441690580456417
2026-04-08,0.03132602059249034,0.07210946312077868,0.052875743340773364,0.07042248003200485,0.03492436609280152
2026-04-09,0.015871793461544135,-0.005460546910518337,0.011513381964236671,0.003992022128773998,0.007633824547559188
2026-04-10,-0.0032303718152425533,0.00934273737824203,-0.004251735243655276,0.0036152818210190324,-0.0014833652144623153
2026-04-13,0.015299147463737018,-0.0062188121837227035,0.015079826283624202,-0.008152878002026293,0.012220495705707442
2026-04-14,0.0,0.014816816642168421,0.02579683762525468,0.03749096544504581,-0.008194660481557389
2026-04-15,0.018018528485859456,0.0028495943415010484,0.016152234016920335,-0.008622972964796279,-0.01682238048071303
2026-04-16,-0.01502395667646515,-0.01023056065668137,-0.01800613784923032,-0.008341559240308397,0.013054739859327459
2026-04-17,0.007447465677293735,0.04158241307982965,0.021720039870665016,0.030020671603311743,0.00109633806452379
2026-04-20,0.0007417192125876319,-0.01797992360256025,0.006560381294426408,-0.022032707552201505,0.02136282523469408
2026-04-21,-0.008749962171533733,-0.004979986674228372,-0.010350306575289493,-0.007809768147812788,-0.01266700629086484
2026-04-22,-0.006754258613625093,-0.0153109031051267,-0.01491930808602588,-0.00805091624181898,6.38606243552674e-05
2026-04-23,-0.01231188409718482,-0.004750076726909283,-0.009448706324371024,-0.022158440573353744,-0.004257939203310609
2026-04-24,-0.008036820560243053,-0.014499383248244197,-0.0041326551980497605,-0.006079083712518616,-0.011000655011127592
2026-04-27,0.011081539257326327,0.012837113890100312,0.009023104298993336,0.002030421539859374,0.01080814535934668
2026-04-28,0.0005698315100725201,0.01497158128079377,-0.004734777491856156,0.006616463208037222,-0.0005777514150707867
2026-04-29,0.004169064571723351,-0.011097126558714617,-0.007183571988488845,-0.018488189942954633,-0.007088839621748922
2026-04-30,0.010908477843026563,-0.014243029536482977,0.0028952451813516952,-0.011070568840962735,0.012787768771847204
